id_material,mes_anio,demanda_mensual,reposicion_mensual,stock_actual_fin_mes,stock_minimo,costo_unitario
1000,2018-01,211,85,799,32,1.03
1000,2018-02,341,181,799,32,1.03
1000,2018-03,145,115,799,32,1.03
1000,2018-04,150,150,799,32,1.03
1000,2018-05,70,107,799,32,1.03
1000,2018-06,191,232,799,32,1.03
1000,2018-07,173,182,799,32,1.03
1000,2018-08,92,250,799,32,1.03
1000,2018-09,263,295,799,32,1.03
1000,2018-10,187,242,799,32,1.03
1000,2018-11,259,101,799,32,1.03
1000,2018-12,196,151,799,32,1.03
1000,2019-01,127,147,799,32,1.03
1000,2019-02,223,124,799,32,1.03
1000,2019-03,184,173,799,32,1.03
1000,2019-04,233,244,799,32,1.03
1000,2019-05,174,161,799,32,1.03
1000,2019-06,37,41,799,32,1.03
1000,2019-07,149,108,799,32,1.03
1000,2019-08,137,137,799,32,1.03
1000,2019-09,97,97,799,32,1.03
1000,2019-10,103,150,799,32,1.03
1000,2019-11,145,145,799,32,1.03
1000,2019-12,117,110,799,32,1.03
1000,2020-01,187,163,799,32,1.03
1000,2020-02,117,261,799,32,1.03
1000,2020-03,214,54,799,32,1.03
1000,2020-04,22,48,799,32,1.03
1000,2020-05,157,222,799,32,1.03
1000,2020-06,219,216,799,32,1.03
1000,2020-07,191,103,799,32,1.03
1000,2020-08,139,200,799,32,1.03
1000,2020-09,180,306,799,32,1.03
1000,2020-10,238,51,799,32,1.03
1000,2020-11,39,132,799,32,1.03
1000,2020-12,233,197,799,32,1.03
1000,2021-01,125,96,799,32,1.03
1000,2021-02,141,405,799,32,1.03
1000,2021-03,195,134,799,32,1.03
1000,2021-04,177,194,799,32,1.03
1000,2021-05,219,97,799,32,1.03
1000,2021-06,145,91,799,32,1.03
1000,2021-07,203,245,799,32,1.03
1000,2021-08,161,168,799,32,1.03
1000,2021-09,194,89,799,32,1.03
1000,2021-10,209,255,799,32,1.03
1000,2021-11,180,212,799,32,1.03
1000,2021-12,160,195,799,32,1.03
1000,2022-01,230,101,799,32,1.03
1000,2022-02,125,193,799,32,1.03
1000,2022-03,167,108,799,32,1.03
1000,2022-04,166,157,799,32,1.03
1000,2022-05,142,142,799,32,1.03
1000,2022-06,101,101,799,32,1.03
1000,2022-07,89,91,799,32,1.03
1000,2022-08,91,129,799,32,1.03
1000,2022-09,122,204,799,32,1.03
1000,2022-10,122,0,780,32,1.03
1000,2022-11,51,51,799,32,1.03
1000,2023-01,123,257,799,32,1.03
1000,2023-02,155,213,799,32,1.03
1000,2023-03,301,109,799,32,1.03
1000,2023-04,91,110,799,32,1.03
1000,2023-05,212,209,799,32,1.03
1000,2023-06,69,53,799,32,1.03
1000,2023-07,142,165,799,32,1.03
1000,2023-08,189,384,799,32,1.03
1000,2023-09,304,86,799,32,1.03
1000,2023-10,104,113,799,32,1.03
1000,2023-11,121,177,799,32,1.03
1000,2023-12,157,92,799,32,1.03
1000,2024-01,101,152,799,32,1.03
1000,2024-02,160,133,799,32,1.03
1000,2024-03,76,96,799,32,1.03
1000,2024-04,132,109,799,32,1.03
1000,2024-05,67,46,799,32,1.03
1000,2024-06,182,257,799,32,1.03
1000,2024-07,223,148,799,32,1.03
1000,2024-08,226,258,799,32,1.03
1000,2024-09,76,61,799,32,1.03
1000,2024-10,229,261,799,32,1.03
1000,2024-11,174,141,799,32,1.03
1000,2024-12,112,96,799,32,1.03
1000,2025-01,140,284,799,32,1.03
1000,2025-02,178,194,799,32,1.03
1000,2025-03,284,124,799,32,1.03
1000,2025-04,128,161,799,32,1.03
1000,2025-05,136,103,799,32,1.03
1000,2025-06,160,248,799,32,1.03
1000,2025-07,150,87,799,32,1.03
1000,2025-08,180,155,799,32,1.03
1000,2025-09,49,49,799,32,1.03
1000,2025-10,112,112,799,32,1.03
1001,2018-01,123,139,592,33,8.30
1001,2018-02,160,149,592,33,8.30
1001,2018-03,251,50,592,33,8.30
1001,2018-04,112,240,592,33,8.30
1001,2018-05,234,89,592,33,8.30
1001,2018-06,194,206,592,33,8.30
1001,2018-07,182,141,592,33,8.30
1001,2018-08,163,264,592,33,8.30
1001,2018-09,229,160,592,33,8.30
1001,2018-10,170,245,592,33,8.30
1001,2018-11,209,191,592,33,8.30
1001,2018-12,137,132,592,33,8.30
1001,2019-01,229,52,592,33,8.30
1001,2019-02,231,114,592,33,8.30
1001,2019-03,173,132,592,33,8.30
1001,2019-04,119,128,592,33,8.30
1001,2019-05,97,88,592,33,8.30
1001,2019-06,58,91,592,33,8.30
1001,2019-07,137,203,592,33,8.30
1001,2019-08,212,201,592,33,8.30
1001,2019-09,158,154,592,33,8.30
1001,2019-10,160,268,592,33,8.30
1001,2019-11,316,169,592,33,8.30
1001,2019-12,163,140,592,33,8.30
1001,2020-01,104,148,592,33,8.30
1001,2020-02,113,47,592,33,8.30
1001,2020-03,158,203,592,33,8.30
1001,2020-04,151,341,592,33,8.30
1001,2020-05,215,212,592,33,8.30
1001,2020-06,199,92,592,33,8.30
1001,2020-07,118,203,592,33,8.30
1001,2020-08,231,116,592,33,8.30
1001,2020-09,167,205,592,33,8.30
1001,2020-10,171,144,592,33,8.30
1001,2020-11,240,164,592,33,8.30
1001,2020-12,194,326,592,33,8.30
1001,2021-01,225,63,592,33,8.30
1001,2021-02,54,110,592,33,8.30
1001,2021-03,180,190,592,33,8.30
1001,2021-04,164,98,592,33,8.30
1001,2021-05,142,151,592,33,8.30
1001,2021-06,237,239,592,33,8.30
1001,2021-07,47,36,592,33,8.30
1001,2021-08,58,58,592,33,8.30
1001,2021-09,77,135,592,33,8.30
1001,2021-10,220,190,592,33,8.30
1001,2021-11,73,45,592,33,8.30
1001,2021-12,132,154,592,33,8.30
1001,2022-01,137,115,592,33,8.30
1001,2022-02,103,103,592,33,8.30
1001,2022-03,40,40,592,33,8.30
1001,2022-04,166,170,592,33,8.30
1001,2022-05,154,359,592,33,8.30
1001,2022-06,172,139,592,33,8.30
1001,2022-07,125,408,592,33,8.30
1001,2022-08,229,196,592,33,8.30
1001,2022-09,171,195,592,33,8.30
1001,2022-10,212,82,592,33,8.30
1001,2022-11,124,243,592,33,8.30
1001,2022-12,179,80,592,33,8.30
1001,2023-01,207,210,592,33,8.30
1001,2023-02,253,103,592,33,8.30
1001,2023-03,105,219,592,33,8.30
1001,2023-04,160,132,592,33,8.30
1001,2023-05,240,274,592,33,8.30
1001,2023-06,199,101,592,33,8.30
1001,2023-07,182,100,592,33,8.30
1001,2023-08,284,207,592,33,8.30
1001,2023-09,56,0,570,33,8.30
1001,2023-10,123,150,592,33,8.30
1001,2023-11,124,299,592,33,8.30
1001,2023-12,89,230,592,33,8.30
1001,2024-01,242,101,592,33,8.30
1001,2024-02,193,217,592,33,8.30
1001,2024-03,179,214,592,33,8.30
1001,2024-04,258,52,592,33,8.30
1001,2024-05,182,258,592,33,8.30
1001,2024-06,147,142,592,33,8.30
1001,2024-07,141,45,592,33,8.30
1001,2024-08,76,46,592,33,8.30
1001,2024-09,148,174,592,33,8.30
1001,2024-10,170,158,592,33,8.30
1001,2024-11,252,239,592,33,8.30
1001,2024-12,227,246,592,33,8.30
1001,2025-01,121,101,592,33,8.30
1001,2025-02,48,48,592,33,8.30
1001,2025-03,159,200,592,33,8.30
1001,2025-04,221,341,592,33,8.30
1001,2025-05,195,226,592,33,8.30
1001,2025-06,182,98,592,33,8.30
1001,2025-07,285,203,592,33,8.30
1001,2025-08,171,154,592,33,8.30
1001,2025-09,27,102,592,33,8.30
1001,2025-10,190,191,592,33,8.30
1002,2018-01,138,199,824,16,40.33
1002,2018-02,190,99,824,16,40.33
1002,2018-03,225,0,804,16,40.33
1002,2018-04,297,196,824,16,40.33
1002,2018-05,191,246,824,16,40.33
1002,2018-06,277,155,824,16,40.33
1002,2018-07,110,53,824,16,40.33
1002,2018-08,152,152,824,16,40.33
1002,2018-09,116,192,824,16,40.33
1002,2018-10,150,367,824,16,40.33
1002,2018-11,191,332,824,16,40.33
1002,2018-12,229,155,824,16,40.33
1002,2019-01,247,233,824,16,40.33
1002,2019-02,147,140,824,16,40.33
1002,2019-03,309,258,824,16,40.33
1002,2019-04,145,58,824,16,40.33
1002,2019-05,268,290,824,16,40.33
1002,2019-06,292,252,824,16,40.33
1002,2019-07,270,129,824,16,40.33
1002,2019-08,266,395,824,16,40.33
1002,2019-09,185,162,824,16,40.33
1002,2019-10,253,348,824,16,40.33
1002,2019-11,224,100,824,16,40.33
1002,2019-12,215,178,824,16,40.33
1002,2020-01,179,145,824,16,40.33
1002,2020-02,97,49,824,16,40.33
1002,2020-03,136,145,824,16,40.33
1002,2020-04,9,45,824,16,40.33
1002,2020-05,156,111,824,16,40.33
1002,2020-06,79,79,824,16,40.33
1002,2020-07,174,225,824,16,40.33
1002,2020-08,186,168,824,16,40.33
1002,2020-09,120,87,824,16,40.33
1002,2020-10,93,93,824,16,40.33
1002,2020-11,143,221,824,16,40.33
1002,2020-12,246,182,824,16,40.33
1002,2021-01,242,294,824,16,40.33
1002,2021-02,174,108,824,16,40.33
1002,2021-03,118,140,824,16,40.33
1002,2021-04,70,48,824,16,40.33
1002,2021-05,89,89,824,16,40.33
1002,2021-06,237,297,824,16,40.33
1002,2021-07,121,158,824,16,40.33
1002,2021-08,178,82,824,16,40.33
1002,2021-09,124,189,824,16,40.33
1002,2021-10,259,243,824,16,40.33
1002,2021-11,163,118,824,16,40.33
1002,2021-12,82,103,824,16,40.33
1002,2022-01,158,209,824,16,40.33
1002,2022-02,234,237,824,16,40.33
1002,2022-03,150,247,824,16,40.33
1002,2022-04,155,0,804,16,40.33
1002,2022-05,105,100,824,16,40.33
1002,2022-06,85,102,824,16,40.33
1002,2022-07,162,137,824,16,40.33
1002,2022-08,52,96,824,16,40.33
1002,2022-09,119,118,824,16,40.33
1002,2022-10,150,98,824,16,40.33
1002,2022-11,159,207,824,16,40.33
1002,2022-12,216,223,824,16,40.33
1002,2023-01,138,83,824,16,40.33
1002,2023-02,53,53,824,16,40.33
1002,2023-03,147,202,824,16,40.33
1002,2023-04,55,0,804,16,40.33
1002,2023-05,191,252,824,16,40.33
1002,2023-06,122,171,824,16,40.33
1002,2023-07,199,100,824,16,40.33
1002,2023-08,62,51,824,16,40.33
1002,2023-09,61,99,824,16,40.33
1002,2023-10,129,93,824,16,40.33
1002,2023-11,196,234,824,16,40.33
1002,2023-12,81,41,824,16,40.33
1002,2024-01,99,209,824,16,40.33
1002,2024-02,280,204,824,16,40.33
1002,2024-03,67,135,824,16,40.33
1002,2024-04,189,159,824,16,40.33
1002,2024-05,149,246,824,16,40.33
1002,2024-06,171,75,824,16,40.33
1002,2024-07,164,230,824,16,40.33
1002,2024-08,189,50,824,16,40.33
1002,2024-09,141,228,824,16,40.33
1002,2024-10,124,55,824,16,40.33
1002,2024-11,18,0,804,16,40.33
1002,2024-12,109,234,824,16,40.33
1002,2025-01,125,0,804,16,40.33
1002,2025-02,147,210,824,16,40.33
1002,2025-03,216,153,824,16,40.33
1002,2025-04,200,200,824,16,40.33
1002,2025-05,65,65,824,16,40.33
1002,2025-06,119,119,824,16,40.33
1002,2025-07,142,148,824,16,40.33
1002,2025-08,158,152,824,16,40.33
1002,2025-09,61,143,824,16,40.33
1002,2025-10,186,168,824,16,40.33
1003,2018-01,247,132,699,44,6.65
1003,2018-02,230,242,699,44,6.65
1003,2018-03,185,158,699,44,6.65
1003,2018-04,239,160,699,44,6.65
1003,2018-05,224,94,699,44,6.65
1003,2018-06,227,197,699,44,6.65
1003,2018-07,147,211,699,44,6.65
1003,2018-08,139,271,699,44,6.65
1003,2018-09,267,44,699,44,6.65
1003,2018-10,103,55,699,44,6.65
1003,2018-11,114,147,699,44,6.65
1003,2018-12,83,50,699,44,6.65
1003,2019-01,122,122,699,44,6.65
1003,2019-02,96,96,699,44,6.65
1003,2019-03,49,49,699,44,6.65
1003,2019-04,204,284,699,44,6.65
1003,2019-05,360,289,699,44,6.65
1003,2019-06,71,162,699,44,6.65
1003,2019-07,157,95,699,44,6.65
1003,2019-08,125,159,699,44,6.65
1003,2019-09,147,106,699,44,6.65
1003,2019-10,93,62,699,44,6.65
1003,2019-11,182,222,699,44,6.65
1003,2019-12,184,144,699,44,6.65
1003,2020-01,212,303,699,44,6.65
1003,2020-02,319,264,699,44,6.65
1003,2020-03,120,206,699,44,6.65
1003,2020-04,235,198,699,44,6.65
1003,2020-05,126,41,699,44,6.65
1003,2020-06,35,89,699,44,6.65
1003,2020-07,153,136,699,44,6.65
1003,2020-08,143,106,699,44,6.65
1003,2020-09,124,151,699,44,6.65
1003,2020-10,135,108,699,44,6.65
1003,2020-11,55,55,699,44,6.65
1003,2020-12,89,132,699,44,6.65
1003,2021-01,90,47,699,44,6.65
1003,2021-02,191,297,699,44,6.65
1003,2021-03,212,194,699,44,6.65
1003,2021-04,278,472,699,44,6.65
1003,2021-05,314,130,699,44,6.65
1003,2021-06,262,164,699,44,6.65
1003,2021-07,173,264,699,44,6.65
1003,2021-08,137,46,699,44,6.65
1003,2021-09,90,90,699,44,6.65
1003,2021-10,21,34,699,44,6.65
1003,2021-11,102,136,699,44,6.65
1003,2021-12,276,265,699,44,6.65
1003,2022-01,136,100,699,44,6.65
1003,2022-02,51,51,699,44,6.65
1003,2022-03,84,161,699,44,6.65
1003,2022-04,161,134,699,44,6.65
1003,2022-05,161,311,699,44,6.65
1003,2022-06,187,42,699,44,6.65
1003,2022-07,249,245,699,44,6.65
1003,2022-08,126,99,699,44,6.65
1003,2022-09,249,254,699,44,6.65
1003,2022-10,174,145,699,44,6.65
1003,2022-11,100,108,699,44,6.65
1003,2022-12,97,89,699,44,6.65
1003,2023-01,88,88,699,44,6.65
1003,2023-02,190,358,699,44,6.65
1003,2023-03,260,96,699,44,6.65
1003,2023-04,93,196,699,44,6.65
1003,2023-05,140,56,699,44,6.65
1003,2023-06,99,175,699,44,6.65
1003,2023-07,231,182,699,44,6.65
1003,2023-08,169,171,699,44,6.65
1003,2023-09,261,286,699,44,6.65
1003,2023-10,215,226,699,44,6.65
1003,2023-11,177,149,699,44,6.65
1003,2023-12,154,146,699,44,6.65
1003,2024-01,144,148,699,44,6.65
1003,2024-02,270,253,699,44,6.65
1003,2024-03,89,50,699,44,6.65
1003,2024-04,46,46,699,44,6.65
1003,2024-05,0,85,699,44,6.65
1003,2024-06,156,154,699,44,6.65
1003,2024-07,144,108,699,44,6.65
1003,2024-08,156,287,699,44,6.65
1003,2024-09,228,50,699,44,6.65
1003,2024-10,201,265,699,44,6.65
1003,2024-11,182,150,699,44,6.65
1003,2024-12,188,370,699,44,6.65
1003,2025-01,166,0,679,44,6.65
1003,2025-02,122,135,699,44,6.65
1003,2025-03,126,145,699,44,6.65
1003,2025-04,188,108,699,44,6.65
1003,2025-05,168,168,699,44,6.65
1003,2025-06,165,273,699,44,6.65
1003,2025-07,206,98,699,44,6.65
1003,2025-08,132,195,699,44,6.65
1003,2025-09,217,161,699,44,6.65
1003,2025-10,101,94,699,44,6.65
1004,2018-01,226,46,352,24,76.09
1004,2018-02,201,124,352,24,76.09
1004,2018-03,186,336,352,24,76.09
1004,2018-04,170,279,352,24,76.09
1004,2018-05,230,139,352,24,76.09
1004,2018-06,165,126,352,24,76.09
1004,2018-07,229,167,352,24,76.09
1004,2018-08,201,173,352,24,76.09
1004,2018-09,92,53,352,24,76.09
1004,2018-10,186,200,352,24,76.09
1004,2018-11,65,51,352,24,76.09
1004,2018-12,177,203,352,24,76.09
1004,2019-01,78,52,352,24,76.09
1004,2019-02,56,96,352,24,76.09
1004,2019-03,180,151,352,24,76.09
1004,2019-04,60,49,352,24,76.09
1004,2019-05,59,158,352,24,76.09
1004,2019-06,203,104,352,24,76.09
1004,2019-07,63,65,352,24,76.09
1004,2019-08,104,102,352,24,76.09
1004,2019-10,42,47,352,24,76.09
1004,2019-11,125,144,352,24,76.09
1004,2019-12,174,150,352,24,76.09
1004,2020-01,184,338,352,24,76.09
1004,2020-02,317,196,352,24,76.09
1004,2020-03,91,58,352,24,76.09
1004,2020-04,111,199,352,24,76.09
1004,2020-05,251,178,352,24,76.09
1004,2020-06,141,149,352,24,76.09
1004,2020-07,23,0,343,24,76.09
1004,2020-08,163,168,352,24,76.09
1004,2020-09,145,153,352,24,76.09
1004,2020-10,13,0,343,24,76.09
1004,2020-11,155,155,352,24,76.09
1004,2020-12,113,113,352,24,76.09
1004,2021-01,152,180,352,24,76.09
1004,2021-02,28,0,343,24,76.09
1004,2021-03,104,188,352,24,76.09
1004,2021-04,156,116,352,24,76.09
1004,2021-05,94,167,352,24,76.09
1004,2021-06,219,107,352,24,76.09
1004,2021-07,47,49,352,24,76.09
1004,2021-08,169,264,352,24,76.09
1004,2021-09,216,173,352,24,76.09
1004,2021-10,198,188,352,24,76.09
1004,2021-11,169,163,352,24,76.09
1004,2021-12,255,239,352,24,76.09
1004,2022-01,281,287,352,24,76.09
1004,2022-02,148,115,352,24,76.09
1004,2022-03,20,222,352,24,76.09
1004,2022-04,203,111,352,24,76.09
1004,2022-05,177,256,352,24,76.09
1004,2022-06,294,231,352,24,76.09
1004,2022-07,260,209,352,24,76.09
1004,2022-08,124,49,352,24,76.09
1004,2022-09,85,188,352,24,76.09
1004,2022-10,103,0,343,24,76.09
1004,2022-11,15,55,352,24,76.09
1004,2022-12,193,220,352,24,76.09
1004,2023-01,171,104,352,24,76.09
1004,2023-02,154,154,352,24,76.09
1004,2023-03,115,154,352,24,76.09
1004,2023-04,39,0,343,24,76.09
1004,2023-05,39,77,352,24,76.09
1004,2023-06,198,183,352,24,76.09
1004,2023-07,127,104,352,24,76.09
1004,2023-08,148,148,352,24,76.09
1004,2023-09,81,81,352,24,76.09
1004,2023-10,52,52,352,24,76.09
1004,2023-11,161,331,352,24,76.09
1004,2023-12,241,114,352,24,76.09
1004,2024-01,65,44,352,24,76.09
1004,2024-02,121,99,352,24,76.09
1004,2024-03,85,85,352,24,76.09
1004,2024-04,266,322,352,24,76.09
1004,2024-05,171,115,352,24,76.09
1004,2024-06,83,96,352,24,76.09
1004,2024-07,119,151,352,24,76.09
1004,2024-08,215,182,352,24,76.09
1004,2024-09,97,286,352,24,76.09
1004,2024-10,187,0,343,24,76.09
1004,2024-11,177,189,352,24,76.09
1004,2024-12,184,158,352,24,76.09
1004,2025-01,90,133,352,24,76.09
1004,2025-02,139,96,352,24,76.09
1004,2025-03,111,111,352,24,76.09
1004,2025-04,84,156,352,24,76.09
1004,2025-05,204,220,352,24,76.09
1004,2025-06,125,83,352,24,76.09
1004,2025-07,103,95,352,24,76.09
1004,2025-08,178,143,352,24,76.09
1004,2025-09,25,54,352,24,76.09
1004,2025-10,32,0,343,24,76.09
1005,2018-01,199,161,200,22,39.18
1005,2018-02,134,53,200,22,39.18
1005,2018-03,154,240,200,22,39.18
1005,2018-04,119,206,200,22,39.18
1005,2018-05,142,338,200,22,39.18
1005,2018-06,260,151,200,22,39.18
1005,2018-07,170,193,200,22,39.18
1005,2018-08,198,95,200,22,39.18
1005,2018-09,198,155,200,22,39.18
1005,2018-10,183,214,200,22,39.18
1005,2018-11,217,98,200,22,39.18
1005,2018-12,227,283,200,22,39.18
1005,2019-01,63,342,200,22,39.18
1005,2019-02,218,207,200,22,39.18
1005,2019-03,127,110,200,22,39.18
1005,2019-04,183,221,200,22,39.18
1005,2019-05,311,302,200,22,39.18
1005,2019-06,286,249,200,22,39.18
1005,2019-07,167,217,200,22,39.18
1005,2019-08,194,257,200,22,39.18
1005,2019-09,199,216,200,22,39.18
1005,2019-10,187,113,200,22,39.18
1005,2019-11,251,49,200,22,39.18
1005,2019-12,202,0,183,22,39.18
1005,2020-01,226,417,200,22,39.18
1005,2020-02,100,115,200,22,39.18
1005,2020-03,141,142,200,22,39.18
1005,2020-04,329,186,200,22,39.18
1005,2020-05,133,141,200,22,39.18
1005,2020-06,137,204,200,22,39.18
1005,2020-07,220,319,200,22,39.18
1005,2020-08,238,0,183,22,39.18
1005,2020-09,48,101,200,22,39.18
1005,2020-10,122,104,200,22,39.18
1005,2020-11,128,239,200,22,39.18
1005,2020-12,267,209,200,22,39.18
1005,2021-01,278,190,200,22,39.18
1005,2021-02,111,148,200,22,39.18
1005,2021-03,127,173,200,22,39.18
1005,2021-04,189,171,200,22,39.18
1005,2021-05,180,115,200,22,39.18
1005,2021-06,166,355,200,22,39.18
1005,2021-07,114,197,200,22,39.18
1005,2021-08,198,264,200,22,39.18
1005,2021-09,108,52,200,22,39.18
1005,2021-10,161,38,200,22,39.18
1005,2021-11,205,247,200,22,39.18
1005,2021-12,201,0,183,22,39.18
1005,2022-01,94,94,200,22,39.18
1005,2022-02,240,244,200,22,39.18
1005,2022-03,27,44,200,22,39.18
1005,2022-04,76,55,200,22,39.18
1005,2022-05,52,52,200,22,39.18
1005,2022-06,89,140,200,22,39.18
1005,2022-07,153,137,200,22,39.18
1005,2022-08,210,235,200,22,39.18
1005,2022-09,179,119,200,22,39.18
1005,2022-10,58,111,200,22,39.18
1005,2022-11,233,202,200,22,39.18
1005,2022-12,138,539,200,22,39.18
1005,2023-01,269,199,200,22,39.18
1005,2023-02,214,154,200,22,39.18
1005,2023-03,205,258,200,22,39.18
1005,2023-04,245,96,200,22,39.18
1005,2023-05,240,57,200,22,39.18
1005,2023-06,119,105,200,22,39.18
1005,2023-07,180,187,200,22,39.18
1005,2023-08,68,162,200,22,39.18
1005,2023-09,201,162,200,22,39.18
1005,2023-10,100,38,200,22,39.18
1005,2023-11,135,205,200,22,39.18
1005,2023-12,66,218,200,22,39.18
1005,2024-01,166,112,200,22,39.18
1005,2024-02,85,162,200,22,39.18
1005,2024-03,193,36,200,22,39.18
1005,2024-04,200,144,200,22,39.18
1005,2024-05,71,39,200,22,39.18
1005,2024-06,220,317,200,22,39.18
1005,2024-07,219,161,200,22,39.18
1005,2024-08,192,153,200,22,39.18
1005,2024-09,60,81,200,22,39.18
1005,2024-10,194,201,200,22,39.18
1005,2024-11,149,154,200,22,39.18
1005,2024-12,131,98,200,22,39.18
1005,2025-01,184,206,200,22,39.18
1005,2025-02,197,185,200,22,39.18
1005,2025-03,47,47,200,22,39.18
1005,2025-04,62,52,200,22,39.18
1005,2025-05,48,48,200,22,39.18
1005,2025-06,125,146,200,22,39.18
1005,2025-07,190,357,200,22,39.18
1005,2025-08,141,154,200,22,39.18
1005,2025-09,114,301,200,22,39.18
1005,2025-10,270,76,200,22,39.18
1006,2018-01,231,152,695,23,31.98
1006,2018-02,172,50,695,23,31.98
1006,2018-03,48,202,695,23,31.98
1006,2018-04,175,42,695,23,31.98
1006,2018-05,116,95,695,23,31.98
1006,2018-06,101,101,695,23,31.98
1006,2018-07,46,46,695,23,31.98
1006,2018-08,58,58,695,23,31.98
1006,2018-09,59,103,695,23,31.98
1006,2018-10,181,249,695,23,31.98
1006,2018-11,257,145,695,23,31.98
1006,2018-12,114,244,695,23,31.98
1006,2019-01,185,205,695,23,31.98
1006,2019-02,263,113,695,23,31.98
1006,2019-03,104,152,695,23,31.98
1006,2019-04,69,47,695,23,31.98
1006,2019-05,78,52,695,23,31.98
1006,2019-06,61,155,695,23,31.98
1006,2019-07,158,167,695,23,31.98
1006,2019-08,256,153,695,23,31.98
1006,2019-09,112,112,695,23,31.98
1006,2019-10,152,152,695,23,31.98
1006,2019-11,49,50,695,23,31.98
1006,2019-12,136,188,695,23,31.98
1006,2020-01,118,107,695,23,31.98
1006,2020-02,143,149,695,23,31.98
1006,2020-03,96,87,695,23,31.98
1006,2020-04,100,96,695,23,31.98
1006,2020-05,85,50,695,23,31.98
1006,2020-07,129,189,695,23,31.98
1006,2020-08,194,156,695,23,31.98
1006,2020-09,161,139,695,23,31.98
1006,2020-10,63,63,695,23,31.98
1006,2020-11,146,201,695,23,31.98
1006,2020-12,111,56,695,23,31.98
1006,2021-01,181,181,695,23,31.98
1006,2021-02,62,131,695,23,31.98
1006,2021-03,69,0,679,23,31.98
1006,2021-04,51,152,695,23,31.98
1006,2021-05,183,98,695,23,31.98
1006,2021-06,120,215,695,23,31.98
1006,2021-07,235,159,695,23,31.98
1006,2021-08,157,184,695,23,31.98
1006,2021-09,134,142,695,23,31.98
1006,2021-10,139,209,695,23,31.98
1006,2021-11,246,346,695,23,31.98
1006,2021-12,195,306,695,23,31.98
1006,2022-01,250,238,695,23,31.98
1006,2022-02,84,136,695,23,31.98
1006,2022-03,286,271,695,23,31.98
1006,2022-04,241,0,679,23,31.98
1006,2022-05,117,235,695,23,31.98
1006,2022-06,219,78,695,23,31.98
1006,2022-07,166,54,695,23,31.98
1006,2022-08,150,150,695,23,31.98
1006,2022-09,59,79,695,23,31.98
1006,2022-10,64,44,695,23,31.98
1006,2022-11,89,89,695,23,31.98
1006,2022-12,124,207,695,23,31.98
1006,2023-01,83,0,679,23,31.98
1006,2023-02,52,52,695,23,31.98
1006,2023-03,54,107,695,23,31.98
1006,2023-04,194,168,695,23,31.98
1006,2023-05,152,125,695,23,31.98
1006,2023-06,97,131,695,23,31.98
1006,2023-07,81,47,695,23,31.98
1006,2023-08,98,149,695,23,31.98
1006,2023-09,174,147,695,23,31.98
1006,2023-10,181,157,695,23,31.98
1006,2023-11,92,239,695,23,31.98
1006,2023-12,233,161,695,23,31.98
1006,2024-01,226,320,695,23,31.98
1006,2024-02,194,99,695,23,31.98
1006,2024-03,173,99,695,23,31.98
1006,2024-04,70,89,695,23,31.98
1006,2024-05,86,210,695,23,31.98
1006,2024-06,291,254,695,23,31.98
1006,2024-07,205,100,695,23,31.98
1006,2024-08,146,145,695,23,31.98
1006,2024-09,164,164,695,23,31.98
1006,2024-10,102,166,695,23,31.98
1006,2024-11,192,223,695,23,31.98
1006,2024-12,217,149,695,23,31.98
1006,2025-01,81,54,695,23,31.98
1006,2025-02,76,103,695,23,31.98
1006,2025-03,154,127,695,23,31.98
1006,2025-04,145,215,695,23,31.98
1006,2025-05,128,58,695,23,31.98
1006,2025-06,136,154,695,23,31.98
1006,2025-07,244,226,695,23,31.98
1006,2025-08,129,244,695,23,31.98
1006,2025-09,155,57,695,23,31.98
1006,2025-10,109,99,695,23,31.98
1007,2018-01,214,254,761,45,51.90
1007,2018-02,130,0,756,45,51.90
1007,2018-03,216,215,761,45,51.90
1007,2018-04,148,270,761,45,51.90
1007,2018-05,194,239,761,45,51.90
1007,2018-06,147,104,761,45,51.90
1007,2018-07,289,43,761,45,51.90
1007,2018-08,286,213,761,45,51.90
1007,2018-09,236,212,761,45,51.90
1007,2018-10,260,205,761,45,51.90
1007,2018-11,152,46,761,45,51.90
1007,2018-12,64,50,761,45,51.90
1007,2019-01,113,113,761,45,51.90
1007,2019-02,234,234,761,45,51.90
1007,2019-03,258,258,761,45,51.90
1007,2019-04,179,190,761,45,51.90
1007,2019-05,44,33,761,45,51.90
1007,2019-06,117,385,761,45,51.90
1007,2019-07,293,45,761,45,51.90
1007,2019-08,127,107,761,45,51.90
1007,2019-09,24,56,761,45,51.90
1007,2019-10,80,48,761,45,51.90
1007,2019-11,169,331,761,45,51.90
1007,2019-12,198,299,761,45,51.90
1007,2020-01,310,91,761,45,51.90
1007,2020-02,139,215,761,45,51.90
1007,2020-03,154,421,761,45,51.90
1007,2020-04,116,214,761,45,51.90
1007,2020-05,373,204,761,45,51.90
1007,2020-06,161,199,761,45,51.90
1007,2020-07,189,45,761,45,51.90
1007,2020-08,139,117,761,45,51.90
1007,2020-09,201,212,761,45,51.90
1007,2020-10,188,229,761,45,51.90
1007,2020-11,269,166,761,45,51.90
1007,2020-12,204,97,761,45,51.90
1007,2021-01,238,208,761,45,51.90
1007,2021-02,43,43,761,45,51.90
1007,2021-03,101,148,761,45,51.90
1007,2021-04,153,106,761,45,51.90
1007,2021-05,0,47,761,45,51.90
1007,2021-06,210,187,761,45,51.90
1007,2021-07,104,227,761,45,51.90
1007,2021-08,249,102,761,45,51.90
1007,2021-09,138,209,761,45,51.90
1007,2021-10,163,92,761,45,51.90
1007,2021-11,191,249,761,45,51.90
1007,2021-12,147,151,761,45,51.90
1007,2022-01,142,178,761,45,51.90
1007,2022-02,206,234,761,45,51.90
1007,2022-03,205,79,761,45,51.90
1007,2022-04,47,47,761,45,51.90
1007,2022-05,0,48,761,45,51.90
1007,2022-06,106,108,761,45,51.90
1007,2022-07,192,174,761,45,51.90
1007,2022-08,268,291,761,45,51.90
1007,2022-09,236,206,761,45,51.90
1007,2022-10,93,101,761,45,51.90
1007,2022-11,157,223,761,45,51.90
1007,2022-12,132,156,761,45,51.90
1007,2023-01,235,213,761,45,51.90
1007,2023-02,93,52,761,45,51.90
1007,2023-03,236,418,761,45,51.90
1007,2023-04,108,57,761,45,51.90
1007,2023-05,168,194,761,45,51.90
1007,2023-06,217,47,761,45,51.90
1007,2023-07,96,184,761,45,51.90
1007,2023-08,225,181,761,45,51.90
1007,2023-09,207,150,761,45,51.90
1007,2023-10,270,268,761,45,51.90
1007,2023-11,83,87,761,45,51.90
1007,2023-12,228,234,761,45,51.90
1007,2024-01,162,120,761,45,51.90
1007,2024-02,0,54,761,45,51.90
1007,2024-03,147,93,761,45,51.90
1007,2024-04,146,146,761,45,51.90
1007,2024-05,74,105,761,45,51.90
1007,2024-06,72,41,761,45,51.90
1007,2024-07,46,46,761,45,51.90
1007,2024-08,105,105,761,45,51.90
1007,2024-09,74,159,761,45,51.90
1007,2024-10,102,162,761,45,51.90
1007,2024-11,235,401,761,45,51.90
1007,2024-12,215,151,761,45,51.90
1007,2025-01,160,51,761,45,51.90
1007,2025-02,241,176,761,45,51.90
1007,2025-03,196,148,761,45,51.90
1007,2025-04,74,49,761,45,51.90
1007,2025-05,129,175,761,45,51.90
1007,2025-06,137,91,761,45,51.90
1007,2025-07,152,197,761,45,51.90
1007,2025-08,129,84,761,45,51.90
1007,2025-09,136,238,761,45,51.90
1007,2025-10,102,0,756,45,51.90
1008,2018-01,140,122,516,33,16.28
1008,2018-02,131,155,516,33,16.28
1008,2018-03,181,145,516,33,16.28
1008,2018-04,118,193,516,33,16.28
1008,2018-05,187,96,516,33,16.28
1008,2018-06,154,269,516,33,16.28
1008,2018-07,266,137,516,33,16.28
1008,2018-08,96,140,516,33,16.28
1008,2018-09,73,45,516,33,16.28
1008,2018-10,78,48,516,33,16.28
1008,2018-11,179,179,516,33,16.28
1008,2018-12,86,136,516,33,16.28
1008,2019-01,167,156,516,33,16.28
1008,2019-02,143,115,516,33,16.28
1008,2019-03,124,113,516,33,16.28
1008,2019-05,235,306,516,33,16.28
1008,2019-06,117,46,516,33,16.28
1008,2019-07,104,104,516,33,16.28
1008,2019-08,42,42,516,33,16.28
1008,2019-09,101,101,516,33,16.28
1008,2019-10,109,109,516,33,16.28
1008,2019-11,93,93,516,33,16.28
1008,2020-01,157,200,516,33,16.28
1008,2020-02,99,56,516,33,16.28
1008,2020-03,49,106,516,33,16.28
1008,2020-04,157,147,516,33,16.28
1008,2020-05,146,189,516,33,16.28
1008,2020-06,171,100,516,33,16.28
1008,2020-07,164,178,516,33,16.28
1008,2020-08,89,137,516,33,16.28
1008,2020-09,151,248,516,33,16.28
1008,2020-10,264,93,516,33,16.28
1008,2020-11,182,275,516,33,16.28
1008,2020-12,195,95,516,33,16.28
1008,2021-01,73,113,516,33,16.28
1008,2021-02,176,147,516,33,16.28
1008,2021-03,79,250,516,33,16.28
1008,2021-04,155,203,516,33,16.28
1008,2021-05,154,62,516,33,16.28
1008,2021-06,186,151,516,33,16.28
1008,2021-07,103,0,496,33,16.28
1008,2021-08,81,215,516,33,16.28
1008,2021-09,134,0,496,33,16.28
1008,2021-10,174,174,516,33,16.28
1008,2021-11,82,101,516,33,16.28
1008,2021-12,120,215,516,33,16.28
1008,2022-01,252,169,516,33,16.28
1008,2022-02,206,207,516,33,16.28
1008,2022-03,32,0,496,33,16.28
1008,2022-04,125,223,516,33,16.28
1008,2022-05,232,138,516,33,16.28
1008,2022-06,107,194,516,33,16.28
1008,2022-07,145,54,516,33,16.28
1008,2022-08,171,187,516,33,16.28
1008,2022-09,79,143,516,33,16.28
1008,2022-10,172,185,516,33,16.28
1008,2022-11,163,207,516,33,16.28
1008,2022-12,166,217,516,33,16.28
1008,2023-01,180,56,516,33,16.28
1008,2023-02,127,109,516,33,16.28
1008,2023-03,150,155,516,33,16.28
1008,2023-04,176,170,516,33,16.28
1008,2023-05,158,202,516,33,16.28
1008,2023-06,127,149,516,33,16.28
1008,2023-07,169,136,516,33,16.28
1008,2023-08,215,193,516,33,16.28
1008,2023-09,104,48,516,33,16.28
1008,2023-10,61,91,516,33,16.28
1008,2023-11,217,213,516,33,16.28
1008,2023-12,131,159,516,33,16.28
1008,2024-01,187,142,516,33,16.28
1008,2024-02,189,184,516,33,16.28
1008,2024-03,197,207,516,33,16.28
1008,2024-04,130,203,516,33,16.28
1008,2024-05,194,137,516,33,16.28
1008,2024-06,114,261,516,33,16.28
1008,2024-07,287,144,516,33,16.28
1008,2024-08,159,158,516,33,16.28
1008,2024-09,173,140,516,33,16.28
1008,2024-10,50,50,516,33,16.28
1008,2024-11,89,89,516,33,16.28
1008,2024-12,131,131,516,33,16.28
1008,2025-01,34,42,516,33,16.28
1008,2025-02,27,47,516,33,16.28
1008,2025-03,126,98,516,33,16.28
1008,2025-04,107,107,516,33,16.28
1008,2025-05,66,262,516,33,16.28
1008,2025-06,163,98,516,33,16.28
1008,2025-07,235,104,516,33,16.28
1008,2025-08,112,164,516,33,16.28
1008,2025-09,184,275,516,33,16.28
1008,2025-10,188,45,516,33,16.28
1009,2018-01,161,47,667,18,14.82
1009,2018-02,65,104,667,18,14.82
1009,2018-03,185,146,667,18,14.82
1009,2018-04,78,171,667,18,14.82
1009,2018-05,196,103,667,18,14.82
1009,2018-06,177,202,667,18,14.82
1009,2018-07,108,83,667,18,14.82
1009,2018-08,124,157,667,18,14.82
1009,2018-09,103,70,667,18,14.82
1009,2018-10,145,262,667,18,14.82
1009,2018-11,216,118,667,18,14.82
1009,2018-12,126,107,667,18,14.82
1009,2019-01,123,207,667,18,14.82
1009,2019-02,279,197,667,18,14.82
1009,2019-03,54,52,667,18,14.82
1009,2019-04,85,85,667,18,14.82
1009,2019-05,93,160,667,18,14.82
1009,2019-06,185,157,667,18,14.82
1009,2019-07,91,52,667,18,14.82
1009,2019-08,116,157,667,18,14.82
1009,2019-09,178,190,667,18,14.82
1009,2019-10,168,163,667,18,14.82
1009,2019-11,220,200,667,18,14.82
1009,2019-12,112,94,667,18,14.82
1009,2020-01,10,0,661,18,14.82
1009,2020-02,42,111,667,18,14.82
1009,2020-03,213,237,667,18,14.82
1009,2020-04,177,144,667,18,14.82
1009,2020-05,143,168,667,18,14.82
1009,2020-06,85,0,661,18,14.82
1009,2020-07,289,320,667,18,14.82
1009,2020-08,116,85,667,18,14.82
1009,2020-09,96,96,667,18,14.82
1009,2020-10,161,161,667,18,14.82
1009,2020-11,116,186,667,18,14.82
1009,2020-12,127,57,667,18,14.82
1009,2021-01,129,164,667,18,14.82
1009,2021-02,96,119,667,18,14.82
1009,2021-03,76,55,667,18,14.82
1009,2021-04,120,83,667,18,14.82
1009,2021-05,50,50,667,18,14.82
1009,2021-06,115,176,667,18,14.82
1009,2021-07,195,148,667,18,14.82
1009,2021-08,183,169,667,18,14.82
1009,2021-09,196,243,667,18,14.82
1009,2021-10,146,99,667,18,14.82
1009,2021-11,47,47,667,18,14.82
1009,2021-12,241,250,667,18,14.82
1009,2022-01,100,137,667,18,14.82
1009,2022-02,131,98,667,18,14.82
1009,2022-03,123,192,667,18,14.82
1009,2022-04,248,205,667,18,14.82
1009,2022-05,90,51,667,18,14.82
1009,2022-06,108,144,667,18,14.82
1009,2022-07,132,96,667,18,14.82
1009,2022-08,92,193,667,18,14.82
1009,2022-09,132,256,667,18,14.82
1009,2022-10,248,92,667,18,14.82
1009,2022-11,122,97,667,18,14.82
1009,2022-12,197,261,667,18,14.82
1009,2023-01,194,86,667,18,14.82
1009,2023-02,94,164,667,18,14.82
1009,2023-03,141,116,667,18,14.82
1009,2023-04,124,152,667,18,14.82
1009,2023-05,112,39,667,18,14.82
1009,2023-06,58,249,667,18,14.82
1009,2023-07,89,100,667,18,14.82
1009,2023-08,214,202,667,18,14.82
1009,2023-09,290,126,667,18,14.82
1009,2023-10,79,100,667,18,14.82
1009,2023-11,102,121,667,18,14.82
1009,2023-12,132,194,667,18,14.82
1009,2024-01,254,139,667,18,14.82
1009,2024-02,13,0,661,18,14.82
1009,2024-03,163,196,667,18,14.82
1009,2024-04,139,255,667,18,14.82
1009,2024-05,249,210,667,18,14.82
1009,2024-06,196,102,667,18,14.82
1009,2024-07,228,336,667,18,14.82
1009,2024-08,195,144,667,18,14.82
1009,2024-09,263,190,667,18,14.82
1009,2024-10,112,155,667,18,14.82
1009,2024-11,227,249,667,18,14.82
1009,2024-12,104,48,667,18,14.82
1009,2025-01,176,167,667,18,14.82
1009,2025-02,0,46,667,18,14.82
1009,2025-03,186,296,667,18,14.82
1009,2025-04,198,42,667,18,14.82
1009,2025-05,119,143,667,18,14.82
1009,2025-06,139,155,667,18,14.82
1009,2025-07,110,229,667,18,14.82
1009,2025-08,200,51,667,18,14.82
1009,2025-09,25,46,667,18,14.82
1009,2025-10,91,60,667,18,14.82
1010,2018-01,174,93,527,49,124.40
1010,2018-02,63,96,527,49,124.40
1010,2018-03,91,193,527,49,124.40
1010,2018-04,192,0,507,49,124.40
1010,2018-05,57,51,527,49,124.40
1010,2018-06,128,146,527,49,124.40
1010,2018-07,126,211,527,49,124.40
1010,2018-08,154,51,527,49,124.40
1010,2018-09,24,167,527,49,124.40
1010,2018-10,181,146,527,49,124.40
1010,2018-11,203,95,527,49,124.40
1010,2018-12,78,78,527,49,124.40
1010,2019-01,16,50,527,49,124.40
1010,2019-02,34,0,507,49,124.40
1010,2019-03,186,212,527,49,124.40
1010,2019-04,75,49,527,49,124.40
1010,2019-05,95,183,527,49,124.40
1010,2019-06,263,191,527,49,124.40
1010,2019-07,178,162,527,49,124.40
1010,2019-08,189,189,527,49,124.40
1010,2019-09,20,68,527,49,124.40
1010,2019-10,154,147,527,49,124.40
1010,2019-11,172,159,527,49,124.40
1010,2019-12,106,120,527,49,124.40
1010,2020-01,238,255,527,49,124.40
1010,2020-02,152,231,527,49,124.40
1010,2020-03,111,277,527,49,124.40
1010,2020-04,114,144,527,49,124.40
1010,2020-05,171,173,527,49,124.40
1010,2020-06,233,178,527,49,124.40
1010,2020-07,262,230,527,49,124.40
1010,2020-08,179,140,527,49,124.40
1010,2020-09,216,54,527,49,124.40
1010,2020-10,93,93,527,49,124.40
1010,2020-11,260,249,527,49,124.40
1010,2020-12,152,185,527,49,124.40
1010,2021-01,208,138,527,49,124.40
1010,2021-02,126,126,527,49,124.40
1010,2021-03,107,107,527,49,124.40
1010,2021-04,123,185,527,49,124.40
1010,2021-05,121,137,527,49,124.40
1010,2021-06,169,221,527,49,124.40
1010,2021-07,213,138,527,49,124.40
1010,2021-08,115,157,527,49,124.40
1010,2021-09,177,299,527,49,124.40
1010,2021-10,261,164,527,49,124.40
1010,2021-11,218,114,527,49,124.40
1010,2021-12,109,91,527,49,124.40
1010,2022-01,164,202,527,49,124.40
1010,2022-02,190,165,527,49,124.40
1010,2022-03,66,53,527,49,124.40
1010,2022-04,53,53,527,49,124.40
1010,2022-05,215,215,527,49,124.40
1010,2022-07,251,302,527,49,124.40
1010,2022-08,118,244,527,49,124.40
1010,2022-09,192,51,527,49,124.40
1010,2022-10,152,116,527,49,124.40
1010,2022-11,128,233,527,49,124.40
1010,2022-12,285,195,527,49,124.40
1010,2023-01,311,396,527,49,124.40
1010,2023-02,201,101,527,49,124.40
1010,2023-03,126,212,527,49,124.40
1010,2023-04,198,141,527,49,124.40
1010,2023-05,140,153,527,49,124.40
1010,2023-06,196,180,527,49,124.40
1010,2023-07,265,355,527,49,124.40
1010,2023-08,177,160,527,49,124.40
1010,2023-09,161,264,527,49,124.40
1010,2023-10,158,89,527,49,124.40
1010,2023-11,191,149,527,49,124.40
1010,2023-12,209,142,527,49,124.40
1010,2024-01,130,106,527,49,124.40
1010,2024-02,157,157,527,49,124.40
1010,2024-03,141,154,527,49,124.40
1010,2024-04,53,40,527,49,124.40
1010,2024-05,97,97,527,49,124.40
1010,2024-06,94,98,527,49,124.40
1010,2024-07,169,217,527,49,124.40
1010,2024-08,123,156,527,49,124.40
1010,2024-09,201,197,527,49,124.40
1010,2024-10,113,202,527,49,124.40
1010,2024-11,280,170,527,49,124.40
1010,2024-12,60,0,507,49,124.40
1010,2025-01,137,153,527,49,124.40
1010,2025-02,60,86,527,49,124.40
1010,2025-03,142,217,527,49,124.40
1010,2025-04,191,103,527,49,124.40
1010,2025-05,127,98,527,49,124.40
1010,2025-07,85,174,527,49,124.40
1010,2025-08,181,151,527,49,124.40
1010,2025-09,205,146,527,49,124.40
1010,2025-10,61,322,527,49,124.40
1011,2018-01,228,154,142,34,26.98
1011,2018-02,115,139,142,34,26.98
1011,2018-03,190,208,142,34,26.98
1011,2018-04,120,110,142,34,26.98
1011,2018-05,285,289,142,34,26.98
1011,2018-06,96,94,142,34,26.98
1011,2018-07,117,100,142,34,26.98
1011,2018-08,193,201,142,34,26.98
1011,2018-09,164,282,142,34,26.98
1011,2018-10,233,217,142,34,26.98
1011,2018-11,178,144,142,34,26.98
1011,2018-12,211,101,142,34,26.98
1011,2019-01,12,94,142,34,26.98
1011,2019-02,139,101,142,34,26.98
1011,2019-03,219,163,142,34,26.98
1011,2019-04,128,230,142,34,26.98
1011,2019-05,294,278,142,34,26.98
1011,2019-06,189,241,142,34,26.98
1011,2019-07,158,202,142,34,26.98
1011,2019-08,217,159,142,34,26.98
1011,2019-09,206,196,142,34,26.98
1011,2019-10,225,327,142,34,26.98
1011,2019-11,202,103,142,34,26.98
1011,2019-12,166,49,142,34,26.98
1011,2020-01,48,48,142,34,26.98
1011,2020-02,81,158,142,34,26.98
1011,2020-03,77,0,122,34,26.98
1011,2020-04,89,166,142,34,26.98
1011,2020-05,193,156,142,34,26.98
1011,2020-06,158,209,142,34,26.98
1011,2020-07,136,46,142,34,26.98
1011,2020-08,46,106,142,34,26.98
1011,2020-09,161,139,142,34,26.98
1011,2020-10,191,208,142,34,26.98
1011,2020-11,167,147,142,34,26.98
1011,2020-12,232,239,142,34,26.98
1011,2021-01,169,153,142,34,26.98
1011,2021-02,27,0,122,34,26.98
1011,2021-03,176,257,142,34,26.98
1011,2021-04,119,47,142,34,26.98
1011,2021-05,97,260,142,34,26.98
1011,2021-06,57,98,142,34,26.98
1011,2021-07,147,215,142,34,26.98
1011,2021-08,133,53,142,34,26.98
1011,2021-09,215,220,142,34,26.98
1011,2021-10,314,209,142,34,26.98
1011,2021-11,156,175,142,34,26.98
1011,2021-12,173,62,142,34,26.98
1011,2022-01,170,225,142,34,26.98
1011,2022-02,64,0,122,34,26.98
1011,2022-03,88,88,142,34,26.98
1011,2022-04,142,218,142,34,26.98
1011,2022-05,236,368,142,34,26.98
1011,2022-06,210,43,142,34,26.98
1011,2022-07,139,213,142,34,26.98
1011,2022-08,226,114,142,34,26.98
1011,2022-09,131,194,142,34,26.98
1011,2022-10,179,147,142,34,26.98
1011,2022-11,212,228,142,34,26.98
1011,2022-12,138,146,142,34,26.98
1011,2023-01,136,173,142,34,26.98
1011,2023-02,158,162,142,34,26.98
1011,2023-03,200,144,142,34,26.98
1011,2023-04,90,47,142,34,26.98
1011,2023-05,62,143,142,34,26.98
1011,2023-06,136,55,142,34,26.98
1011,2023-07,50,113,142,34,26.98
1011,2023-08,147,84,142,34,26.98
1011,2023-09,205,205,142,34,26.98
1011,2023-10,80,180,142,34,26.98
1011,2023-11,119,55,142,34,26.98
1011,2023-12,89,97,142,34,26.98
1011,2024-01,106,93,142,34,26.98
1011,2024-02,71,40,142,34,26.98
1011,2024-03,146,146,142,34,26.98
1011,2024-04,118,203,142,34,26.98
1011,2024-05,182,304,142,34,26.98
1011,2024-06,201,156,142,34,26.98
1011,2024-07,194,205,142,34,26.98
1011,2024-08,238,168,142,34,26.98
1011,2024-09,251,305,142,34,26.98
1011,2024-10,287,130,142,34,26.98
1011,2024-11,160,160,142,34,26.98
1011,2024-12,90,95,142,34,26.98
1011,2025-01,165,196,142,34,26.98
1011,2025-02,36,0,122,34,26.98
1011,2025-03,94,94,142,34,26.98
1011,2025-04,173,204,142,34,26.98
1011,2025-05,84,103,142,34,26.98
1011,2025-06,184,154,142,34,26.98
1011,2025-07,182,259,142,34,26.98
1011,2025-08,191,106,142,34,26.98
1011,2025-09,155,186,142,34,26.98
1011,2025-10,66,80,142,34,26.98
1012,2018-01,274,318,607,40,83.50
1012,2018-02,232,244,607,40,83.50
1012,2018-03,187,137,607,40,83.50
1012,2018-04,241,157,607,40,83.50
1012,2018-05,190,157,607,40,83.50
1012,2018-06,243,151,607,40,83.50
1012,2018-07,244,345,607,40,83.50
1012,2018-08,278,192,607,40,83.50
1012,2018-09,170,148,607,40,83.50
1012,2018-10,190,155,607,40,83.50
1012,2018-11,102,263,607,40,83.50
1012,2018-12,246,85,607,40,83.50
1012,2019-01,104,104,607,40,83.50
1012,2019-02,67,157,607,40,83.50
1012,2019-03,194,104,607,40,83.50
1012,2019-04,111,208,607,40,83.50
1012,2019-05,208,111,607,40,83.50
1012,2019-06,179,267,607,40,83.50
1012,2019-07,267,222,607,40,83.50
1012,2019-08,197,154,607,40,83.50
1012,2019-09,99,159,607,40,83.50
1012,2019-10,191,140,607,40,83.50
1012,2019-11,61,52,607,40,83.50
1012,2019-12,133,138,607,40,83.50
1012,2020-01,158,153,607,40,83.50
1012,2020-02,180,274,607,40,83.50
1012,2020-03,274,289,607,40,83.50
1012,2020-04,109,0,583,40,83.50
1012,2020-05,18,106,607,40,83.50
1012,2020-06,195,198,607,40,83.50
1012,2020-07,238,165,607,40,83.50
1012,2020-08,195,239,607,40,83.50
1012,2020-09,62,0,583,40,83.50
1012,2020-10,150,150,607,40,83.50
1012,2020-11,135,135,607,40,83.50
1012,2020-12,117,117,607,40,83.50
1012,2021-01,160,185,607,40,83.50
1012,2021-02,126,101,607,40,83.50
1012,2021-03,84,172,607,40,83.50
1012,2021-04,187,203,607,40,83.50
1012,2021-05,104,0,583,40,83.50
1012,2021-06,135,150,607,40,83.50
1012,2021-07,103,179,607,40,83.50
1012,2021-08,149,182,607,40,83.50
1012,2021-09,220,160,607,40,83.50
1012,2021-10,222,273,607,40,83.50
1012,2021-11,251,136,607,40,83.50
1012,2021-12,51,162,607,40,83.50
1012,2022-01,111,61,607,40,83.50
1012,2022-02,160,158,607,40,83.50
1012,2022-03,59,0,583,40,83.50
1012,2022-04,0,207,607,40,83.50
1012,2022-05,189,149,607,40,83.50
1012,2022-06,132,181,607,40,83.50
1012,2022-07,266,94,607,40,83.50
1012,2022-08,147,206,607,40,83.50
1012,2022-09,68,112,607,40,83.50
1012,2022-10,226,256,607,40,83.50
1012,2022-11,199,131,607,40,83.50
1012,2022-12,184,91,607,40,83.50
1012,2023-01,211,298,607,40,83.50
1012,2023-02,212,183,607,40,83.50
1012,2023-03,163,89,607,40,83.50
1012,2023-04,65,100,607,40,83.50
1012,2023-05,97,96,607,40,83.50
1012,2023-06,189,231,607,40,83.50
1012,2023-07,128,52,607,40,83.50
1012,2023-08,87,87,607,40,83.50
1012,2023-09,111,111,607,40,83.50
1012,2023-10,72,86,607,40,83.50
1012,2023-11,158,269,607,40,83.50
1012,2023-12,204,151,607,40,83.50
1012,2024-01,215,143,607,40,83.50
1012,2024-02,245,298,607,40,83.50
1012,2024-03,134,146,607,40,83.50
1012,2024-04,202,231,607,40,83.50
1012,2024-05,94,0,583,40,83.50
1012,2024-06,27,56,607,40,83.50
1012,2024-07,191,165,607,40,83.50
1012,2024-08,139,136,607,40,83.50
1012,2024-09,36,36,607,40,83.50
1012,2024-10,55,55,607,40,83.50
1012,2024-12,158,158,607,40,83.50
1012,2025-01,98,243,607,40,83.50
1012,2025-02,130,193,607,40,83.50
1012,2025-03,249,88,607,40,83.50
1012,2025-04,47,0,583,40,83.50
1012,2025-05,114,152,607,40,83.50
1012,2025-06,187,262,607,40,83.50
1012,2025-07,276,261,607,40,83.50
1012,2025-08,227,221,607,40,83.50
1012,2025-09,132,40,607,40,83.50
1012,2025-10,24,156,607,40,83.50
1013,2018-01,214,0,437,38,46.71
1013,2018-02,229,214,455,38,46.71
1013,2018-03,148,108,455,38,46.71
1013,2018-04,52,52,455,38,46.71
1013,2018-05,134,212,455,38,46.71
1013,2018-06,245,340,455,38,46.71
1013,2018-07,148,205,455,38,46.71
1013,2018-08,219,45,455,38,46.71
1013,2018-09,181,190,455,38,46.71
1013,2018-10,114,49,455,38,46.71
1013,2018-11,110,200,455,38,46.71
1013,2018-12,170,112,455,38,46.71
1013,2019-01,253,221,455,38,46.71
1013,2019-02,101,146,455,38,46.71
1013,2019-03,91,46,455,38,46.71
1013,2019-04,49,49,455,38,46.71
1013,2019-05,191,194,455,38,46.71
1013,2019-06,3,0,437,38,46.71
1013,2019-07,81,81,455,38,46.71
1013,2019-08,95,238,455,38,46.71
1013,2019-09,243,216,455,38,46.71
1013,2019-10,270,168,455,38,46.71
1013,2019-11,201,209,455,38,46.71
1013,2019-12,71,49,455,38,46.71
1013,2020-01,156,220,455,38,46.71
1013,2020-02,180,271,455,38,46.71
1013,2020-03,253,233,455,38,46.71
1013,2020-04,265,140,455,38,46.71
1013,2020-05,65,168,455,38,46.71
1013,2020-06,192,96,455,38,46.71
1013,2020-07,63,115,455,38,46.71
1013,2020-08,116,47,455,38,46.71
1013,2020-09,13,30,455,38,46.71
1013,2020-10,226,293,455,38,46.71
1013,2020-11,184,100,455,38,46.71
1013,2020-12,49,49,455,38,46.71
1013,2021-01,189,339,455,38,46.71
1013,2021-02,150,56,455,38,46.71
1013,2021-03,93,37,455,38,46.71
1013,2021-04,83,302,455,38,46.71
1013,2021-05,220,209,455,38,46.71
1013,2021-06,154,86,455,38,46.71
1013,2021-07,263,300,455,38,46.71
1013,2021-08,157,109,455,38,46.71
1013,2021-09,269,291,455,38,46.71
1013,2021-10,143,157,455,38,46.71
1013,2021-11,180,160,455,38,46.71
1013,2021-12,289,144,455,38,46.71
1013,2022-01,179,187,455,38,46.71
1013,2022-02,46,58,455,38,46.71
1013,2022-03,105,85,455,38,46.71
1013,2022-04,114,185,455,38,46.71
1013,2022-05,168,97,455,38,46.71
1013,2022-06,145,303,455,38,46.71
1013,2022-07,191,185,455,38,46.71
1013,2022-08,127,148,455,38,46.71
1013,2022-09,180,152,455,38,46.71
1013,2022-10,258,191,455,38,46.71
1013,2022-11,154,277,455,38,46.71
1013,2022-12,193,104,455,38,46.71
1013,2023-01,318,305,455,38,46.71
1013,2023-02,168,109,455,38,46.71
1013,2023-03,125,203,455,38,46.71
1013,2023-04,227,149,455,38,46.71
1013,2023-05,40,0,437,38,46.71
1013,2023-06,35,108,455,38,46.71
1013,2023-07,136,92,455,38,46.71
1013,2023-08,195,206,455,38,46.71
1013,2023-09,219,229,455,38,46.71
1013,2023-10,120,98,455,38,46.71
1013,2023-11,215,209,455,38,46.71
1013,2023-12,224,206,455,38,46.71
1013,2024-01,18,91,455,38,46.71
1013,2024-02,172,145,455,38,46.71
1013,2024-03,134,231,455,38,46.71
1013,2024-04,165,243,455,38,46.71
1013,2024-05,215,181,455,38,46.71
1013,2024-06,182,247,455,38,46.71
1013,2024-07,193,0,437,38,46.71
1013,2024-08,101,107,455,38,46.71
1013,2024-09,69,0,437,38,46.71
1013,2024-10,66,147,455,38,46.71
1013,2024-11,227,154,455,38,46.71
1013,2024-12,57,49,455,38,46.71
1013,2025-01,138,206,455,38,46.71
1013,2025-02,90,48,455,38,46.71
1013,2025-03,183,157,455,38,46.71
1013,2025-04,50,50,455,38,46.71
1013,2025-05,93,108,455,38,46.71
1013,2025-06,179,164,455,38,46.71
1013,2025-07,202,252,455,38,46.71
1013,2025-08,137,134,455,38,46.71
1013,2025-09,233,196,455,38,46.71
1013,2025-10,165,170,455,38,46.71
1014,2018-01,323,46,250,46,45.10
1014,2018-02,107,107,250,46,45.10
1014,2018-03,144,201,250,46,45.10
1014,2018-04,144,87,250,46,45.10
1014,2018-05,179,218,250,46,45.10
1014,2018-06,95,56,250,46,45.10
1014,2018-07,150,263,250,46,45.10
1014,2018-08,136,57,250,46,45.10
1014,2018-09,165,168,250,46,45.10
1014,2018-10,184,249,250,46,45.10
1014,2018-11,213,157,250,46,45.10
1014,2018-12,127,156,250,46,45.10
1014,2019-01,128,53,250,46,45.10
1014,2019-02,34,34,250,46,45.10
1014,2019-03,96,96,250,46,45.10
1014,2019-04,60,164,250,46,45.10
1014,2019-05,230,238,250,46,45.10
1014,2019-06,141,105,250,46,45.10
1014,2019-07,239,240,250,46,45.10
1014,2019-08,197,197,250,46,45.10
1014,2019-09,233,301,250,46,45.10
1014,2019-10,211,98,250,46,45.10
1014,2019-11,140,194,250,46,45.10
1014,2019-12,204,164,250,46,45.10
1014,2020-01,139,134,250,46,45.10
1014,2020-02,279,238,250,46,45.10
1014,2020-03,190,200,250,46,45.10
1014,2020-04,166,295,250,46,45.10
1014,2020-05,153,105,250,46,45.10
1014,2020-06,201,333,250,46,45.10
1014,2020-07,261,38,250,46,45.10
1014,2020-08,162,320,250,46,45.10
1014,2020-09,167,42,250,46,45.10
1014,2020-10,188,155,250,46,45.10
1014,2020-11,102,102,250,46,45.10
1014,2020-12,44,102,250,46,45.10
1014,2021-01,215,236,250,46,45.10
1014,2021-02,153,135,250,46,45.10
1014,2021-03,214,153,250,46,45.10
1014,2021-04,184,184,250,46,45.10
1014,2021-05,49,49,250,46,45.10
1014,2021-06,176,425,250,46,45.10
1014,2021-07,182,157,250,46,45.10
1014,2021-08,242,98,250,46,45.10
1014,2021-09,236,308,250,46,45.10
1014,2021-10,189,143,250,46,45.10
1014,2021-11,248,248,250,46,45.10
1014,2021-12,244,166,250,46,45.10
1014,2022-01,110,82,250,46,45.10
1014,2022-02,124,216,250,46,45.10
1014,2022-03,144,52,250,46,45.10
1014,2022-04,134,149,250,46,45.10
1014,2022-05,152,186,250,46,45.10
1014,2022-06,209,160,250,46,45.10
1014,2022-07,142,142,250,46,45.10
1014,2022-08,186,206,250,46,45.10
1014,2022-09,212,205,250,46,45.10
1014,2022-10,152,203,250,46,45.10
1014,2022-11,156,190,250,46,45.10
1014,2022-12,175,96,250,46,45.10
1014,2023-01,139,156,250,46,45.10
1014,2023-02,133,97,250,46,45.10
1014,2023-03,128,157,250,46,45.10
1014,2023-04,185,156,250,46,45.10
1014,2023-05,62,105,250,46,45.10
1014,2023-06,97,111,250,46,45.10
1014,2023-07,96,109,250,46,45.10
1014,2023-08,172,166,250,46,45.10
1014,2023-09,203,204,250,46,45.10
1014,2023-10,195,299,250,46,45.10
1014,2023-11,205,99,250,46,45.10
1014,2023-12,207,144,250,46,45.10
1014,2024-01,95,114,250,46,45.10
1014,2024-02,65,46,250,46,45.10
1014,2024-03,118,140,250,46,45.10
1014,2024-04,117,95,250,46,45.10
1014,2024-05,179,282,250,46,45.10
1014,2024-06,210,257,250,46,45.10
1014,2024-07,222,95,250,46,45.10
1014,2024-08,80,93,250,46,45.10
1014,2024-09,148,117,250,46,45.10
1014,2024-10,136,212,250,46,45.10
1014,2024-11,184,103,250,46,45.10
1014,2024-12,55,98,250,46,45.10
1014,2025-01,205,259,250,46,45.10
1014,2025-02,166,215,250,46,45.10
1014,2025-03,292,247,250,46,45.10
1014,2025-04,158,274,250,46,45.10
1014,2025-05,270,58,250,46,45.10
1014,2025-06,24,94,250,46,45.10
1014,2025-07,153,95,250,46,45.10
1014,2025-08,166,149,250,46,45.10
1014,2025-09,126,194,250,46,45.10
1014,2025-10,113,163,250,46,45.10
1015,2018-01,144,90,622,26,9.51
1015,2018-02,236,182,622,26,9.51
1015,2018-03,109,0,601,26,9.51
1015,2018-04,32,45,622,26,9.51
1015,2018-05,102,89,622,26,9.51
1015,2018-06,108,221,622,26,9.51
1015,2018-07,216,244,622,26,9.51
1015,2018-08,114,67,622,26,9.51
1015,2018-09,299,205,622,26,9.51
1015,2018-10,164,265,622,26,9.51
1015,2018-11,160,106,622,26,9.51
1015,2018-12,84,158,622,26,9.51
1015,2019-01,185,164,622,26,9.51
1015,2019-02,100,0,601,26,9.51
1015,2019-03,115,142,622,26,9.51
1015,2019-04,118,91,622,26,9.51
1015,2019-05,137,170,622,26,9.51
1015,2019-06,142,154,622,26,9.51
1015,2019-07,190,166,622,26,9.51
1015,2019-08,246,330,622,26,9.51
1015,2019-09,132,168,622,26,9.51
1015,2019-10,211,112,622,26,9.51
1015,2019-11,139,156,622,26,9.51
1015,2019-12,194,167,622,26,9.51
1015,2020-01,229,197,622,26,9.51
1015,2020-02,228,265,622,26,9.51
1015,2020-03,158,166,622,26,9.51
1015,2020-04,214,262,622,26,9.51
1015,2020-05,170,102,622,26,9.51
1015,2020-06,117,145,622,26,9.51
1015,2020-07,177,137,622,26,9.51
1015,2020-08,180,197,622,26,9.51
1015,2020-09,136,106,622,26,9.51
1015,2020-10,125,189,622,26,9.51
1015,2020-11,160,175,622,26,9.51
1015,2020-12,169,264,622,26,9.51
1015,2021-01,174,49,622,26,9.51
1015,2021-02,155,106,622,26,9.51
1015,2021-03,79,170,622,26,9.51
1015,2021-04,131,52,622,26,9.51
1015,2021-05,153,197,622,26,9.51
1015,2021-06,154,148,622,26,9.51
1015,2021-07,163,153,622,26,9.51
1015,2021-08,40,0,601,26,9.51
1015,2021-09,29,112,622,26,9.51
1015,2021-10,128,199,622,26,9.51
1015,2021-11,247,224,622,26,9.51
1015,2021-12,230,213,622,26,9.51
1015,2022-01,200,107,622,26,9.51
1015,2022-02,119,98,622,26,9.51
1015,2022-03,203,203,622,26,9.51
1015,2022-04,51,51,622,26,9.51
1015,2022-05,77,204,622,26,9.51
1015,2022-06,167,51,622,26,9.51
1015,2022-07,180,192,622,26,9.51
1015,2022-08,201,260,622,26,9.51
1015,2022-09,112,50,622,26,9.51
1015,2022-10,235,215,622,26,9.51
1015,2022-11,184,324,622,26,9.51
1015,2022-12,264,301,622,26,9.51
1015,2023-01,177,0,601,26,9.51
1015,2023-02,249,321,622,26,9.51
1015,2023-03,217,145,622,26,9.51
1015,2023-04,45,50,622,26,9.51
1015,2023-05,68,99,622,26,9.51
1015,2023-06,193,214,622,26,9.51
1015,2023-07,57,58,622,26,9.51
1015,2023-08,105,47,622,26,9.51
1015,2023-09,128,254,622,26,9.51
1015,2023-10,166,40,622,26,9.51
1015,2023-11,44,44,622,26,9.51
1015,2023-12,123,200,622,26,9.51
1015,2024-01,146,69,622,26,9.51
1015,2024-02,113,161,622,26,9.51
1015,2024-03,237,252,622,26,9.51
1015,2024-04,160,343,622,26,9.51
1015,2024-05,284,82,622,26,9.51
1015,2024-06,223,270,622,26,9.51
1015,2024-07,202,128,622,26,9.51
1015,2024-08,141,204,622,26,9.51
1015,2024-09,209,241,622,26,9.51
1015,2024-10,220,328,622,26,9.51
1015,2024-11,254,255,622,26,9.51
1015,2024-12,256,104,622,26,9.51
1015,2025-01,153,84,622,26,9.51
1015,2025-02,157,191,622,26,9.51
1015,2025-03,147,137,622,26,9.51
1015,2025-04,193,205,622,26,9.51
1015,2025-05,191,266,622,26,9.51
1015,2025-06,182,119,622,26,9.51
1015,2025-07,225,212,622,26,9.51
1015,2025-08,81,46,622,26,9.51
1015,2025-09,122,134,622,26,9.51
1015,2025-10,33,128,622,26,9.51
1016,2018-01,242,212,293,20,40.68
1016,2018-02,192,43,293,20,40.68
1016,2018-03,227,107,293,20,40.68
1016,2018-04,53,53,293,20,40.68
1016,2018-05,80,107,293,20,40.68
1016,2018-06,126,99,293,20,40.68
1016,2018-07,129,165,293,20,40.68
1016,2018-08,246,252,293,20,40.68
1016,2018-09,94,88,293,20,40.68
1016,2018-10,141,105,293,20,40.68
1016,2018-11,148,210,293,20,40.68
1016,2018-12,102,40,293,20,40.68
1016,2019-01,128,128,293,20,40.68
1016,2019-02,242,269,293,20,40.68
1016,2019-03,40,44,293,20,40.68
1016,2019-04,91,137,293,20,40.68
1016,2019-05,127,50,293,20,40.68
1016,2019-06,130,130,293,20,40.68
1016,2019-07,136,279,293,20,40.68
1016,2019-08,208,89,293,20,40.68
1016,2019-09,165,267,293,20,40.68
1016,2019-10,162,46,293,20,40.68
1016,2019-11,124,179,293,20,40.68
1016,2019-12,261,321,293,20,40.68
1016,2020-01,174,208,293,20,40.68
1016,2020-02,209,202,293,20,40.68
1016,2020-03,209,95,293,20,40.68
1016,2020-04,129,245,293,20,40.68
1016,2020-05,175,136,293,20,40.68
1016,2020-06,161,111,293,20,40.68
1016,2020-07,159,94,293,20,40.68
1016,2020-08,97,206,293,20,40.68
1016,2020-09,151,107,293,20,40.68
1016,2020-10,152,87,293,20,40.68
1016,2020-11,134,158,293,20,40.68
1016,2020-12,208,206,293,20,40.68
1016,2021-01,114,135,293,20,40.68
1016,2021-02,192,149,293,20,40.68
1016,2021-03,189,213,293,20,40.68
1016,2021-04,24,0,272,20,40.68
1016,2021-05,236,271,293,20,40.68
1016,2021-06,55,39,293,20,40.68
1016,2021-07,70,51,293,20,40.68
1016,2021-08,228,282,293,20,40.68
1016,2021-09,222,214,293,20,40.68
1016,2021-10,166,159,293,20,40.68
1016,2021-11,164,201,293,20,40.68
1016,2021-12,140,230,293,20,40.68
1016,2022-01,241,135,293,20,40.68
1016,2022-02,160,187,293,20,40.68
1016,2022-03,139,52,293,20,40.68
1016,2022-04,161,239,293,20,40.68
1016,2022-05,244,215,293,20,40.68
1016,2022-06,204,155,293,20,40.68
1016,2022-07,43,96,293,20,40.68
1016,2022-08,156,160,293,20,40.68
1016,2022-09,108,186,293,20,40.68
1016,2022-10,235,262,293,20,40.68
1016,2022-11,224,197,293,20,40.68
1016,2022-12,242,122,293,20,40.68
1016,2023-01,61,46,293,20,40.68
1016,2023-02,196,197,293,20,40.68
1016,2023-03,202,201,293,20,40.68
1016,2023-04,146,177,293,20,40.68
1016,2023-05,130,292,293,20,40.68
1016,2023-06,254,97,293,20,40.68
1016,2023-07,112,94,293,20,40.68
1016,2023-08,61,43,293,20,40.68
1016,2023-09,136,233,293,20,40.68
1016,2023-10,231,224,293,20,40.68
1016,2023-11,205,149,293,20,40.68
1016,2023-12,192,158,293,20,40.68
1016,2024-01,110,159,293,20,40.68
1016,2024-02,91,42,293,20,40.68
1016,2024-03,38,38,293,20,40.68
1016,2024-04,140,195,293,20,40.68
1016,2024-05,160,199,293,20,40.68
1016,2024-06,238,395,293,20,40.68
1016,2024-07,220,353,293,20,40.68
1016,2024-08,280,103,293,20,40.68
1016,2024-09,164,134,293,20,40.68
1016,2024-10,267,142,293,20,40.68
1016,2024-11,214,165,293,20,40.68
1016,2024-12,161,264,293,20,40.68
1016,2025-01,106,0,272,20,40.68
1016,2025-02,105,152,293,20,40.68
1016,2025-03,131,117,293,20,40.68
1016,2025-04,131,106,293,20,40.68
1016,2025-05,112,137,293,20,40.68
1016,2025-06,33,65,293,20,40.68
1016,2025-07,157,106,293,20,40.68
1016,2025-08,105,91,293,20,40.68
1016,2025-09,164,167,293,20,40.68
1016,2025-10,24,53,293,20,40.68
1017,2018-01,303,159,222,34,75.87
1017,2018-02,184,101,222,34,75.87
1017,2018-03,176,166,222,34,75.87
1017,2018-04,266,203,222,34,75.87
1017,2018-05,134,207,222,34,75.87
1017,2018-06,222,93,222,34,75.87
1017,2018-07,74,0,216,34,75.87
1017,2018-08,109,148,222,34,75.87
1017,2018-09,86,47,222,34,75.87
1017,2018-10,131,219,222,34,75.87
1017,2018-11,234,146,222,34,75.87
1017,2018-12,84,154,222,34,75.87
1017,2019-01,120,50,222,34,75.87
1017,2019-02,78,108,222,34,75.87
1017,2019-03,198,231,222,34,75.87
1017,2019-04,261,260,222,34,75.87
1017,2019-05,109,96,222,34,75.87
1017,2019-06,105,56,222,34,75.87
1017,2019-07,127,177,222,34,75.87
1017,2019-08,77,82,222,34,75.87
1017,2019-09,242,299,222,34,75.87
1017,2019-10,239,191,222,34,75.87
1017,2019-11,161,97,222,34,75.87
1017,2019-12,92,137,222,34,75.87
1017,2020-01,128,83,222,34,75.87
1017,2020-02,106,106,222,34,75.87
1017,2020-04,230,231,222,34,75.87
1017,2020-05,127,189,222,34,75.87
1017,2020-06,226,253,222,34,75.87
1017,2020-07,224,146,222,34,75.87
1017,2020-08,130,134,222,34,75.87
1017,2020-09,168,183,222,34,75.87
1017,2020-10,129,160,222,34,75.87
1017,2020-11,270,312,222,34,75.87
1017,2020-12,242,138,222,34,75.87
1017,2021-01,53,53,222,34,75.87
1017,2021-02,161,232,222,34,75.87
1017,2021-03,161,199,222,34,75.87
1017,2021-04,256,147,222,34,75.87
1017,2021-05,106,159,222,34,75.87
1017,2021-06,162,139,222,34,75.87
1017,2021-07,53,112,222,34,75.87
1017,2021-08,150,148,222,34,75.87
1017,2021-09,194,162,222,34,75.87
1017,2021-10,191,271,222,34,75.87
1017,2021-11,35,289,222,34,75.87
1017,2021-12,144,50,222,34,75.87
1017,2022-01,146,163,222,34,75.87
1017,2022-02,258,92,222,34,75.87
1017,2022-03,196,424,222,34,75.87
1017,2022-04,285,245,222,34,75.87
1017,2022-05,285,403,222,34,75.87
1017,2022-06,314,150,222,34,75.87
1017,2022-07,202,218,222,34,75.87
1017,2022-08,244,268,222,34,75.87
1017,2022-09,275,303,222,34,75.87
1017,2022-10,209,94,222,34,75.87
1017,2022-11,235,267,222,34,75.87
1017,2022-12,224,88,222,34,75.87
1017,2023-01,136,53,222,34,75.87
1017,2023-02,79,97,222,34,75.87
1017,2023-03,154,82,222,34,75.87
1017,2023-04,167,258,222,34,75.87
1017,2023-05,119,40,222,34,75.87
1017,2023-06,176,190,222,34,75.87
1017,2023-07,98,250,222,34,75.87
1017,2023-08,146,204,222,34,75.87
1017,2023-09,135,106,222,34,75.87
1017,2023-10,211,44,222,34,75.87
1017,2023-11,76,36,222,34,75.87
1017,2023-12,198,198,222,34,75.87
1017,2024-01,141,184,222,34,75.87
1017,2024-02,145,223,222,34,75.87
1017,2024-03,137,175,222,34,75.87
1017,2024-04,263,156,222,34,75.87
1017,2024-05,193,141,222,34,75.87
1017,2024-06,147,207,222,34,75.87
1017,2024-07,168,108,222,34,75.87
1017,2024-08,116,214,222,34,75.87
1017,2024-09,199,307,222,34,75.87
1017,2024-10,199,207,222,34,75.87
1017,2024-11,264,50,222,34,75.87
1017,2024-12,62,117,222,34,75.87
1017,2025-01,175,219,222,34,75.87
1017,2025-02,141,84,222,34,75.87
1017,2025-03,172,282,222,34,75.87
1017,2025-04,140,258,222,34,75.87
1017,2025-05,135,164,222,34,75.87
1017,2025-06,191,0,216,34,75.87
1017,2025-07,153,81,222,34,75.87
1017,2025-08,97,352,222,34,75.87
1017,2025-09,242,98,222,34,75.87
1017,2025-10,197,50,222,34,75.87
1018,2018-01,231,298,248,45,81.45
1018,2018-02,238,113,248,45,81.45
1018,2018-03,239,199,248,45,81.45
1018,2018-04,215,336,248,45,81.45
1018,2018-05,179,199,248,45,81.45
1018,2018-06,185,97,248,45,81.45
1018,2018-07,173,151,248,45,81.45
1018,2018-08,289,195,248,45,81.45
1018,2018-09,196,98,248,45,81.45
1018,2018-10,317,158,248,45,81.45
1018,2018-11,122,141,248,45,81.45
1018,2018-12,102,42,248,45,81.45
1018,2019-01,141,221,248,45,81.45
1018,2019-02,228,148,248,45,81.45
1018,2019-03,115,140,248,45,81.45
1018,2019-04,129,104,248,45,81.45
1018,2019-05,143,212,248,45,81.45
1018,2019-06,50,88,248,45,81.45
1018,2019-07,164,57,248,45,81.45
1018,2019-08,82,82,248,45,81.45
1018,2019-09,145,186,248,45,81.45
1018,2019-10,260,375,248,45,81.45
1018,2019-11,156,0,230,45,81.45
1018,2019-12,93,97,248,45,81.45
1018,2020-01,63,59,248,45,81.45
1018,2020-02,191,191,248,45,81.45
1018,2020-03,180,202,248,45,81.45
1018,2020-04,70,48,248,45,81.45
1018,2020-05,152,163,248,45,81.45
1018,2020-06,161,150,248,45,81.45
1018,2020-07,122,149,248,45,81.45
1018,2020-08,27,0,230,45,81.45
1018,2020-09,163,255,248,45,81.45
1018,2020-10,155,341,248,45,81.45
1018,2020-11,164,46,248,45,81.45
1018,2020-12,209,49,248,45,81.45
1018,2021-01,116,201,248,45,81.45
1018,2021-02,199,322,248,45,81.45
1018,2021-03,180,203,248,45,81.45
1018,2021-04,317,352,248,45,81.45
1018,2021-05,164,103,248,45,81.45
1018,2021-06,239,51,248,45,81.45
1018,2021-07,117,100,248,45,81.45
1018,2021-08,113,200,248,45,81.45
1018,2021-09,182,190,248,45,81.45
1018,2021-10,149,187,248,45,81.45
1018,2021-11,276,210,248,45,81.45
1018,2021-12,166,192,248,45,81.45
1018,2022-01,197,176,248,45,81.45
1018,2022-02,173,141,248,45,81.45
1018,2022-03,90,50,248,45,81.45
1018,2022-04,157,198,248,45,81.45
1018,2022-05,88,106,248,45,81.45
1018,2022-06,221,209,248,45,81.45
1018,2022-07,145,174,248,45,81.45
1018,2022-08,76,0,230,45,81.45
1018,2022-09,54,54,248,45,81.45
1018,2022-10,169,194,248,45,81.45
1018,2022-11,68,43,248,45,81.45
1018,2022-12,0,49,248,45,81.45
1018,2023-01,97,87,248,45,81.45
1018,2023-02,86,47,248,45,81.45
1018,2023-03,141,261,248,45,81.45
1018,2023-04,196,208,248,45,81.45
1018,2023-05,194,62,248,45,81.45
1018,2023-06,152,188,248,45,81.45
1018,2023-07,82,48,248,45,81.45
1018,2023-08,41,101,248,45,81.45
1018,2023-09,164,239,248,45,81.45
1018,2023-10,262,240,248,45,81.45
1018,2023-11,156,62,248,45,81.45
1018,2023-12,121,153,248,45,81.45
1018,2024-01,154,101,248,45,81.45
1018,2024-02,206,292,248,45,81.45
1018,2024-03,200,243,248,45,81.45
1018,2024-04,113,88,248,45,81.45
1018,2024-05,208,157,248,45,81.45
1018,2024-06,176,162,248,45,81.45
1018,2024-07,227,188,248,45,81.45
1018,2024-09,53,55,248,45,81.45
1018,2024-10,152,165,248,45,81.45
1018,2024-11,110,95,248,45,81.45
1018,2024-12,141,151,248,45,81.45
1018,2025-01,10,0,230,45,81.45
1018,2025-02,57,138,248,45,81.45
1018,2025-03,143,62,248,45,81.45
1018,2025-04,250,313,248,45,81.45
1018,2025-05,101,186,248,45,81.45
1018,2025-06,262,212,248,45,81.45
1018,2025-07,198,146,248,45,81.45
1018,2025-08,139,186,248,45,81.45
1018,2025-09,93,0,230,45,81.45
1018,2025-10,51,155,248,45,81.45
1019,2018-01,297,158,698,14,126.49
1019,2018-02,236,240,698,14,126.49
1019,2018-03,244,382,698,14,126.49
1019,2018-04,219,306,698,14,126.49
1019,2018-05,251,98,698,14,126.49
1019,2018-06,170,129,698,14,126.49
1019,2018-07,173,53,698,14,126.49
1019,2018-08,74,147,698,14,126.49
1019,2018-09,237,201,698,14,126.49
1019,2018-10,134,102,698,14,126.49
1019,2018-11,111,143,698,14,126.49
1019,2018-12,206,389,698,14,126.49
1019,2019-01,305,106,698,14,126.49
1019,2019-02,58,53,698,14,126.49
1019,2019-03,201,289,698,14,126.49
1019,2019-04,211,257,698,14,126.49
1019,2019-05,164,316,698,14,126.49
1019,2019-06,201,89,698,14,126.49
1019,2019-07,170,190,698,14,126.49
1019,2019-08,284,296,698,14,126.49
1019,2019-09,193,208,698,14,126.49
1019,2019-10,182,114,698,14,126.49
1019,2019-11,178,92,698,14,126.49
1019,2019-12,239,417,698,14,126.49
1019,2020-01,277,0,680,14,126.49
1019,2020-02,83,204,698,14,126.49
1019,2020-03,187,144,698,14,126.49
1019,2020-04,129,257,698,14,126.49
1019,2020-05,312,215,698,14,126.49
1019,2020-06,213,106,698,14,126.49
1019,2020-07,193,243,698,14,126.49
1019,2020-08,194,206,698,14,126.49
1019,2020-09,64,0,680,14,126.49
1019,2020-10,50,50,698,14,126.49
1019,2020-11,148,157,698,14,126.49
1019,2020-12,74,171,698,14,126.49
1019,2021-01,155,49,698,14,126.49
1019,2021-02,101,150,698,14,126.49
1019,2021-03,154,303,698,14,126.49
1019,2021-04,107,149,698,14,126.49
1019,2021-05,226,91,698,14,126.49
1019,2021-06,105,0,680,14,126.49
1019,2021-07,189,427,698,14,126.49
1019,2021-08,145,48,698,14,126.49
1019,2021-09,191,201,698,14,126.49
1019,2021-10,318,243,698,14,126.49
1019,2021-11,241,173,698,14,126.49
1019,2021-12,54,46,698,14,126.49
1019,2022-01,90,90,698,14,126.49
1019,2022-02,117,147,698,14,126.49
1019,2022-03,238,208,698,14,126.49
1019,2022-04,88,216,698,14,126.49
1019,2022-05,185,57,698,14,126.49
1019,2022-06,130,216,698,14,126.49
1019,2022-07,144,138,698,14,126.49
1019,2022-08,251,238,698,14,126.49
1019,2022-09,67,51,698,14,126.49
1019,2022-10,234,264,698,14,126.49
1019,2022-11,130,49,698,14,126.49
1019,2022-12,53,160,698,14,126.49
1019,2023-01,136,139,698,14,126.49
1019,2023-02,176,100,698,14,126.49
1019,2023-03,179,157,698,14,126.49
1019,2023-04,123,190,698,14,126.49
1019,2023-05,79,0,680,14,126.49
1019,2023-06,199,316,698,14,126.49
1019,2023-07,172,162,698,14,126.49
1019,2023-08,228,138,698,14,126.49
1019,2023-09,114,97,698,14,126.49
1019,2023-10,87,87,698,14,126.49
1019,2023-11,50,50,698,14,126.49
1019,2023-12,101,101,698,14,126.49
1019,2024-01,30,110,698,14,126.49
1019,2024-02,145,253,698,14,126.49
1019,2024-03,214,54,698,14,126.49
1019,2024-04,67,39,698,14,126.49
1019,2024-05,184,206,698,14,126.49
1019,2024-06,181,343,698,14,126.49
1019,2024-07,161,0,680,14,126.49
1019,2024-08,175,152,698,14,126.49
1019,2024-09,52,52,698,14,126.49
1019,2024-10,110,110,698,14,126.49
1019,2024-11,49,49,698,14,126.49
1019,2024-12,140,140,698,14,126.49
1019,2025-01,181,429,698,14,126.49
1019,2025-02,214,239,698,14,126.49
1019,2025-03,97,59,698,14,126.49
1019,2025-04,288,160,698,14,126.49
1019,2025-05,139,35,698,14,126.49
1019,2025-06,193,205,698,14,126.49
1019,2025-07,201,242,698,14,126.49
1019,2025-08,128,197,698,14,126.49
1019,2025-09,338,470,698,14,126.49
1019,2025-10,151,158,698,14,126.49
1020,2018-01,163,0,740,25,57.45
1020,2018-02,212,216,749,25,57.45
1020,2018-03,154,51,749,25,57.45
1020,2018-04,211,160,749,25,57.45
1020,2018-05,232,164,749,25,57.45
1020,2018-06,69,54,749,25,57.45
1020,2018-07,169,259,749,25,57.45
1020,2018-08,161,109,749,25,57.45
1020,2018-09,117,157,749,25,57.45
1020,2018-10,164,147,749,25,57.45
1020,2018-11,246,244,749,25,57.45
1020,2018-12,160,280,749,25,57.45
1020,2019-01,295,116,749,25,57.45
1020,2019-02,222,245,749,25,57.45
1020,2019-03,84,109,749,25,57.45
1020,2019-04,161,113,749,25,57.45
1020,2019-05,160,208,749,25,57.45
1020,2019-06,179,131,749,25,57.45
1020,2019-07,161,237,749,25,57.45
1020,2019-08,232,262,749,25,57.45
1020,2019-09,199,111,749,25,57.45
1020,2019-10,61,103,749,25,57.45
1020,2019-11,144,206,749,25,57.45
1020,2019-12,259,163,749,25,57.45
1020,2020-01,166,185,749,25,57.45
1020,2020-02,167,220,749,25,57.45
1020,2020-03,226,140,749,25,57.45
1020,2020-04,106,94,749,25,57.45
1020,2020-05,139,271,749,25,57.45
1020,2020-06,132,47,749,25,57.45
1020,2020-07,105,82,749,25,57.45
1020,2020-08,140,116,749,25,57.45
1020,2020-09,89,139,749,25,57.45
1020,2020-10,69,107,749,25,57.45
1020,2020-11,158,100,749,25,57.45
1020,2020-12,174,198,749,25,57.45
1020,2021-01,211,256,749,25,57.45
1020,2021-02,240,148,749,25,57.45
1020,2021-03,112,105,749,25,57.45
1020,2021-04,97,97,749,25,57.45
1020,2021-05,81,206,749,25,57.45
1020,2021-06,205,149,749,25,57.45
1020,2021-07,208,154,749,25,57.45
1020,2021-08,98,83,749,25,57.45
1020,2021-09,104,104,749,25,57.45
1020,2021-10,173,334,749,25,57.45
1020,2021-11,230,113,749,25,57.45
1020,2021-12,197,153,749,25,57.45
1020,2022-01,97,109,749,25,57.45
1020,2022-02,202,211,749,25,57.45
1020,2022-03,21,0,740,25,57.45
1020,2022-04,163,268,749,25,57.45
1020,2022-05,211,244,749,25,57.45
1020,2022-06,236,98,749,25,57.45
1020,2022-07,134,157,749,25,57.45
1020,2022-08,43,61,749,25,57.45
1020,2022-09,89,48,749,25,57.45
1020,2022-10,154,154,749,25,57.45
1020,2022-11,147,147,749,25,57.45
1020,2022-12,44,44,749,25,57.45
1020,2023-01,194,273,749,25,57.45
1020,2023-02,152,262,749,25,57.45
1020,2023-03,210,168,749,25,57.45
1020,2023-04,231,135,749,25,57.45
1020,2023-05,249,200,749,25,57.45
1020,2023-06,99,97,749,25,57.45
1020,2023-07,81,248,749,25,57.45
1020,2023-08,277,140,749,25,57.45
1020,2023-09,170,297,749,25,57.45
1020,2023-10,181,94,749,25,57.45
1020,2023-11,178,146,749,25,57.45
1020,2023-12,214,249,749,25,57.45
1020,2024-01,113,308,749,25,57.45
1020,2024-02,165,99,749,25,57.45
1020,2024-03,186,102,749,25,57.45
1020,2024-04,143,155,749,25,57.45
1020,2024-05,189,59,749,25,57.45
1020,2024-06,142,178,749,25,57.45
1020,2024-07,88,52,749,25,57.45
1020,2024-08,54,54,749,25,57.45
1020,2024-09,55,58,749,25,57.45
1020,2024-10,110,107,749,25,57.45
1020,2024-11,77,158,749,25,57.45
1020,2024-12,81,49,749,25,57.45
1020,2025-01,128,111,749,25,57.45
1020,2025-02,230,248,749,25,57.45
1020,2025-03,186,319,749,25,57.45
1020,2025-04,133,104,749,25,57.45
1020,2025-05,133,293,749,25,57.45
1020,2025-06,132,45,749,25,57.45
1020,2025-07,234,199,749,25,57.45
1020,2025-08,199,146,749,25,57.45
1020,2025-09,204,145,749,25,57.45
1020,2025-10,80,0,740,25,57.45
1021,2018-01,404,295,431,20,8.04
1021,2018-02,165,101,431,20,8.04
1021,2018-03,57,0,407,20,8.04
1021,2018-04,117,144,431,20,8.04
1021,2018-05,181,279,431,20,8.04
1021,2018-06,165,138,431,20,8.04
1021,2018-07,201,252,431,20,8.04
1021,2018-08,244,153,431,20,8.04
1021,2018-09,164,254,431,20,8.04
1021,2018-10,190,42,431,20,8.04
1021,2018-11,111,149,431,20,8.04
1021,2018-12,85,47,431,20,8.04
1021,2019-01,108,108,431,20,8.04
1021,2019-02,159,272,431,20,8.04
1021,2019-03,174,61,431,20,8.04
1021,2019-04,127,127,431,20,8.04
1021,2019-05,58,58,431,20,8.04
1021,2019-06,121,121,431,20,8.04
1021,2019-07,36,36,431,20,8.04
1021,2019-08,160,296,431,20,8.04
1021,2019-09,212,96,431,20,8.04
1021,2019-10,224,353,431,20,8.04
1021,2019-11,298,170,431,20,8.04
1021,2019-12,74,53,431,20,8.04
1021,2020-01,66,91,431,20,8.04
1021,2020-02,204,260,431,20,8.04
1021,2020-03,284,240,431,20,8.04
1021,2020-04,138,151,431,20,8.04
1021,2020-05,247,369,431,20,8.04
1021,2020-06,124,215,431,20,8.04
1021,2020-07,185,149,431,20,8.04
1021,2020-08,234,159,431,20,8.04
1021,2020-09,184,128,431,20,8.04
1021,2020-10,249,312,431,20,8.04
1021,2020-11,304,145,431,20,8.04
1021,2020-12,53,94,431,20,8.04
1021,2021-01,211,221,431,20,8.04
1021,2021-02,95,180,431,20,8.04
1021,2021-03,177,163,431,20,8.04
1021,2021-04,204,101,431,20,8.04
1021,2021-05,129,110,431,20,8.04
1021,2021-06,118,121,431,20,8.04
1021,2021-07,143,140,431,20,8.04
1021,2021-08,119,175,431,20,8.04
1021,2021-09,163,136,431,20,8.04
1021,2021-10,81,52,431,20,8.04
1021,2021-11,101,108,431,20,8.04
1021,2021-12,67,60,431,20,8.04
1021,2022-01,217,243,431,20,8.04
1021,2022-02,93,89,431,20,8.04
1021,2022-03,232,215,431,20,8.04
1021,2022-04,68,144,431,20,8.04
1021,2022-05,223,154,431,20,8.04
1021,2022-06,61,192,431,20,8.04
1021,2022-07,210,100,431,20,8.04
1021,2022-08,141,108,431,20,8.04
1021,2022-09,84,140,431,20,8.04
1021,2022-10,187,131,431,20,8.04
1021,2022-11,106,106,431,20,8.04
1021,2022-12,179,202,431,20,8.04
1021,2023-01,116,93,431,20,8.04
1021,2023-02,91,145,431,20,8.04
1021,2023-03,181,194,431,20,8.04
1021,2023-04,189,216,431,20,8.04
1021,2023-05,187,93,431,20,8.04
1021,2023-06,115,115,431,20,8.04
1021,2023-07,126,126,431,20,8.04
1021,2023-08,142,142,431,20,8.04
1021,2023-09,95,95,431,20,8.04
1021,2023-10,19,56,431,20,8.04
1021,2023-11,194,287,431,20,8.04
1021,2023-12,206,252,431,20,8.04
1021,2024-01,195,83,431,20,8.04
1021,2024-02,211,193,431,20,8.04
1021,2024-03,97,165,431,20,8.04
1021,2024-04,175,100,431,20,8.04
1021,2024-05,107,132,431,20,8.04
1021,2024-06,133,146,431,20,8.04
1021,2024-07,286,433,431,20,8.04
1021,2024-08,204,47,431,20,8.04
1021,2024-09,171,104,431,20,8.04
1021,2024-10,44,51,431,20,8.04
1021,2024-11,170,163,431,20,8.04
1021,2024-12,101,176,431,20,8.04
1021,2025-01,173,98,431,20,8.04
1021,2025-02,98,114,431,20,8.04
1021,2025-03,155,220,431,20,8.04
1021,2025-04,133,52,431,20,8.04
1021,2025-05,116,116,431,20,8.04
1021,2025-06,60,182,431,20,8.04
1021,2025-07,172,50,431,20,8.04
1021,2025-08,96,96,431,20,8.04
1021,2025-09,105,163,431,20,8.04
1021,2025-10,164,106,431,20,8.04
1022,2018-01,174,191,561,23,91.44
1022,2018-02,185,152,561,23,91.44
1022,2018-03,172,0,556,23,91.44
1022,2018-04,204,62,561,23,91.44
1022,2018-05,188,268,561,23,91.44
1022,2018-06,207,56,561,23,91.44
1022,2018-07,151,153,561,23,91.44
1022,2018-08,160,172,561,23,91.44
1022,2018-09,55,0,556,23,91.44
1022,2018-10,167,231,561,23,91.44
1022,2018-11,85,52,561,23,91.44
1022,2018-12,214,183,561,23,91.44
1022,2019-01,132,229,561,23,91.44
1022,2019-02,226,254,561,23,91.44
1022,2019-03,191,218,561,23,91.44
1022,2019-04,186,48,561,23,91.44
1022,2019-05,279,396,561,23,91.44
1022,2019-06,131,0,556,23,91.44
1022,2019-07,47,47,561,23,91.44
1022,2019-08,101,101,561,23,91.44
1022,2019-09,60,103,561,23,91.44
1022,2019-10,64,82,561,23,91.44
1022,2019-11,188,213,561,23,91.44
1022,2019-12,191,264,561,23,91.44
1022,2020-01,172,57,561,23,91.44
1022,2020-02,117,113,561,23,91.44
1022,2020-03,192,226,561,23,91.44
1022,2020-04,271,322,561,23,91.44
1022,2020-05,216,104,561,23,91.44
1022,2020-06,99,93,561,23,91.44
1022,2020-07,143,273,561,23,91.44
1022,2020-08,210,96,561,23,91.44
1022,2020-09,165,171,561,23,91.44
1022,2020-10,104,88,561,23,91.44
1022,2020-11,71,265,561,23,91.44
1022,2020-12,189,47,561,23,91.44
1022,2021-01,227,162,561,23,91.44
1022,2021-02,29,29,561,23,91.44
1022,2021-03,114,154,561,23,91.44
1022,2021-04,166,165,561,23,91.44
1022,2021-05,163,318,561,23,91.44
1022,2021-06,220,240,561,23,91.44
1022,2021-07,229,172,561,23,91.44
1022,2021-08,192,180,561,23,91.44
1022,2021-09,218,161,561,23,91.44
1022,2021-10,204,197,561,23,91.44
1022,2021-11,182,118,561,23,91.44
1022,2021-12,73,56,561,23,91.44
1022,2022-01,58,116,561,23,91.44
1022,2022-02,186,156,561,23,91.44
1022,2022-03,126,98,561,23,91.44
1022,2022-04,59,59,561,23,91.44
1022,2022-05,62,62,561,23,91.44
1022,2022-06,47,47,561,23,91.44
1022,2022-07,148,148,561,23,91.44
1022,2022-08,84,84,561,23,91.44
1022,2022-09,108,194,561,23,91.44
1022,2022-10,181,193,561,23,91.44
1022,2022-11,192,94,561,23,91.44
1022,2022-12,97,99,561,23,91.44
1022,2023-01,94,92,561,23,91.44
1022,2023-02,99,99,561,23,91.44
1022,2023-03,153,153,561,23,91.44
1022,2023-04,63,117,561,23,91.44
1022,2023-05,97,96,561,23,91.44
1022,2023-06,137,84,561,23,91.44
1022,2023-07,131,138,561,23,91.44
1022,2023-08,56,49,561,23,91.44
1022,2023-09,52,52,561,23,91.44
1022,2023-10,58,58,561,23,91.44
1022,2023-12,116,139,561,23,91.44
1022,2024-01,182,159,561,23,91.44
1022,2024-02,207,234,561,23,91.44
1022,2024-03,132,118,561,23,91.44
1022,2024-04,148,135,561,23,91.44
1022,2024-05,119,145,561,23,91.44
1022,2024-06,181,191,561,23,91.44
1022,2024-07,132,96,561,23,91.44
1022,2024-08,72,103,561,23,91.44
1022,2024-09,143,112,561,23,91.44
1022,2024-10,159,216,561,23,91.44
1022,2024-11,57,0,556,23,91.44
1022,2024-12,89,116,561,23,91.44
1022,2025-01,129,102,561,23,91.44
1022,2025-02,40,40,561,23,91.44
1022,2025-03,52,52,561,23,91.44
1022,2025-04,18,107,561,23,91.44
1022,2025-05,153,146,561,23,91.44
1022,2025-06,183,101,561,23,91.44
1022,2025-07,162,301,561,23,91.44
1022,2025-08,205,95,561,23,91.44
1022,2025-09,96,199,561,23,91.44
1022,2025-10,173,41,561,23,91.44
1023,2018-01,249,102,301,36,59.48
1023,2018-02,254,299,301,36,59.48
1023,2018-03,221,190,301,36,59.48
1023,2018-04,238,179,301,36,59.48
1023,2018-05,119,106,301,36,59.48
1023,2018-06,196,102,301,36,59.48
1023,2018-07,105,295,301,36,59.48
1023,2018-08,226,221,301,36,59.48
1023,2018-09,141,201,301,36,59.48
1023,2018-10,314,203,301,36,59.48
1023,2018-11,279,206,301,36,59.48
1023,2018-12,167,45,301,36,59.48
1023,2019-01,79,184,301,36,59.48
1023,2019-02,215,110,301,36,59.48
1023,2019-03,113,172,301,36,59.48
1023,2019-04,171,113,301,36,59.48
1023,2019-05,147,169,301,36,59.48
1023,2019-06,110,87,301,36,59.48
1023,2019-07,117,117,301,36,59.48
1023,2019-08,0,37,301,36,59.48
1023,2019-09,116,154,301,36,59.48
1023,2019-10,222,193,301,36,59.48
1023,2019-11,120,140,301,36,59.48
1023,2019-12,207,148,301,36,59.48
1023,2020-01,239,268,301,36,59.48
1023,2020-02,167,156,301,36,59.48
1023,2020-03,194,169,301,36,59.48
1023,2020-04,267,309,301,36,59.48
1023,2020-05,152,305,301,36,59.48
1023,2020-06,171,156,301,36,59.48
1023,2020-07,165,145,301,36,59.48
1023,2020-08,174,141,301,36,59.48
1023,2020-09,243,123,301,36,59.48
1023,2020-10,214,237,301,36,59.48
1023,2020-11,179,238,301,36,59.48
1023,2020-12,193,173,301,36,59.48
1023,2021-01,137,261,301,36,59.48
1023,2021-02,162,220,301,36,59.48
1023,2021-03,261,313,301,36,59.48
1023,2021-04,191,345,301,36,59.48
1023,2021-05,123,348,301,36,59.48
1023,2021-06,225,156,301,36,59.48
1023,2021-07,194,53,301,36,59.48
1023,2021-08,193,109,301,36,59.48
1023,2021-09,211,300,301,36,59.48
1023,2021-10,133,104,301,36,59.48
1023,2021-11,141,178,301,36,59.48
1023,2021-12,244,0,297,36,59.48
1023,2022-01,178,263,301,36,59.48
1023,2022-02,127,79,301,36,59.48
1023,2022-03,140,0,297,36,59.48
1023,2022-04,199,249,301,36,59.48
1023,2022-05,224,92,301,36,59.48
1023,2022-06,137,96,301,36,59.48
1023,2022-07,138,147,301,36,59.48
1023,2022-08,120,96,301,36,59.48
1023,2022-09,137,195,301,36,59.48
1023,2022-10,281,223,301,36,59.48
1023,2022-11,155,155,301,36,59.48
1023,2023-01,110,155,301,36,59.48
1023,2023-02,134,89,301,36,59.48
1023,2023-04,163,210,301,36,59.48
1023,2023-05,147,135,301,36,59.48
1023,2023-06,97,139,301,36,59.48
1023,2023-07,132,92,301,36,59.48
1023,2023-08,82,45,301,36,59.48
1023,2023-09,161,187,301,36,59.48
1023,2023-10,54,106,301,36,59.48
1023,2023-11,125,47,301,36,59.48
1023,2023-12,89,89,301,36,59.48
1023,2024-01,149,262,301,36,59.48
1023,2024-02,213,142,301,36,59.48
1023,2024-03,238,231,301,36,59.48
1023,2024-04,147,320,301,36,59.48
1023,2024-05,201,234,301,36,59.48
1023,2024-06,179,82,301,36,59.48
1023,2024-07,126,0,297,36,59.48
1023,2024-08,110,92,301,36,59.48
1023,2024-09,232,255,301,36,59.48
1023,2024-10,130,250,301,36,59.48
1023,2024-11,182,39,301,36,59.48
1023,2024-12,154,251,301,36,59.48
1023,2025-01,242,145,301,36,59.48
1023,2025-02,48,54,301,36,59.48
1023,2025-03,181,216,301,36,59.48
1023,2025-04,128,157,301,36,59.48
1023,2025-05,244,209,301,36,59.48
1023,2025-06,182,159,301,36,59.48
1023,2025-07,139,149,301,36,59.48
1023,2025-08,110,106,301,36,59.48
1023,2025-09,169,187,301,36,59.48
1023,2025-10,83,47,301,36,59.48
1024,2018-01,234,281,545,33,31.58
1024,2018-02,185,254,545,33,31.58
1024,2018-03,201,107,545,33,31.58
1024,2018-04,131,159,545,33,31.58
1024,2018-05,200,258,545,33,31.58
1024,2018-06,176,54,545,33,31.58
1024,2018-07,159,54,545,33,31.58
1024,2018-08,167,43,545,33,31.58
1024,2018-09,162,101,545,33,31.58
1024,2018-11,138,138,545,33,31.58
1024,2018-12,68,113,545,33,31.58
1024,2019-01,127,98,545,33,31.58
1024,2019-02,162,146,545,33,31.58
1024,2019-03,109,209,545,33,31.58
1024,2019-04,151,134,545,33,31.58
1024,2019-05,211,253,545,33,31.58
1024,2019-06,306,250,545,33,31.58
1024,2019-07,120,106,545,33,31.58
1024,2019-08,161,211,545,33,31.58
1024,2019-09,220,115,545,33,31.58
1024,2019-10,105,218,545,33,31.58
1024,2019-11,82,94,545,33,31.58
1024,2019-12,209,123,545,33,31.58
1024,2020-01,96,57,545,33,31.58
1024,2020-02,0,48,545,33,31.58
1024,2020-03,136,88,545,33,31.58
1024,2020-04,140,200,545,33,31.58
1024,2020-05,81,52,545,33,31.58
1024,2020-06,229,214,545,33,31.58
1024,2020-07,187,297,545,33,31.58
1024,2020-08,182,222,545,33,31.58
1024,2020-09,136,103,545,33,31.58
1024,2020-10,130,146,545,33,31.58
1024,2020-11,179,113,545,33,31.58
1024,2020-12,162,83,545,33,31.58
1024,2021-01,51,203,545,33,31.58
1024,2021-02,195,39,545,33,31.58
1024,2021-03,100,100,545,33,31.58
1024,2021-05,86,190,545,33,31.58
1024,2021-06,230,257,545,33,31.58
1024,2021-07,225,153,545,33,31.58
1024,2021-08,194,255,545,33,31.58
1024,2021-09,251,250,545,33,31.58
1024,2021-10,201,104,545,33,31.58
1024,2021-11,122,100,545,33,31.58
1024,2021-12,124,124,545,33,31.58
1024,2022-01,59,141,545,33,31.58
1024,2022-02,98,88,545,33,31.58
1024,2022-03,175,155,545,33,31.58
1024,2022-04,230,310,545,33,31.58
1024,2022-05,145,220,545,33,31.58
1024,2022-06,195,82,545,33,31.58
1024,2022-07,177,234,545,33,31.58
1024,2022-08,229,257,545,33,31.58
1024,2022-09,238,59,545,33,31.58
1024,2022-10,119,242,545,33,31.58
1024,2022-11,83,245,545,33,31.58
1024,2022-12,124,203,545,33,31.58
1024,2023-01,234,298,545,33,31.58
1024,2023-02,208,157,545,33,31.58
1024,2023-03,193,45,545,33,31.58
1024,2023-04,170,141,545,33,31.58
1024,2023-05,205,103,545,33,31.58
1024,2023-06,274,352,545,33,31.58
1024,2023-07,240,142,545,33,31.58
1024,2023-08,103,107,545,33,31.58
1024,2023-09,152,101,545,33,31.58
1024,2023-10,170,244,545,33,31.58
1024,2023-11,105,0,523,33,31.58
1024,2023-12,101,101,545,33,31.58
1024,2024-01,53,53,545,33,31.58
1024,2024-02,187,201,545,33,31.58
1024,2024-03,55,41,545,33,31.58
1024,2024-04,95,95,545,33,31.58
1024,2024-06,77,249,545,33,31.58
1024,2024-07,335,195,545,33,31.58
1024,2024-08,181,149,545,33,31.58
1024,2024-09,85,142,545,33,31.58
1024,2024-10,219,271,545,33,31.58
1024,2024-11,207,246,545,33,31.58
1024,2024-12,175,165,545,33,31.58
1024,2025-01,215,196,545,33,31.58
1024,2025-02,119,42,545,33,31.58
1024,2025-03,139,101,545,33,31.58
1024,2025-04,47,43,545,33,31.58
1024,2025-05,175,175,545,33,31.58
1024,2025-06,39,167,545,33,31.58
1024,2025-07,247,159,545,33,31.58
1024,2025-08,164,187,545,33,31.58
1024,2025-09,258,207,545,33,31.58
1024,2025-10,84,110,545,33,31.58
1025,2018-01,233,156,582,19,78.21
1025,2018-02,185,93,582,19,78.21
1025,2018-03,34,55,582,19,78.21
1025,2018-04,153,98,582,19,78.21
1025,2018-05,172,172,582,19,78.21
1025,2018-06,80,206,582,19,78.21
1025,2018-07,228,281,582,19,78.21
1025,2018-08,214,93,582,19,78.21
1025,2018-09,151,93,582,19,78.21
1025,2018-10,78,136,582,19,78.21
1025,2018-11,148,90,582,19,78.21
1025,2018-12,108,138,582,19,78.21
1025,2019-01,70,40,582,19,78.21
1025,2019-02,161,285,582,19,78.21
1025,2019-03,166,151,582,19,78.21
1025,2019-04,109,0,561,19,78.21
1025,2019-05,156,195,582,19,78.21
1025,2019-06,133,311,582,19,78.21
1025,2019-07,217,52,582,19,78.21
1025,2019-08,282,260,582,19,78.21
1025,2019-09,120,139,582,19,78.21
1025,2019-10,102,53,582,19,78.21
1025,2019-11,269,316,582,19,78.21
1025,2019-12,160,139,582,19,78.21
1025,2020-01,192,206,582,19,78.21
1025,2020-02,83,129,582,19,78.21
1025,2020-03,86,0,561,19,78.21
1025,2020-04,200,291,582,19,78.21
1025,2020-05,179,88,582,19,78.21
1025,2020-06,207,238,582,19,78.21
1025,2020-07,163,150,582,19,78.21
1025,2020-08,106,205,582,19,78.21
1025,2020-09,220,184,582,19,78.21
1025,2020-10,103,46,582,19,78.21
1025,2020-11,125,168,582,19,78.21
1025,2020-12,184,117,582,19,78.21
1025,2021-01,52,52,582,19,78.21
1025,2021-02,158,267,582,19,78.21
1025,2021-03,147,408,582,19,78.21
1025,2021-04,327,99,582,19,78.21
1025,2021-05,177,92,582,19,78.21
1025,2021-06,204,192,582,19,78.21
1025,2021-07,134,293,582,19,78.21
1025,2021-08,168,155,582,19,78.21
1025,2021-09,120,0,561,19,78.21
1025,2021-10,120,52,582,19,78.21
1025,2021-11,172,205,582,19,78.21
1025,2021-12,80,45,582,19,78.21
1025,2022-01,144,255,582,19,78.21
1025,2022-02,153,83,582,19,78.21
1025,2022-03,230,208,582,19,78.21
1025,2022-04,114,94,582,19,78.21
1025,2022-05,130,253,582,19,78.21
1025,2022-06,220,205,582,19,78.21
1025,2022-07,124,46,582,19,78.21
1025,2022-08,30,0,561,19,78.21
1025,2022-09,248,248,582,19,78.21
1025,2022-10,55,55,582,19,78.21
1025,2022-11,240,247,582,19,78.21
1025,2022-12,87,170,582,19,78.21
1025,2023-01,112,84,582,19,78.21
1025,2023-02,159,97,582,19,78.21
1025,2023-03,153,203,582,19,78.21
1025,2023-04,168,252,582,19,78.21
1025,2023-05,182,55,582,19,78.21
1025,2023-06,94,96,582,19,78.21
1025,2023-07,167,188,582,19,78.21
1025,2023-08,95,140,582,19,78.21
1025,2023-09,124,49,582,19,78.21
1025,2023-10,103,103,582,19,78.21
1025,2023-11,52,52,582,19,78.21
1025,2023-12,57,139,582,19,78.21
1025,2024-01,194,178,582,19,78.21
1025,2024-02,160,308,582,19,78.21
1025,2024-03,181,51,582,19,78.21
1025,2024-04,197,202,582,19,78.21
1025,2024-05,164,113,582,19,78.21
1025,2024-06,84,63,582,19,78.21
1025,2024-07,107,90,582,19,78.21
1025,2024-08,153,153,582,19,78.21
1025,2024-09,136,136,582,19,78.21
1025,2024-10,39,177,582,19,78.21
1025,2024-11,145,198,582,19,78.21
1025,2024-12,240,253,582,19,78.21
1025,2025-01,166,316,582,19,78.21
1025,2025-02,177,260,582,19,78.21
1025,2025-03,306,155,582,19,78.21
1025,2025-04,272,142,582,19,78.21
1025,2025-05,249,93,582,19,78.21
1025,2025-06,155,280,582,19,78.21
1025,2025-07,205,216,582,19,78.21
1025,2025-08,152,193,582,19,78.21
1025,2025-09,224,117,582,19,78.21
1025,2025-10,217,152,582,19,78.21
1026,2018-01,128,148,204,24,99.39
1026,2018-02,195,159,204,24,99.39
1026,2018-03,171,155,204,24,99.39
1026,2018-04,132,95,204,24,99.39
1026,2018-05,212,94,204,24,99.39
1026,2018-06,117,113,204,24,99.39
1026,2018-07,150,161,204,24,99.39
1026,2018-08,97,282,204,24,99.39
1026,2018-09,121,133,204,24,99.39
1026,2018-10,240,191,204,24,99.39
1026,2018-11,208,49,204,24,99.39
1026,2018-12,116,184,204,24,99.39
1026,2019-01,68,43,204,24,99.39
1026,2019-02,93,50,204,24,99.39
1026,2019-03,146,164,204,24,99.39
1026,2019-04,62,82,204,24,99.39
1026,2019-05,174,222,204,24,99.39
1026,2019-06,175,108,204,24,99.39
1026,2019-07,116,97,204,24,99.39
1026,2019-08,87,109,204,24,99.39
1026,2019-09,77,55,204,24,99.39
1026,2019-10,169,169,204,24,99.39
1026,2019-11,122,159,204,24,99.39
1026,2019-12,63,142,204,24,99.39
1026,2020-01,235,326,204,24,99.39
1026,2020-02,294,147,204,24,99.39
1026,2020-03,277,304,204,24,99.39
1026,2020-04,127,40,204,24,99.39
1026,2020-05,40,86,204,24,99.39
1026,2020-06,237,252,204,24,99.39
1026,2020-07,98,52,204,24,99.39
1026,2020-08,105,90,204,24,99.39
1026,2020-09,54,54,204,24,99.39
1026,2020-10,71,146,204,24,99.39
1026,2020-11,108,145,204,24,99.39
1026,2020-12,119,108,204,24,99.39
1026,2021-01,185,156,204,24,99.39
1026,2021-02,181,153,204,24,99.39
1026,2021-03,44,0,178,24,99.39
1026,2021-04,274,293,204,24,99.39
1026,2021-05,62,43,204,24,99.39
1026,2021-06,13,59,204,24,99.39
1026,2021-07,149,103,204,24,99.39
1026,2021-08,136,136,204,24,99.39
1026,2021-09,74,106,204,24,99.39
1026,2021-10,156,201,204,24,99.39
1026,2021-11,222,162,204,24,99.39
1026,2021-12,112,99,204,24,99.39
1026,2022-01,162,158,204,24,99.39
1026,2022-02,156,244,204,24,99.39
1026,2022-03,176,88,204,24,99.39
1026,2022-04,90,172,204,24,99.39
1026,2022-05,178,96,204,24,99.39
1026,2022-06,52,102,204,24,99.39
1026,2022-07,135,150,204,24,99.39
1026,2022-08,156,284,204,24,99.39
1026,2022-09,234,284,204,24,99.39
1026,2022-10,103,144,204,24,99.39
1026,2022-11,294,160,204,24,99.39
1026,2022-12,294,144,204,24,99.39
1026,2023-01,89,138,204,24,99.39
1026,2023-02,195,146,204,24,99.39
1026,2023-03,198,198,204,24,99.39
1026,2023-04,97,97,204,24,99.39
1026,2023-05,112,285,204,24,99.39
1026,2023-06,219,46,204,24,99.39
1026,2023-07,183,202,204,24,99.39
1026,2023-08,163,195,204,24,99.39
1026,2023-09,132,103,204,24,99.39
1026,2023-10,119,176,204,24,99.39
1026,2023-11,117,38,204,24,99.39
1026,2023-12,51,51,204,24,99.39
1026,2024-01,62,113,204,24,99.39
1026,2024-02,188,137,204,24,99.39
1026,2024-03,141,141,204,24,99.39
1026,2024-04,131,285,204,24,99.39
1026,2024-05,243,205,204,24,99.39
1026,2024-06,204,174,204,24,99.39
1026,2024-07,191,177,204,24,99.39
1026,2024-08,141,240,204,24,99.39
1026,2024-09,202,91,204,24,99.39
1026,2024-10,109,49,204,24,99.39
1026,2024-11,94,97,204,24,99.39
1026,2024-12,158,159,204,24,99.39
1026,2025-01,121,239,204,24,99.39
1026,2025-02,203,191,204,24,99.39
1026,2025-03,242,193,204,24,99.39
1026,2025-04,111,105,204,24,99.39
1026,2025-05,176,146,204,24,99.39
1026,2025-06,242,239,204,24,99.39
1026,2025-07,199,294,204,24,99.39
1026,2025-08,174,57,204,24,99.39
1026,2025-09,74,142,204,24,99.39
1026,2025-10,151,138,204,24,99.39
1027,2018-01,243,375,809,44,2.44
1027,2018-02,219,84,809,44,2.44
1027,2018-03,175,259,809,44,2.44
1027,2018-04,210,107,809,44,2.44
1027,2018-05,240,247,809,44,2.44
1027,2018-06,201,190,809,44,2.44
1027,2018-07,229,180,809,44,2.44
1027,2018-08,183,183,809,44,2.44
1027,2018-09,241,280,809,44,2.44
1027,2018-10,218,314,809,44,2.44
1027,2018-11,209,186,809,44,2.44
1027,2018-12,197,93,809,44,2.44
1027,2019-01,176,181,809,44,2.44
1027,2019-02,136,151,809,44,2.44
1027,2019-03,105,77,809,44,2.44
1027,2019-04,39,145,809,44,2.44
1027,2019-05,179,101,809,44,2.44
1027,2019-06,102,192,809,44,2.44
1027,2019-07,239,195,809,44,2.44
1027,2019-08,150,276,809,44,2.44
1027,2019-09,179,159,809,44,2.44
1027,2019-10,238,303,809,44,2.44
1027,2019-11,196,108,809,44,2.44
1027,2019-12,147,125,809,44,2.44
1027,2020-01,211,194,809,44,2.44
1027,2020-02,198,98,809,44,2.44
1027,2020-03,134,196,809,44,2.44
1027,2020-04,220,206,809,44,2.44
1027,2020-05,144,154,809,44,2.44
1027,2020-06,120,209,809,44,2.44
1027,2020-07,159,302,809,44,2.44
1027,2020-08,180,58,809,44,2.44
1027,2020-09,200,162,809,44,2.44
1027,2020-10,192,44,809,44,2.44
1027,2020-11,11,56,809,44,2.44
1027,2020-12,184,139,809,44,2.44
1027,2021-01,101,136,809,44,2.44
1027,2021-02,90,125,809,44,2.44
1027,2021-03,260,206,809,44,2.44
1027,2021-04,102,153,809,44,2.44
1027,2021-05,67,0,790,44,2.44
1027,2021-06,107,199,809,44,2.44
1027,2021-07,268,363,809,44,2.44
1027,2021-08,187,137,809,44,2.44
1027,2021-09,237,100,809,44,2.44
1027,2021-10,200,218,809,44,2.44
1027,2021-11,159,141,809,44,2.44
1027,2021-12,51,51,809,44,2.44
1027,2022-01,177,271,809,44,2.44
1027,2022-02,162,93,809,44,2.44
1027,2022-03,169,230,809,44,2.44
1027,2022-04,150,148,809,44,2.44
1027,2022-05,125,41,809,44,2.44
1027,2022-06,148,189,809,44,2.44
1027,2022-07,188,210,809,44,2.44
1027,2022-08,147,207,809,44,2.44
1027,2022-09,265,298,809,44,2.44
1027,2022-10,192,195,809,44,2.44
1027,2022-11,223,225,809,44,2.44
1027,2022-12,202,41,809,44,2.44
1027,2023-01,152,152,809,44,2.44
1027,2023-02,223,254,809,44,2.44
1027,2023-03,180,156,809,44,2.44
1027,2023-04,121,155,809,44,2.44
1027,2023-05,161,157,809,44,2.44
1027,2023-06,169,150,809,44,2.44
1027,2023-07,117,99,809,44,2.44
1027,2023-08,182,259,809,44,2.44
1027,2023-09,181,218,809,44,2.44
1027,2023-10,179,176,809,44,2.44
1027,2023-11,165,54,809,44,2.44
1027,2023-12,144,230,809,44,2.44
1027,2024-01,247,289,809,44,2.44
1027,2024-02,119,142,809,44,2.44
1027,2024-03,293,241,809,44,2.44
1027,2024-04,202,198,809,44,2.44
1027,2024-05,189,105,809,44,2.44
1027,2024-06,115,114,809,44,2.44
1027,2024-07,105,95,809,44,2.44
1027,2024-08,50,50,809,44,2.44
1027,2024-09,229,385,809,44,2.44
1027,2024-10,107,183,809,44,2.44
1027,2024-11,84,41,809,44,2.44
1027,2024-12,239,116,809,44,2.44
1027,2025-01,216,230,809,44,2.44
1027,2025-02,121,145,809,44,2.44
1027,2025-03,222,121,809,44,2.44
1027,2025-04,124,310,809,44,2.44
1027,2025-05,190,113,809,44,2.44
1027,2025-06,128,126,809,44,2.44
1027,2025-07,170,115,809,44,2.44
1027,2025-08,164,157,809,44,2.44
1027,2025-09,86,96,809,44,2.44
1027,2025-10,219,161,809,44,2.44
1028,2018-01,287,228,460,15,6.52
1028,2018-02,202,118,460,15,6.52
1028,2018-03,221,32,460,15,6.52
1028,2018-04,134,157,460,15,6.52
1028,2018-05,80,51,460,15,6.52
1028,2018-06,137,137,460,15,6.52
1028,2018-07,42,42,460,15,6.52
1028,2018-08,146,146,460,15,6.52
1028,2018-09,80,80,460,15,6.52
1028,2018-10,195,230,460,15,6.52
1028,2018-11,132,97,460,15,6.52
1028,2018-12,191,257,460,15,6.52
1028,2019-01,217,189,460,15,6.52
1028,2019-02,38,0,441,15,6.52
1028,2019-03,100,100,460,15,6.52
1028,2019-04,157,197,460,15,6.52
1028,2019-05,157,117,460,15,6.52
1028,2019-06,94,103,460,15,6.52
1028,2019-07,166,241,460,15,6.52
1028,2019-08,125,41,460,15,6.52
1028,2019-09,40,40,460,15,6.52
1028,2019-10,196,196,460,15,6.52
1028,2019-11,162,300,460,15,6.52
1028,2019-12,176,306,460,15,6.52
1028,2020-01,207,145,460,15,6.52
1028,2020-02,257,51,460,15,6.52
1028,2020-03,49,49,460,15,6.52
1028,2020-04,201,268,460,15,6.52
1028,2020-05,240,253,460,15,6.52
1028,2020-06,141,286,460,15,6.52
1028,2020-07,246,200,460,15,6.52
1028,2020-08,247,214,460,15,6.52
1028,2020-09,233,204,460,15,6.52
1028,2020-10,143,53,460,15,6.52
1028,2020-11,154,303,460,15,6.52
1028,2020-12,247,156,460,15,6.52
1028,2021-01,216,131,460,15,6.52
1028,2021-02,111,311,460,15,6.52
1028,2021-03,170,168,460,15,6.52
1028,2021-04,248,50,460,15,6.52
1028,2021-05,28,101,460,15,6.52
1028,2021-06,118,45,460,15,6.52
1028,2021-07,167,186,460,15,6.52
1028,2021-08,210,328,460,15,6.52
1028,2021-09,137,0,441,15,6.52
1028,2021-10,60,60,460,15,6.52
1028,2021-11,76,76,460,15,6.52
1028,2021-12,95,95,460,15,6.52
1028,2022-01,118,118,460,15,6.52
1028,2022-02,177,185,460,15,6.52
1028,2022-03,185,257,460,15,6.52
1028,2022-04,121,41,460,15,6.52
1028,2022-05,256,267,460,15,6.52
1028,2022-06,58,102,460,15,6.52
1028,2022-07,162,107,460,15,6.52
1028,2022-08,218,218,460,15,6.52
1028,2022-09,98,109,460,15,6.52
1028,2022-10,45,49,460,15,6.52
1028,2022-11,15,0,441,15,6.52
1028,2022-12,104,136,460,15,6.52
1028,2023-01,51,58,460,15,6.52
1028,2023-02,171,132,460,15,6.52
1028,2023-03,50,50,460,15,6.52
1028,2023-04,109,109,460,15,6.52
1028,2023-05,139,203,460,15,6.52
1028,2023-06,153,299,460,15,6.52
1028,2023-07,124,154,460,15,6.52
1028,2023-08,286,109,460,15,6.52
1028,2023-09,170,203,460,15,6.52
1028,2023-10,138,47,460,15,6.52
1028,2023-11,125,136,460,15,6.52
1028,2023-12,166,199,460,15,6.52
1028,2024-01,227,243,460,15,6.52
1028,2024-02,217,152,460,15,6.52
1028,2024-03,138,332,460,15,6.52
1028,2024-04,169,255,460,15,6.52
1028,2024-05,344,196,460,15,6.52
1028,2024-06,252,236,460,15,6.52
1028,2024-07,178,225,460,15,6.52
1028,2024-08,231,164,460,15,6.52
1028,2024-09,229,145,460,15,6.52
1028,2024-10,205,280,460,15,6.52
1028,2024-11,272,185,460,15,6.52
1028,2024-12,169,197,460,15,6.52
1028,2025-01,121,153,460,15,6.52
1028,2025-02,108,102,460,15,6.52
1028,2025-03,151,189,460,15,6.52
1028,2025-04,184,92,460,15,6.52
1028,2025-05,88,154,460,15,6.52
1028,2025-06,208,142,460,15,6.52
1028,2025-07,100,162,460,15,6.52
1028,2025-08,207,356,460,15,6.52
1028,2025-09,230,162,460,15,6.52
1028,2025-10,161,135,460,15,6.52
1029,2018-01,214,152,688,24,8.09
1029,2018-02,75,120,688,24,8.09
1029,2018-03,206,210,688,24,8.09
1029,2018-04,163,189,688,24,8.09
1029,2018-05,172,213,688,24,8.09
1029,2018-06,155,39,688,24,8.09
1029,2018-07,46,46,688,24,8.09
1029,2018-09,115,185,688,24,8.09
1029,2018-10,125,59,688,24,8.09
1029,2018-11,60,56,688,24,8.09
1029,2018-12,160,237,688,24,8.09
1029,2019-01,316,313,688,24,8.09
1029,2019-02,170,106,688,24,8.09
1029,2019-03,108,98,688,24,8.09
1029,2019-04,103,103,688,24,8.09
1029,2019-05,62,325,688,24,8.09
1029,2019-06,237,254,688,24,8.09
1029,2019-07,215,47,688,24,8.09
1029,2019-08,300,188,688,24,8.09
1029,2019-09,155,180,688,24,8.09
1029,2019-10,77,52,688,24,8.09
1029,2019-11,92,144,688,24,8.09
1029,2019-12,195,180,688,24,8.09
1029,2020-01,166,249,688,24,8.09
1029,2020-02,136,178,688,24,8.09
1029,2020-03,163,292,688,24,8.09
1029,2020-04,229,112,688,24,8.09
1029,2020-05,239,149,688,24,8.09
1029,2020-06,129,83,688,24,8.09
1029,2020-07,216,282,688,24,8.09
1029,2020-08,154,51,688,24,8.09
1029,2020-09,145,228,688,24,8.09
1029,2020-10,229,245,688,24,8.09
1029,2020-11,154,100,688,24,8.09
1029,2020-12,274,432,688,24,8.09
1029,2021-01,134,148,688,24,8.09
1029,2021-02,220,102,688,24,8.09
1029,2021-03,179,92,688,24,8.09
1029,2021-04,59,46,688,24,8.09
1029,2021-05,99,382,688,24,8.09
1029,2021-06,174,149,688,24,8.09
1029,2021-07,265,103,688,24,8.09
1029,2021-08,194,98,688,24,8.09
1029,2021-09,266,266,688,24,8.09
1029,2021-10,168,168,688,24,8.09
1029,2021-11,166,166,688,24,8.09
1029,2021-12,110,133,688,24,8.09
1029,2022-01,140,117,688,24,8.09
1029,2022-02,91,91,688,24,8.09
1029,2022-03,168,297,688,24,8.09
1029,2022-04,198,89,688,24,8.09
1029,2022-05,161,173,688,24,8.09
1029,2022-06,129,152,688,24,8.09
1029,2022-07,142,138,688,24,8.09
1029,2022-08,262,265,688,24,8.09
1029,2022-09,211,191,688,24,8.09
1029,2022-10,85,51,688,24,8.09
1029,2022-11,39,39,688,24,8.09
1029,2022-12,202,256,688,24,8.09
1029,2023-01,54,0,675,24,8.09
1029,2023-02,129,156,688,24,8.09
1029,2023-03,73,46,688,24,8.09
1029,2023-04,48,48,688,24,8.09
1029,2023-05,138,296,688,24,8.09
1029,2023-06,274,154,688,24,8.09
1029,2023-07,85,47,688,24,8.09
1029,2023-08,128,128,688,24,8.09
1029,2023-10,152,189,688,24,8.09
1029,2023-11,99,62,688,24,8.09
1029,2023-12,168,323,688,24,8.09
1029,2024-01,205,50,688,24,8.09
1029,2024-02,17,50,688,24,8.09
1029,2024-03,107,228,688,24,8.09
1029,2024-04,267,113,688,24,8.09
1029,2024-05,145,145,688,24,8.09
1029,2024-06,78,110,688,24,8.09
1029,2024-07,77,45,688,24,8.09
1029,2024-08,129,129,688,24,8.09
1029,2024-10,155,155,688,24,8.09
1029,2024-11,141,195,688,24,8.09
1029,2024-12,190,249,688,24,8.09
1029,2025-01,232,148,688,24,8.09
1029,2025-02,93,78,688,24,8.09
1029,2025-03,147,133,688,24,8.09
1029,2025-04,253,293,688,24,8.09
1029,2025-05,131,104,688,24,8.09
1029,2025-06,194,192,688,24,8.09
1029,2025-07,274,263,688,24,8.09
1029,2025-08,173,249,688,24,8.09
1029,2025-09,76,0,675,24,8.09
1029,2025-10,165,235,688,24,8.09
1030,2018-01,182,143,689,15,75.01
1030,2018-02,239,105,689,15,75.01
1030,2018-03,188,113,689,15,75.01
1030,2018-04,54,47,689,15,75.01
1030,2018-05,189,473,689,15,75.01
1030,2018-06,100,275,689,15,75.01
1030,2018-07,188,96,689,15,75.01
1030,2018-08,271,100,689,15,75.01
1030,2018-09,330,152,689,15,75.01
1030,2018-10,173,155,689,15,75.01
1030,2018-11,96,96,689,15,75.01
1030,2018-12,82,203,689,15,75.01
1030,2019-01,191,219,689,15,75.01
1030,2019-02,91,96,689,15,75.01
1030,2019-03,156,194,689,15,75.01
1030,2019-04,174,212,689,15,75.01
1030,2019-05,192,429,689,15,75.01
1030,2019-06,323,140,689,15,75.01
1030,2019-07,294,55,689,15,75.01
1030,2019-08,141,97,689,15,75.01
1030,2019-09,209,208,689,15,75.01
1030,2019-10,224,330,689,15,75.01
1030,2019-11,193,381,689,15,75.01
1030,2019-12,198,188,689,15,75.01
1030,2020-01,196,209,689,15,75.01
1030,2020-02,203,262,689,15,75.01
1030,2020-03,253,253,689,15,75.01
1030,2020-04,77,256,689,15,75.01
1030,2020-05,143,119,689,15,75.01
1030,2020-06,250,240,689,15,75.01
1030,2020-07,284,184,689,15,75.01
1030,2020-08,183,225,689,15,75.01
1030,2020-09,185,157,689,15,75.01
1030,2020-10,275,303,689,15,75.01
1030,2020-11,228,139,689,15,75.01
1030,2020-12,242,262,689,15,75.01
1030,2021-01,250,143,689,15,75.01
1030,2021-02,137,105,689,15,75.01
1030,2021-03,210,53,689,15,75.01
1030,2021-04,122,44,689,15,75.01
1030,2021-05,150,150,689,15,75.01
1030,2021-06,114,149,689,15,75.01
1030,2021-07,50,52,689,15,75.01
1030,2021-08,168,194,689,15,75.01
1030,2021-09,126,63,689,15,75.01
1030,2021-10,97,106,689,15,75.01
1030,2021-11,97,88,689,15,75.01
1030,2021-12,47,107,689,15,75.01
1030,2022-01,190,269,689,15,75.01
1030,2022-02,139,0,667,15,75.01
1030,2022-03,18,107,689,15,75.01
1030,2022-04,148,195,689,15,75.01
1030,2022-05,175,220,689,15,75.01
1030,2022-06,173,103,689,15,75.01
1030,2022-07,158,167,689,15,75.01
1030,2022-08,146,88,689,15,75.01
1030,2022-09,98,42,689,15,75.01
1030,2022-10,82,131,689,15,75.01
1030,2022-11,209,154,689,15,75.01
1030,2022-12,74,83,689,15,75.01
1030,2023-01,201,335,689,15,75.01
1030,2023-02,138,50,689,15,75.01
1030,2023-03,170,239,689,15,75.01
1030,2023-04,254,130,689,15,75.01
1030,2023-05,33,56,689,15,75.01
1030,2023-06,175,203,689,15,75.01
1030,2023-07,212,161,689,15,75.01
1030,2023-08,136,136,689,15,75.01
1030,2023-09,117,145,689,15,75.01
1030,2023-10,145,130,689,15,75.01
1030,2023-11,178,211,689,15,75.01
1030,2023-12,241,195,689,15,75.01
1030,2024-01,265,265,689,15,75.01
1030,2024-02,78,99,689,15,75.01
1030,2024-03,159,138,689,15,75.01
1030,2024-04,134,142,689,15,75.01
1030,2024-05,172,299,689,15,75.01
1030,2024-06,235,236,689,15,75.01
1030,2024-07,148,246,689,15,75.01
1030,2024-08,278,235,689,15,75.01
1030,2024-09,187,91,689,15,75.01
1030,2024-10,147,294,689,15,75.01
1030,2024-11,210,105,689,15,75.01
1030,2024-12,107,96,689,15,75.01
1030,2025-01,235,195,689,15,75.01
1030,2025-02,138,52,689,15,75.01
1030,2025-03,160,229,689,15,75.01
1030,2025-04,211,170,689,15,75.01
1030,2025-05,179,251,689,15,75.01
1030,2025-06,143,243,689,15,75.01
1030,2025-07,210,101,689,15,75.01
1030,2025-08,244,153,689,15,75.01
1030,2025-09,52,109,689,15,75.01
1030,2025-10,188,131,689,15,75.01
1031,2018-01,291,146,614,25,68.43
1031,2018-02,331,213,614,25,68.43
1031,2018-03,111,95,614,25,68.43
1031,2018-04,129,90,614,25,68.43
1031,2018-05,119,225,614,25,68.43
1031,2018-06,139,33,614,25,68.43
1031,2018-07,144,144,614,25,68.43
1031,2018-08,90,90,614,25,68.43
1031,2018-09,57,57,614,25,68.43
1031,2018-10,122,208,614,25,68.43
1031,2018-11,139,53,614,25,68.43
1031,2018-12,93,103,614,25,68.43
1031,2019-01,129,142,614,25,68.43
1031,2019-02,119,111,614,25,68.43
1031,2019-03,108,93,614,25,68.43
1031,2019-04,66,79,614,25,68.43
1031,2019-05,114,101,614,25,68.43
1031,2019-06,100,115,614,25,68.43
1031,2019-07,231,235,614,25,68.43
1031,2019-08,88,98,614,25,68.43
1031,2019-09,66,37,614,25,68.43
1031,2019-10,118,203,614,25,68.43
1031,2019-11,85,0,585,25,68.43
1031,2019-12,56,56,614,25,68.43
1031,2020-01,82,82,614,25,68.43
1031,2020-02,95,95,614,25,68.43
1031,2020-03,99,99,614,25,68.43
1031,2020-04,135,135,614,25,68.43
1031,2020-05,116,116,614,25,68.43
1031,2020-06,103,103,614,25,68.43
1031,2020-07,56,309,614,25,68.43
1031,2020-08,343,91,614,25,68.43
1031,2020-09,91,90,614,25,68.43
1031,2020-10,90,152,614,25,68.43
1031,2020-11,202,140,614,25,68.43
1031,2020-12,173,203,614,25,68.43
1031,2021-01,79,103,614,25,68.43
1031,2021-02,275,229,614,25,68.43
1031,2021-03,70,191,614,25,68.43
1031,2021-04,212,150,614,25,68.43
1031,2021-05,136,140,614,25,68.43
1031,2021-06,235,383,614,25,68.43
1031,2021-07,219,53,614,25,68.43
1031,2021-08,86,33,614,25,68.43
1031,2021-09,205,315,614,25,68.43
1031,2021-10,157,95,614,25,68.43
1031,2021-11,245,268,614,25,68.43
1031,2021-12,244,173,614,25,68.43
1031,2022-01,124,149,614,25,68.43
1031,2022-02,131,140,614,25,68.43
1031,2022-03,68,164,614,25,68.43
1031,2022-04,231,119,614,25,68.43
1031,2022-05,128,110,614,25,68.43
1031,2022-06,138,138,614,25,68.43
1031,2022-07,151,207,614,25,68.43
1031,2022-08,116,60,614,25,68.43
1031,2022-09,136,136,614,25,68.43
1031,2022-10,142,201,614,25,68.43
1031,2022-11,121,94,614,25,68.43
1031,2022-12,168,258,614,25,68.43
1031,2023-01,211,261,614,25,68.43
1031,2023-02,237,214,614,25,68.43
1031,2023-03,137,320,614,25,68.43
1031,2023-04,172,145,614,25,68.43
1031,2023-05,158,163,614,25,68.43
1031,2023-06,259,145,614,25,68.43
1031,2023-07,244,366,614,25,68.43
1031,2023-08,213,99,614,25,68.43
1031,2023-09,202,95,614,25,68.43
1031,2023-10,103,252,614,25,68.43
1031,2023-11,178,101,614,25,68.43
1031,2023-12,118,348,614,25,68.43
1031,2024-01,156,312,614,25,68.43
1031,2024-02,111,144,614,25,68.43
1031,2024-03,243,310,614,25,68.43
1031,2024-04,196,271,614,25,68.43
1031,2024-05,220,54,614,25,68.43
1031,2024-06,178,48,614,25,68.43
1031,2024-07,221,163,614,25,68.43
1031,2024-08,205,355,614,25,68.43
1031,2024-09,141,206,614,25,68.43
1031,2024-10,182,218,614,25,68.43
1031,2024-11,142,106,614,25,68.43
1031,2024-12,232,205,614,25,68.43
1031,2025-01,320,396,614,25,68.43
1031,2025-02,149,0,585,25,68.43
1031,2025-03,171,151,614,25,68.43
1031,2025-04,332,0,585,25,68.43
1031,2025-05,247,108,614,25,68.43
1031,2025-06,118,248,614,25,68.43
1031,2025-07,207,99,614,25,68.43
1031,2025-08,44,54,614,25,68.43
1031,2025-09,86,54,614,25,68.43
1031,2025-10,29,52,614,25,68.43
1032,2018-01,220,191,517,25,3.41
1032,2018-02,198,91,517,25,3.41
1032,2018-03,183,73,517,25,3.41
1032,2018-04,175,209,517,25,3.41
1032,2018-05,200,255,517,25,3.41
1032,2018-06,185,175,517,25,3.41
1032,2018-07,124,45,517,25,3.41
1032,2018-08,105,105,517,25,3.41
1032,2018-10,88,197,517,25,3.41
1032,2018-11,148,99,517,25,3.41
1032,2018-12,153,93,517,25,3.41
1032,2019-01,58,114,517,25,3.41
1032,2019-02,172,189,517,25,3.41
1032,2019-03,169,212,517,25,3.41
1032,2019-04,150,105,517,25,3.41
1032,2019-05,113,50,517,25,3.41
1032,2019-06,122,114,517,25,3.41
1032,2019-07,142,142,517,25,3.41
1032,2019-08,109,319,517,25,3.41
1032,2019-09,164,238,517,25,3.41
1032,2019-10,201,411,517,25,3.41
1032,2019-11,255,59,517,25,3.41
1032,2019-12,198,299,517,25,3.41
1032,2020-01,164,220,517,25,3.41
1032,2020-02,158,64,517,25,3.41
1032,2020-03,213,0,515,25,3.41
1032,2020-04,243,95,517,25,3.41
1032,2020-05,235,271,517,25,3.41
1032,2020-06,122,112,517,25,3.41
1032,2020-07,226,220,517,25,3.41
1032,2020-08,129,109,517,25,3.41
1032,2020-09,107,169,517,25,3.41
1032,2020-10,145,185,517,25,3.41
1032,2020-11,129,235,517,25,3.41
1032,2020-12,208,92,517,25,3.41
1032,2021-01,207,197,517,25,3.41
1032,2021-02,204,122,517,25,3.41
1032,2021-04,146,149,517,25,3.41
1032,2021-05,153,150,517,25,3.41
1032,2021-06,120,138,517,25,3.41
1032,2021-07,156,138,517,25,3.41
1032,2021-08,123,155,517,25,3.41
1032,2021-09,111,272,517,25,3.41
1032,2021-10,237,112,517,25,3.41
1032,2021-11,171,103,517,25,3.41
1032,2021-12,130,130,517,25,3.41
1032,2022-01,118,374,517,25,3.41
1032,2022-02,199,153,517,25,3.41
1032,2022-03,234,94,517,25,3.41
1032,2022-04,191,277,517,25,3.41
1032,2022-05,169,307,517,25,3.41
1032,2022-06,298,206,517,25,3.41
1032,2022-07,276,225,517,25,3.41
1032,2022-08,137,101,517,25,3.41
1032,2022-09,115,0,515,25,3.41
1032,2022-10,145,145,517,25,3.41
1032,2022-11,154,154,517,25,3.41
1032,2022-12,266,325,517,25,3.41
1032,2023-01,228,205,517,25,3.41
1032,2023-02,36,0,515,25,3.41
1032,2023-03,197,223,517,25,3.41
1032,2023-04,195,178,517,25,3.41
1032,2023-05,63,54,517,25,3.41
1032,2023-06,116,158,517,25,3.41
1032,2023-07,309,267,517,25,3.41
1032,2023-08,115,143,517,25,3.41
1032,2023-09,170,158,517,25,3.41
1032,2023-10,181,195,517,25,3.41
1032,2023-11,223,267,517,25,3.41
1032,2023-12,152,197,517,25,3.41
1032,2024-01,232,113,517,25,3.41
1032,2024-02,64,95,517,25,3.41
1032,2024-03,31,0,515,25,3.41
1032,2024-04,55,55,517,25,3.41
1032,2024-05,89,89,517,25,3.41
1032,2024-06,36,36,517,25,3.41
1032,2024-07,125,260,517,25,3.41
1032,2024-08,216,460,517,25,3.41
1032,2024-09,251,0,515,25,3.41
1032,2024-10,294,393,517,25,3.41
1032,2024-11,176,278,517,25,3.41
1032,2024-12,261,84,517,25,3.41
1032,2025-01,262,152,517,25,3.41
1032,2025-02,141,148,517,25,3.41
1032,2025-03,181,212,517,25,3.41
1032,2025-04,147,98,517,25,3.41
1032,2025-05,81,50,517,25,3.41
1032,2025-06,188,349,517,25,3.41
1032,2025-07,226,307,517,25,3.41
1032,2025-08,226,136,517,25,3.41
1032,2025-09,203,51,517,25,3.41
1032,2025-10,45,45,517,25,3.41
1033,2018-01,192,50,599,14,48.82
1033,2018-02,103,193,599,14,48.82
1033,2018-03,161,214,599,14,48.82
1033,2018-04,235,97,599,14,48.82
1033,2018-05,213,199,599,14,48.82
1033,2018-06,229,167,599,14,48.82
1033,2018-07,200,91,599,14,48.82
1033,2018-08,130,142,599,14,48.82
1033,2018-09,58,208,599,14,48.82
1033,2018-10,227,65,599,14,48.82
1033,2018-11,102,102,599,14,48.82
1033,2018-12,98,114,599,14,48.82
1033,2019-01,106,90,599,14,48.82
1033,2019-02,235,311,599,14,48.82
1033,2019-03,167,272,599,14,48.82
1033,2019-04,210,150,599,14,48.82
1033,2019-05,82,145,599,14,48.82
1033,2019-06,168,98,599,14,48.82
1033,2019-07,166,52,599,14,48.82
1033,2019-08,186,252,599,14,48.82
1033,2019-09,115,104,599,14,48.82
1033,2019-10,116,86,599,14,48.82
1033,2019-11,150,190,599,14,48.82
1033,2019-12,211,187,599,14,48.82
1033,2020-01,138,155,599,14,48.82
1033,2020-02,58,0,575,14,48.82
1033,2020-03,50,143,599,14,48.82
1033,2020-04,153,260,599,14,48.82
1033,2020-05,218,98,599,14,48.82
1033,2020-06,138,115,599,14,48.82
1033,2020-07,57,49,599,14,48.82
1033,2020-08,115,91,599,14,48.82
1033,2020-09,122,150,599,14,48.82
1033,2020-10,100,47,599,14,48.82
1033,2020-11,142,142,599,14,48.82
1033,2020-12,143,195,599,14,48.82
1033,2021-01,235,241,599,14,48.82
1033,2021-02,105,47,599,14,48.82
1033,2021-03,97,97,599,14,48.82
1033,2021-04,132,181,599,14,48.82
1033,2021-05,199,380,599,14,48.82
1033,2021-06,168,56,599,14,48.82
1033,2021-07,151,160,599,14,48.82
1033,2021-08,211,139,599,14,48.82
1033,2021-09,190,145,599,14,48.82
1033,2021-10,178,219,599,14,48.82
1033,2021-11,247,309,599,14,48.82
1033,2021-12,159,46,599,14,48.82
1033,2022-01,96,161,599,14,48.82
1033,2022-02,158,263,599,14,48.82
1033,2022-03,170,186,599,14,48.82
1033,2022-04,173,245,599,14,48.82
1033,2022-05,175,163,599,14,48.82
1033,2022-06,245,244,599,14,48.82
1033,2022-07,203,184,599,14,48.82
1033,2022-08,258,56,599,14,48.82
1033,2022-09,44,45,599,14,48.82
1033,2022-10,158,243,599,14,48.82
1033,2022-11,150,153,599,14,48.82
1033,2022-12,218,250,599,14,48.82
1033,2023-01,167,55,599,14,48.82
1033,2023-02,121,88,599,14,48.82
1033,2023-03,129,247,599,14,48.82
1033,2023-04,217,99,599,14,48.82
1033,2023-05,209,216,599,14,48.82
1033,2023-06,94,138,599,14,48.82
1033,2023-07,201,188,599,14,48.82
1033,2023-08,183,204,599,14,48.82
1033,2023-09,162,103,599,14,48.82
1033,2023-10,73,260,599,14,48.82
1033,2023-11,213,55,599,14,48.82
1033,2023-12,209,193,599,14,48.82
1033,2024-01,75,62,599,14,48.82
1033,2024-02,0,41,599,14,48.82
1033,2024-03,200,159,599,14,48.82
1033,2024-04,261,292,599,14,48.82
1033,2024-05,117,107,599,14,48.82
1033,2024-06,179,283,599,14,48.82
1033,2024-07,174,49,599,14,48.82
1033,2024-08,157,241,599,14,48.82
1033,2024-09,122,50,599,14,48.82
1033,2024-10,207,210,599,14,48.82
1033,2024-11,160,291,599,14,48.82
1033,2024-12,146,0,575,14,48.82
1033,2025-01,156,214,599,14,48.82
1033,2025-02,205,147,599,14,48.82
1033,2025-03,147,210,599,14,48.82
1033,2025-04,172,161,599,14,48.82
1033,2025-05,94,42,599,14,48.82
1033,2025-06,107,107,599,14,48.82
1033,2025-07,89,89,599,14,48.82
1033,2025-08,142,142,599,14,48.82
1033,2025-09,101,156,599,14,48.82
1033,2025-10,104,143,599,14,48.82
1034,2018-01,209,41,812,35,60.18
1034,2018-02,207,144,812,35,60.18
1034,2018-03,198,0,792,35,60.18
1034,2018-04,105,150,812,35,60.18
1034,2018-05,73,0,792,35,60.18
1034,2018-06,197,197,812,35,60.18
1034,2018-07,109,141,812,35,60.18
1034,2018-08,118,209,812,35,60.18
1034,2018-09,220,163,812,35,60.18
1034,2018-10,110,44,812,35,60.18
1034,2018-11,167,199,812,35,60.18
1034,2018-12,73,41,812,35,60.18
1034,2019-01,154,307,812,35,60.18
1034,2019-02,173,47,812,35,60.18
1034,2019-03,209,259,812,35,60.18
1034,2019-04,172,243,812,35,60.18
1034,2019-05,111,242,812,35,60.18
1034,2019-06,112,135,812,35,60.18
1034,2019-07,316,45,812,35,60.18
1034,2019-08,165,203,812,35,60.18
1034,2019-09,176,352,812,35,60.18
1034,2019-10,276,276,812,35,60.18
1034,2019-11,206,162,812,35,60.18
1034,2019-12,184,261,812,35,60.18
1034,2020-01,174,148,812,35,60.18
1034,2020-02,110,178,812,35,60.18
1034,2020-03,312,243,812,35,60.18
1034,2020-04,267,47,812,35,60.18
1034,2020-05,128,97,812,35,60.18
1034,2020-06,204,251,812,35,60.18
1034,2020-07,111,175,812,35,60.18
1034,2020-08,174,300,812,35,60.18
1034,2020-09,192,289,812,35,60.18
1034,2020-10,224,39,812,35,60.18
1034,2020-11,214,105,812,35,60.18
1034,2020-12,142,142,812,35,60.18
1034,2021-01,179,198,812,35,60.18
1034,2021-02,138,275,812,35,60.18
1034,2021-03,254,85,812,35,60.18
1034,2021-04,189,215,812,35,60.18
1034,2021-05,173,214,812,35,60.18
1034,2021-06,199,347,812,35,60.18
1034,2021-07,166,94,812,35,60.18
1034,2021-08,192,207,812,35,60.18
1034,2021-09,210,350,812,35,60.18
1034,2021-10,211,194,812,35,60.18
1034,2021-11,256,153,812,35,60.18
1034,2021-12,183,147,812,35,60.18
1034,2022-01,223,158,812,35,60.18
1034,2022-02,128,59,812,35,60.18
1034,2022-03,102,92,812,35,60.18
1034,2022-04,95,86,812,35,60.18
1034,2022-05,175,251,812,35,60.18
1034,2022-06,132,40,812,35,60.18
1034,2022-07,47,47,812,35,60.18
1034,2022-08,118,266,812,35,60.18
1034,2022-09,186,38,812,35,60.18
1034,2022-10,111,217,812,35,60.18
1034,2022-11,227,204,812,35,60.18
1034,2022-12,160,108,812,35,60.18
1034,2023-01,185,154,812,35,60.18
1034,2023-02,71,100,812,35,60.18
1034,2023-03,78,90,812,35,60.18
1034,2023-04,135,99,812,35,60.18
1034,2023-05,137,147,812,35,60.18
1034,2023-06,218,333,812,35,60.18
1034,2023-07,271,161,812,35,60.18
1034,2023-08,48,43,812,35,60.18
1034,2023-09,158,153,812,35,60.18
1034,2023-10,172,305,812,35,60.18
1034,2023-11,262,203,812,35,60.18
1034,2023-12,183,109,812,35,60.18
1034,2024-01,170,189,812,35,60.18
1034,2024-02,206,290,812,35,60.18
1034,2024-03,296,284,812,35,60.18
1034,2024-04,101,53,812,35,60.18
1034,2024-05,139,97,812,35,60.18
1034,2024-06,190,263,812,35,60.18
1034,2024-07,66,248,812,35,60.18
1034,2024-08,218,201,812,35,60.18
1034,2024-09,270,158,812,35,60.18
1034,2024-10,218,200,812,35,60.18
1034,2024-11,165,89,812,35,60.18
1034,2024-12,168,262,812,35,60.18
1034,2025-01,220,277,812,35,60.18
1034,2025-02,286,186,812,35,60.18
1034,2025-03,232,189,812,35,60.18
1034,2025-04,167,148,812,35,60.18
1034,2025-05,74,42,812,35,60.18
1034,2025-06,104,151,812,35,60.18
1034,2025-07,195,244,812,35,60.18
1034,2025-08,188,96,812,35,60.18
1034,2025-09,260,264,812,35,60.18
1034,2025-10,155,215,812,35,60.18
1035,2018-01,282,92,643,29,32.62
1035,2018-02,177,140,643,29,32.62
1035,2018-03,182,117,643,29,32.62
1035,2018-04,120,48,643,29,32.62
1035,2018-05,106,209,643,29,32.62
1035,2018-06,145,42,643,29,32.62
1035,2018-07,208,208,643,29,32.62
1035,2018-08,44,44,643,29,32.62
1035,2018-09,126,126,643,29,32.62
1035,2018-10,161,201,643,29,32.62
1035,2018-11,100,305,643,29,32.62
1035,2018-12,151,49,643,29,32.62
1035,2019-01,217,165,643,29,32.62
1035,2019-02,209,176,643,29,32.62
1035,2019-03,101,103,643,29,32.62
1035,2019-04,264,210,643,29,32.62
1035,2019-05,202,196,643,29,32.62
1035,2019-06,146,146,643,29,32.62
1035,2019-08,121,205,643,29,32.62
1035,2019-09,218,134,643,29,32.62
1035,2019-10,174,238,643,29,32.62
1035,2019-11,237,232,643,29,32.62
1035,2019-12,224,337,643,29,32.62
1035,2020-01,168,46,643,29,32.62
1035,2020-02,136,282,643,29,32.62
1035,2020-03,238,100,643,29,32.62
1035,2020-04,101,43,643,29,32.62
1035,2020-05,198,304,643,29,32.62
1035,2020-06,159,108,643,29,32.62
1035,2020-07,246,250,643,29,32.62
1035,2020-08,204,151,643,29,32.62
1035,2020-09,128,182,643,29,32.62
1035,2020-10,173,153,643,29,32.62
1035,2020-11,94,155,643,29,32.62
1035,2020-12,182,81,643,29,32.62
1035,2021-01,137,137,643,29,32.62
1035,2021-02,88,114,643,29,32.62
1035,2021-03,69,118,643,29,32.62
1035,2021-04,117,58,643,29,32.62
1035,2021-05,146,297,643,29,32.62
1035,2021-06,126,186,643,29,32.62
1035,2021-07,214,97,643,29,32.62
1035,2021-08,196,86,643,29,32.62
1035,2021-09,64,82,643,29,32.62
1035,2021-10,99,185,643,29,32.62
1035,2021-11,125,43,643,29,32.62
1035,2021-12,212,358,643,29,32.62
1035,2022-01,265,184,643,29,32.62
1035,2022-02,237,150,643,29,32.62
1035,2022-03,98,98,643,29,32.62
1035,2022-04,166,210,643,29,32.62
1035,2022-05,63,55,643,29,32.62
1035,2022-06,221,193,643,29,32.62
1035,2022-07,114,106,643,29,32.62
1035,2022-08,96,96,643,29,32.62
1035,2022-09,45,45,643,29,32.62
1035,2022-11,108,112,643,29,32.62
1035,2022-12,4,0,619,29,32.62
1035,2023-01,55,55,643,29,32.62
1035,2023-02,162,239,643,29,32.62
1035,2023-03,158,81,643,29,32.62
1035,2023-04,71,115,643,29,32.62
1035,2023-05,68,52,643,29,32.62
1035,2023-06,65,45,643,29,32.62
1035,2023-07,140,243,643,29,32.62
1035,2023-08,166,202,643,29,32.62
1035,2023-09,242,141,643,29,32.62
1035,2023-10,101,55,643,29,32.62
1035,2023-11,82,144,643,29,32.62
1035,2023-12,235,173,643,29,32.62
1035,2024-01,116,116,643,29,32.62
1035,2024-02,45,45,643,29,32.62
1035,2024-03,37,49,643,29,32.62
1035,2024-04,27,160,643,29,32.62
1035,2024-05,208,151,643,29,32.62
1035,2024-06,127,131,643,29,32.62
1035,2024-07,202,110,643,29,32.62
1035,2024-08,45,80,643,29,32.62
1035,2024-09,178,143,643,29,32.62
1035,2024-10,34,103,643,29,32.62
1035,2024-11,266,416,643,29,32.62
1035,2024-12,191,55,643,29,32.62
1035,2025-01,159,153,643,29,32.62
1035,2025-02,113,109,643,29,32.62
1035,2025-03,117,50,643,29,32.62
1035,2025-04,54,48,643,29,32.62
1035,2025-05,41,41,643,29,32.62
1035,2025-06,92,93,643,29,32.62
1035,2025-07,105,150,643,29,32.62
1035,2025-08,101,55,643,29,32.62
1035,2025-09,115,219,643,29,32.62
1035,2025-10,133,201,643,29,32.62
1036,2018-01,227,141,831,42,78.66
1036,2018-02,194,165,831,42,78.66
1036,2018-03,134,57,831,42,78.66
1036,2018-04,88,167,831,42,78.66
1036,2018-05,161,208,831,42,78.66
1036,2018-06,180,158,831,42,78.66
1036,2018-07,210,301,831,42,78.66
1036,2018-08,241,155,831,42,78.66
1036,2018-09,218,141,831,42,78.66
1036,2018-10,185,199,831,42,78.66
1036,2018-11,208,271,831,42,78.66
1036,2018-12,193,224,831,42,78.66
1036,2019-01,152,104,831,42,78.66
1036,2019-02,112,280,831,42,78.66
1036,2019-03,265,44,831,42,78.66
1036,2019-04,83,44,831,42,78.66
1036,2019-06,181,207,831,42,78.66
1036,2019-07,125,99,831,42,78.66
1036,2019-08,95,95,831,42,78.66
1036,2019-09,95,95,831,42,78.66
1036,2019-10,47,47,831,42,78.66
1036,2019-11,111,150,831,42,78.66
1036,2019-12,106,136,831,42,78.66
1036,2020-01,117,50,831,42,78.66
1036,2020-02,188,186,831,42,78.66
1036,2020-03,44,44,831,42,78.66
1036,2020-04,170,170,831,42,78.66
1036,2020-05,142,159,831,42,78.66
1036,2020-06,70,107,831,42,78.66
1036,2020-07,54,0,815,42,78.66
1036,2020-08,143,143,831,42,78.66
1036,2020-09,47,47,831,42,78.66
1036,2020-10,121,218,831,42,78.66
1036,2020-11,238,155,831,42,78.66
1036,2020-12,219,225,831,42,78.66
1036,2021-01,20,44,831,42,78.66
1036,2021-02,193,156,831,42,78.66
1036,2021-03,68,135,831,42,78.66
1036,2021-04,210,193,831,42,78.66
1036,2021-05,205,148,831,42,78.66
1036,2021-06,56,56,831,42,78.66
1036,2021-07,185,185,831,42,78.66
1036,2021-08,95,188,831,42,78.66
1036,2021-09,241,150,831,42,78.66
1036,2021-10,140,209,831,42,78.66
1036,2021-11,151,80,831,42,78.66
1036,2021-12,180,211,831,42,78.66
1036,2022-01,173,142,831,42,78.66
1036,2022-02,71,136,831,42,78.66
1036,2022-03,229,221,831,42,78.66
1036,2022-04,184,231,831,42,78.66
1036,2022-05,205,149,831,42,78.66
1036,2022-06,99,51,831,42,78.66
1036,2022-07,19,51,831,42,78.66
1036,2022-08,126,108,831,42,78.66
1036,2022-09,187,302,831,42,78.66
1036,2022-10,133,305,831,42,78.66
1036,2022-11,111,107,831,42,78.66
1036,2022-12,197,101,831,42,78.66
1036,2023-01,159,87,831,42,78.66
1036,2023-02,166,55,831,42,78.66
1036,2023-03,123,138,831,42,78.66
1036,2023-04,152,148,831,42,78.66
1036,2023-05,173,144,831,42,78.66
1036,2023-06,96,192,831,42,78.66
1036,2023-07,110,99,831,42,78.66
1036,2023-08,146,177,831,42,78.66
1036,2023-09,166,175,831,42,78.66
1036,2023-10,293,203,831,42,78.66
1036,2023-11,164,144,831,42,78.66
1036,2023-12,103,88,831,42,78.66
1036,2024-01,54,54,831,42,78.66
1036,2024-02,56,56,831,42,78.66
1036,2024-03,212,265,831,42,78.66
1036,2024-04,122,315,831,42,78.66
1036,2024-05,248,253,831,42,78.66
1036,2024-06,189,57,831,42,78.66
1036,2024-07,283,190,831,42,78.66
1036,2024-08,92,66,831,42,78.66
1036,2024-09,292,333,831,42,78.66
1036,2024-10,117,179,831,42,78.66
1036,2024-11,103,0,815,42,78.66
1036,2024-12,51,144,831,42,78.66
1036,2025-01,240,208,831,42,78.66
1036,2025-02,106,86,831,42,78.66
1036,2025-03,78,49,831,42,78.66
1036,2025-04,255,293,831,42,78.66
1036,2025-05,159,147,831,42,78.66
1036,2025-06,117,105,831,42,78.66
1036,2025-07,215,213,831,42,78.66
1036,2025-08,173,217,831,42,78.66
1036,2025-09,234,362,831,42,78.66
1036,2025-10,151,150,831,42,78.66
1037,2018-01,189,108,307,12,14.29
1037,2018-02,149,44,307,12,14.29
1037,2018-03,39,51,307,12,14.29
1037,2018-04,136,185,307,12,14.29
1037,2018-05,248,205,307,12,14.29
1037,2018-06,40,69,307,12,14.29
1037,2018-07,246,197,307,12,14.29
1037,2018-08,118,98,307,12,14.29
1037,2018-09,108,159,307,12,14.29
1037,2018-10,211,235,307,12,14.29
1037,2018-11,163,155,307,12,14.29
1037,2018-12,174,236,307,12,14.29
1037,2019-01,168,57,307,12,14.29
1037,2019-02,118,117,307,12,14.29
1037,2019-03,114,104,307,12,14.29
1037,2019-04,47,40,307,12,14.29
1037,2019-05,127,161,307,12,14.29
1037,2019-06,87,218,307,12,14.29
1037,2019-07,259,202,307,12,14.29
1037,2019-08,267,206,307,12,14.29
1037,2019-09,95,48,307,12,14.29
1037,2019-10,110,110,307,12,14.29
1037,2019-11,146,152,307,12,14.29
1037,2019-12,73,104,307,12,14.29
1037,2020-01,148,111,307,12,14.29
1037,2020-02,63,201,307,12,14.29
1037,2020-03,300,216,307,12,14.29
1037,2020-04,143,89,307,12,14.29
1037,2020-05,49,49,307,12,14.29
1037,2020-06,149,149,307,12,14.29
1037,2020-07,120,169,307,12,14.29
1037,2020-08,127,84,307,12,14.29
1037,2020-09,250,284,307,12,14.29
1037,2020-10,106,90,307,12,14.29
1037,2020-11,72,78,307,12,14.29
1037,2020-12,127,97,307,12,14.29
1037,2021-01,52,168,307,12,14.29
1037,2021-02,152,233,307,12,14.29
1037,2021-03,204,169,307,12,14.29
1037,2021-04,151,86,307,12,14.29
1037,2021-05,196,99,307,12,14.29
1037,2021-06,85,152,307,12,14.29
1037,2021-07,67,0,305,12,14.29
1037,2021-08,83,169,307,12,14.29
1037,2021-09,198,288,307,12,14.29
1037,2021-10,145,146,307,12,14.29
1037,2021-11,268,225,307,12,14.29
1037,2021-12,208,112,307,12,14.29
1037,2022-01,52,45,307,12,14.29
1037,2022-02,71,40,307,12,14.29
1037,2022-03,49,49,307,12,14.29
1037,2022-04,58,58,307,12,14.29
1037,2022-05,140,436,307,12,14.29
1037,2022-06,141,93,307,12,14.29
1037,2022-07,243,258,307,12,14.29
1037,2022-08,194,261,307,12,14.29
1037,2022-09,242,154,307,12,14.29
1037,2022-10,257,142,307,12,14.29
1037,2022-11,230,141,307,12,14.29
1037,2022-12,93,55,307,12,14.29
1037,2023-02,190,314,307,12,14.29
1037,2023-03,225,112,307,12,14.29
1037,2023-04,109,106,307,12,14.29
1037,2023-05,52,44,307,12,14.29
1037,2023-06,95,232,307,12,14.29
1037,2023-07,207,129,307,12,14.29
1037,2023-08,109,104,307,12,14.29
1037,2023-09,142,104,307,12,14.29
1037,2023-10,112,96,307,12,14.29
1037,2023-11,37,51,307,12,14.29
1037,2023-12,174,212,307,12,14.29
1037,2024-01,161,180,307,12,14.29
1037,2024-02,117,46,307,12,14.29
1037,2024-03,40,50,307,12,14.29
1037,2024-04,129,156,307,12,14.29
1037,2024-05,37,0,305,12,14.29
1037,2024-06,45,99,307,12,14.29
1037,2024-07,174,202,307,12,14.29
1037,2024-08,218,160,307,12,14.29
1037,2024-09,196,181,307,12,14.29
1037,2024-10,77,89,307,12,14.29
1037,2024-11,90,144,307,12,14.29
1037,2024-12,98,49,307,12,14.29
1037,2025-01,191,272,307,12,14.29
1037,2025-02,165,58,307,12,14.29
1037,2025-03,178,243,307,12,14.29
1037,2025-04,171,106,307,12,14.29
1037,2025-05,149,149,307,12,14.29
1037,2025-07,136,218,307,12,14.29
1037,2025-08,82,0,305,12,14.29
1037,2025-09,39,39,307,12,14.29
1037,2025-10,58,58,307,12,14.29
1038,2018-01,231,156,511,35,63.73
1038,2018-02,204,192,511,35,63.73
1038,2018-03,190,206,511,35,63.73
1038,2018-04,217,402,511,35,63.73
1038,2018-05,315,114,511,35,63.73
1038,2018-06,108,55,511,35,63.73
1038,2018-07,120,149,511,35,63.73
1038,2018-08,125,96,511,35,63.73
1038,2018-09,16,49,511,35,63.73
1038,2018-10,148,123,511,35,63.73
1038,2018-11,105,155,511,35,63.73
1038,2018-12,191,184,511,35,63.73
1038,2019-01,152,152,511,35,63.73
1038,2019-02,154,111,511,35,63.73
1038,2019-03,46,61,511,35,63.73
1038,2019-04,80,57,511,35,63.73
1038,2019-05,86,179,511,35,63.73
1038,2019-06,205,244,511,35,63.73
1038,2019-07,251,266,511,35,63.73
1038,2019-08,191,180,511,35,63.73
1038,2019-09,274,138,511,35,63.73
1038,2019-10,59,59,511,35,63.73
1038,2019-11,143,249,511,35,63.73
1038,2019-12,161,89,511,35,63.73
1038,2020-01,182,237,511,35,63.73
1038,2020-02,229,213,511,35,63.73
1038,2020-03,266,247,511,35,63.73
1038,2020-04,88,56,511,35,63.73
1038,2020-05,186,164,511,35,63.73
1038,2020-06,95,95,511,35,63.73
1038,2020-07,40,82,511,35,63.73
1038,2020-08,217,264,511,35,63.73
1038,2020-09,165,191,511,35,63.73
1038,2020-10,185,343,511,35,63.73
1038,2020-11,255,198,511,35,63.73
1038,2020-12,295,317,511,35,63.73
1038,2021-01,232,94,511,35,63.73
1038,2021-02,217,265,511,35,63.73
1038,2021-03,179,181,511,35,63.73
1038,2021-04,190,47,511,35,63.73
1038,2021-05,89,163,511,35,63.73
1038,2021-06,128,47,511,35,63.73
1038,2021-07,159,209,511,35,63.73
1038,2021-08,205,200,511,35,63.73
1038,2021-09,161,165,511,35,63.73
1038,2021-10,181,278,511,35,63.73
1038,2021-11,276,211,511,35,63.73
1038,2021-12,225,203,511,35,63.73
1038,2022-01,147,99,511,35,63.73
1038,2022-02,167,206,511,35,63.73
1038,2022-03,90,57,511,35,63.73
1038,2022-04,88,99,511,35,63.73
1038,2022-05,168,193,511,35,63.73
1038,2022-06,109,56,511,35,63.73
1038,2022-07,234,391,511,35,63.73
1038,2022-08,187,146,511,35,63.73
1038,2022-09,108,201,511,35,63.73
1038,2022-10,328,148,511,35,63.73
1038,2022-11,164,197,511,35,63.73
1038,2022-12,262,354,511,35,63.73
1038,2023-01,287,210,511,35,63.73
1038,2023-02,169,349,511,35,63.73
1038,2023-03,236,0,499,35,63.73
1038,2023-04,171,150,511,35,63.73
1038,2023-05,103,103,511,35,63.73
1038,2023-06,130,176,511,35,63.73
1038,2023-07,186,140,511,35,63.73
1038,2023-08,104,206,511,35,63.73
1038,2023-09,286,292,511,35,63.73
1038,2023-10,212,104,511,35,63.73
1038,2023-11,70,110,511,35,63.73
1038,2023-12,86,46,511,35,63.73
1038,2024-01,90,90,511,35,63.73
1038,2024-02,43,47,511,35,63.73
1038,2024-03,88,112,511,35,63.73
1038,2024-04,134,159,511,35,63.73
1038,2024-05,104,51,511,35,63.73
1038,2024-06,141,286,511,35,63.73
1038,2024-07,156,110,511,35,63.73
1038,2024-08,99,0,499,35,63.73
1038,2024-09,140,140,511,35,63.73
1038,2024-10,178,211,511,35,63.73
1038,2024-11,76,43,511,35,63.73
1038,2024-12,160,203,511,35,63.73
1038,2025-01,88,45,511,35,63.73
1038,2025-02,157,157,511,35,63.73
1038,2025-03,187,204,511,35,63.73
1038,2025-04,61,142,511,35,63.73
1038,2025-05,191,93,511,35,63.73
1038,2025-06,252,302,511,35,63.73
1038,2025-07,147,97,511,35,63.73
1038,2025-08,176,221,511,35,63.73
1038,2025-09,132,147,511,35,63.73
1038,2025-10,130,205,511,35,63.73
1039,2018-01,224,212,379,38,2.68
1039,2018-02,200,195,379,38,2.68
1039,2018-03,115,63,379,38,2.68
1039,2018-04,100,37,379,38,2.68
1039,2018-05,65,65,379,38,2.68
1039,2018-06,159,188,379,38,2.68
1039,2018-07,76,47,379,38,2.68
1039,2018-08,123,207,379,38,2.68
1039,2018-09,244,243,379,38,2.68
1039,2018-10,275,213,379,38,2.68
1039,2018-11,64,43,379,38,2.68
1039,2018-12,138,160,379,38,2.68
1039,2019-01,169,148,379,38,2.68
1039,2019-02,208,271,379,38,2.68
1039,2019-03,212,148,379,38,2.68
1039,2019-04,144,187,379,38,2.68
1039,2019-05,43,0,366,38,2.68
1039,2019-06,45,45,379,38,2.68
1039,2019-07,189,239,379,38,2.68
1039,2019-08,92,219,379,38,2.68
1039,2019-09,255,184,379,38,2.68
1039,2019-10,157,141,379,38,2.68
1039,2019-11,168,195,379,38,2.68
1039,2019-12,196,345,379,38,2.68
1039,2020-01,148,105,379,38,2.68
1039,2020-02,113,153,379,38,2.68
1039,2020-03,280,107,379,38,2.68
1039,2020-04,135,45,379,38,2.68
1039,2020-05,131,186,379,38,2.68
1039,2020-06,159,149,379,38,2.68
1039,2020-07,64,89,379,38,2.68
1039,2020-08,196,244,379,38,2.68
1039,2020-09,203,253,379,38,2.68
1039,2020-10,220,206,379,38,2.68
1039,2020-11,250,103,379,38,2.68
1039,2020-12,7,0,366,38,2.68
1039,2021-01,149,149,379,38,2.68
1039,2021-02,51,91,379,38,2.68
1039,2021-03,56,44,379,38,2.68
1039,2021-04,163,179,379,38,2.68
1039,2021-05,117,155,379,38,2.68
1039,2021-06,136,113,379,38,2.68
1039,2021-07,144,254,379,38,2.68
1039,2021-08,171,279,379,38,2.68
1039,2021-09,103,216,379,38,2.68
1039,2021-10,235,194,379,38,2.68
1039,2021-11,197,39,379,38,2.68
1039,2021-12,219,185,379,38,2.68
1039,2022-01,249,111,379,38,2.68
1039,2022-02,131,112,379,38,2.68
1039,2022-03,103,103,379,38,2.68
1039,2022-04,85,154,379,38,2.68
1039,2022-05,178,109,379,38,2.68
1039,2022-06,72,132,379,38,2.68
1039,2022-07,135,96,379,38,2.68
1039,2022-08,224,321,379,38,2.68
1039,2022-09,277,238,379,38,2.68
1039,2022-10,166,151,379,38,2.68
1039,2022-11,267,339,379,38,2.68
1039,2022-12,224,260,379,38,2.68
1039,2023-01,236,64,379,38,2.68
1039,2023-02,96,200,379,38,2.68
1039,2023-03,208,104,379,38,2.68
1039,2023-04,57,108,379,38,2.68
1039,2023-05,179,255,379,38,2.68
1039,2023-06,170,262,379,38,2.68
1039,2023-07,205,338,379,38,2.68
1039,2023-08,248,65,379,38,2.68
1039,2023-09,224,207,379,38,2.68
1039,2023-10,197,159,379,38,2.68
1039,2023-11,114,0,366,38,2.68
1039,2023-12,109,109,379,38,2.68
1039,2024-01,89,89,379,38,2.68
1039,2024-02,182,248,379,38,2.68
1039,2024-03,151,85,379,38,2.68
1039,2024-05,131,144,379,38,2.68
1039,2024-06,106,214,379,38,2.68
1039,2024-07,191,119,379,38,2.68
1039,2024-08,137,88,379,38,2.68
1039,2024-09,147,147,379,38,2.68
1039,2024-10,181,254,379,38,2.68
1039,2024-11,200,254,379,38,2.68
1039,2024-12,100,270,379,38,2.68
1039,2025-01,200,63,379,38,2.68
1039,2025-02,162,143,379,38,2.68
1039,2025-03,197,56,379,38,2.68
1039,2025-04,168,169,379,38,2.68
1039,2025-05,174,223,379,38,2.68
1039,2025-06,50,0,366,38,2.68
1039,2025-07,94,140,379,38,2.68
1039,2025-08,230,293,379,38,2.68
1039,2025-09,129,51,379,38,2.68
1039,2025-10,62,94,379,38,2.68
