1000,DECODIFICADOR IPTV ZXV10 B866V2,2018,1,211
1000,DECODIFICADOR IPTV ZXV10 B866V2,2018,2,341
1000,DECODIFICADOR IPTV ZXV10 B866V2,2018,3,145
1000,DECODIFICADOR IPTV ZXV10 B866V2,2018,4,150
1000,DECODIFICADOR IPTV ZXV10 B866V2,2018,5,70
1000,DECODIFICADOR IPTV ZXV10 B866V2,2018,6,191
1000,DECODIFICADOR IPTV ZXV10 B866V2,2018,7,173
1000,DECODIFICADOR IPTV ZXV10 B866V2,2018,8,92
1000,DECODIFICADOR IPTV ZXV10 B866V2,2018,9,263
1000,DECODIFICADOR IPTV ZXV10 B866V2,2018,10,187
1000,DECODIFICADOR IPTV ZXV10 B866V2,2018,11,259
1000,DECODIFICADOR IPTV ZXV10 B866V2,2018,12,196
1000,DECODIFICADOR IPTV ZXV10 B866V2,2019,1,127
1000,DECODIFICADOR IPTV ZXV10 B866V2,2019,2,223
1000,DECODIFICADOR IPTV ZXV10 B866V2,2019,3,184
1000,DECODIFICADOR IPTV ZXV10 B866V2,2019,4,233
1000,DECODIFICADOR IPTV ZXV10 B866V2,2019,5,174
1000,DECODIFICADOR IPTV ZXV10 B866V2,2019,6,37
1000,DECODIFICADOR IPTV ZXV10 B866V2,2019,7,149
1000,DECODIFICADOR IPTV ZXV10 B866V2,2019,8,137
1000,DECODIFICADOR IPTV ZXV10 B866V2,2019,9,97
1000,DECODIFICADOR IPTV ZXV10 B866V2,2019,10,103
1000,DECODIFICADOR IPTV ZXV10 B866V2,2019,11,145
1000,DECODIFICADOR IPTV ZXV10 B866V2,2019,12,117
1000,DECODIFICADOR IPTV ZXV10 B866V2,2020,1,187
1000,DECODIFICADOR IPTV ZXV10 B866V2,2020,2,117
1000,DECODIFICADOR IPTV ZXV10 B866V2,2020,3,214
1000,DECODIFICADOR IPTV ZXV10 B866V2,2020,4,22
1000,DECODIFICADOR IPTV ZXV10 B866V2,2020,5,157
1000,DECODIFICADOR IPTV ZXV10 B866V2,2020,6,219
1000,DECODIFICADOR IPTV ZXV10 B866V2,2020,7,191
1000,DECODIFICADOR IPTV ZXV10 B866V2,2020,8,139
1000,DECODIFICADOR IPTV ZXV10 B866V2,2020,9,180
1000,DECODIFICADOR IPTV ZXV10 B866V2,2020,10,238
1000,DECODIFICADOR IPTV ZXV10 B866V2,2020,11,39
1000,DECODIFICADOR IPTV ZXV10 B866V2,2020,12,233
1000,DECODIFICADOR IPTV ZXV10 B866V2,2021,1,125
1000,DECODIFICADOR IPTV ZXV10 B866V2,2021,2,141
1000,DECODIFICADOR IPTV ZXV10 B866V2,2021,3,195
1000,DECODIFICADOR IPTV ZXV10 B866V2,2021,4,177
1000,DECODIFICADOR IPTV ZXV10 B866V2,2021,5,219
1000,DECODIFICADOR IPTV ZXV10 B866V2,2021,6,145
1000,DECODIFICADOR IPTV ZXV10 B866V2,2021,7,203
1000,DECODIFICADOR IPTV ZXV10 B866V2,2021,8,161
1000,DECODIFICADOR IPTV ZXV10 B866V2,2021,9,194
1000,DECODIFICADOR IPTV ZXV10 B866V2,2021,10,209
1000,DECODIFICADOR IPTV ZXV10 B866V2,2021,11,180
1000,DECODIFICADOR IPTV ZXV10 B866V2,2021,12,160
1000,DECODIFICADOR IPTV ZXV10 B866V2,2022,1,230
1000,DECODIFICADOR IPTV ZXV10 B866V2,2022,2,125
1000,DECODIFICADOR IPTV ZXV10 B866V2,2022,3,167
1000,DECODIFICADOR IPTV ZXV10 B866V2,2022,4,166
1000,DECODIFICADOR IPTV ZXV10 B866V2,2022,5,142
1000,DECODIFICADOR IPTV ZXV10 B866V2,2022,6,101
1000,DECODIFICADOR IPTV ZXV10 B866V2,2022,7,89
1000,DECODIFICADOR IPTV ZXV10 B866V2,2022,8,91
1000,DECODIFICADOR IPTV ZXV10 B866V2,2022,9,122
1000,DECODIFICADOR IPTV ZXV10 B866V2,2022,10,122
1000,DECODIFICADOR IPTV ZXV10 B866V2,2022,11,51
1000,DECODIFICADOR IPTV ZXV10 B866V2,2023,1,123
1000,DECODIFICADOR IPTV ZXV10 B866V2,2023,2,155
1000,DECODIFICADOR IPTV ZXV10 B866V2,2023,3,301
1000,DECODIFICADOR IPTV ZXV10 B866V2,2023,4,91
1000,DECODIFICADOR IPTV ZXV10 B866V2,2023,5,212
1000,DECODIFICADOR IPTV ZXV10 B866V2,2023,6,69
1000,DECODIFICADOR IPTV ZXV10 B866V2,2023,7,142
1000,DECODIFICADOR IPTV ZXV10 B866V2,2023,8,189
1000,DECODIFICADOR IPTV ZXV10 B866V2,2023,9,304
1000,DECODIFICADOR IPTV ZXV10 B866V2,2023,10,104
1000,DECODIFICADOR IPTV ZXV10 B866V2,2023,11,121
1000,DECODIFICADOR IPTV ZXV10 B866V2,2023,12,157
1000,DECODIFICADOR IPTV ZXV10 B866V2,2024,1,101
1000,DECODIFICADOR IPTV ZXV10 B866V2,2024,2,160
1000,DECODIFICADOR IPTV ZXV10 B866V2,2024,3,76
1000,DECODIFICADOR IPTV ZXV10 B866V2,2024,4,132
1000,DECODIFICADOR IPTV ZXV10 B866V2,2024,5,67
1000,DECODIFICADOR IPTV ZXV10 B866V2,2024,6,182
1000,DECODIFICADOR IPTV ZXV10 B866V2,2024,7,223
1000,DECODIFICADOR IPTV ZXV10 B866V2,2024,8,226
1000,DECODIFICADOR IPTV ZXV10 B866V2,2024,9,76
1000,DECODIFICADOR IPTV ZXV10 B866V2,2024,10,229
1000,DECODIFICADOR IPTV ZXV10 B866V2,2024,11,174
1000,DECODIFICADOR IPTV ZXV10 B866V2,2024,12,112
1000,DECODIFICADOR IPTV ZXV10 B866V2,2025,1,140
1000,DECODIFICADOR IPTV ZXV10 B866V2,2025,2,178
1000,DECODIFICADOR IPTV ZXV10 B866V2,2025,3,284
1000,DECODIFICADOR IPTV ZXV10 B866V2,2025,4,128
1000,DECODIFICADOR IPTV ZXV10 B866V2,2025,5,136
1000,DECODIFICADOR IPTV ZXV10 B866V2,2025,6,160
1000,DECODIFICADOR IPTV ZXV10 B866V2,2025,7,150
1000,DECODIFICADOR IPTV ZXV10 B866V2,2025,8,180
1000,DECODIFICADOR IPTV ZXV10 B866V2,2025,9,49
1000,DECODIFICADOR IPTV ZXV10 B866V2,2025,10,112
1001,ONT FTTH,2018,1,123
1001,ONT FTTH,2018,2,160
1001,ONT FTTH,2018,3,251
1001,ONT FTTH,2018,4,112
1001,ONT FTTH,2018,5,234
1001,ONT FTTH,2018,6,194
1001,ONT FTTH,2018,7,182
1001,ONT FTTH,2018,8,163
1001,ONT FTTH,2018,9,229
1001,ONT FTTH,2018,10,170
1001,ONT FTTH,2018,11,209
1001,ONT FTTH,2018,12,137
1001,ONT FTTH,2019,1,229
1001,ONT FTTH,2019,2,231
1001,ONT FTTH,2019,3,173
1001,ONT FTTH,2019,4,119
1001,ONT FTTH,2019,5,97
1001,ONT FTTH,2019,6,58
1001,ONT FTTH,2019,7,137
1001,ONT FTTH,2019,8,212
1001,ONT FTTH,2019,9,158
1001,ONT FTTH,2019,10,160
1001,ONT FTTH,2019,11,316
1001,ONT FTTH,2019,12,163
1001,ONT FTTH,2020,1,104
1001,ONT FTTH,2020,2,113
1001,ONT FTTH,2020,3,158
1001,ONT FTTH,2020,4,151
1001,ONT FTTH,2020,5,215
1001,ONT FTTH,2020,6,199
1001,ONT FTTH,2020,7,118
1001,ONT FTTH,2020,8,231
1001,ONT FTTH,2020,9,167
1001,ONT FTTH,2020,10,171
1001,ONT FTTH,2020,11,240
1001,ONT FTTH,2020,12,194
1001,ONT FTTH,2021,1,225
1001,ONT FTTH,2021,2,54
1001,ONT FTTH,2021,3,180
1001,ONT FTTH,2021,4,164
1001,ONT FTTH,2021,5,142
1001,ONT FTTH,2021,6,237
1001,ONT FTTH,2021,7,47
1001,ONT FTTH,2021,8,58
1001,ONT FTTH,2021,9,77
1001,ONT FTTH,2021,10,220
1001,ONT FTTH,2021,11,73
1001,ONT FTTH,2021,12,132
1001,ONT FTTH,2022,1,137
1001,ONT FTTH,2022,2,103
1001,ONT FTTH,2022,3,40
1001,ONT FTTH,2022,4,166
1001,ONT FTTH,2022,5,154
1001,ONT FTTH,2022,6,172
1001,ONT FTTH,2022,7,125
1001,ONT FTTH,2022,8,229
1001,ONT FTTH,2022,9,171
1001,ONT FTTH,2022,10,212
1001,ONT FTTH,2022,11,124
1001,ONT FTTH,2022,12,179
1001,ONT FTTH,2023,1,207
1001,ONT FTTH,2023,2,253
1001,ONT FTTH,2023,3,105
1001,ONT FTTH,2023,4,160
1001,ONT FTTH,2023,5,240
1001,ONT FTTH,2023,6,199
1001,ONT FTTH,2023,7,182
1001,ONT FTTH,2023,8,284
1001,ONT FTTH,2023,9,56
1001,ONT FTTH,2023,10,123
1001,ONT FTTH,2023,11,124
1001,ONT FTTH,2023,12,89
1001,ONT FTTH,2024,1,242
1001,ONT FTTH,2024,2,193
1001,ONT FTTH,2024,3,179
1001,ONT FTTH,2024,4,258
1001,ONT FTTH,2024,5,182
1001,ONT FTTH,2024,6,147
1001,ONT FTTH,2024,7,141
1001,ONT FTTH,2024,8,76
1001,ONT FTTH,2024,9,148
1001,ONT FTTH,2024,10,170
1001,ONT FTTH,2024,11,252
1001,ONT FTTH,2024,12,227
1001,ONT FTTH,2025,1,121
1001,ONT FTTH,2025,2,48
1001,ONT FTTH,2025,3,159
1001,ONT FTTH,2025,4,221
1001,ONT FTTH,2025,5,195
1001,ONT FTTH,2025,6,182
1001,ONT FTTH,2025,7,285
1001,ONT FTTH,2025,8,171
1001,ONT FTTH,2025,9,27
1001,ONT FTTH,2025,10,190
1002,ROSETA ATB3101 SIN PIGTAIL,2018,1,138
1002,ROSETA ATB3101 SIN PIGTAIL,2018,2,190
1002,ROSETA ATB3101 SIN PIGTAIL,2018,3,225
1002,ROSETA ATB3101 SIN PIGTAIL,2018,4,297
1002,ROSETA ATB3101 SIN PIGTAIL,2018,5,191
1002,ROSETA ATB3101 SIN PIGTAIL,2018,6,277
1002,ROSETA ATB3101 SIN PIGTAIL,2018,7,110
1002,ROSETA ATB3101 SIN PIGTAIL,2018,8,152
1002,ROSETA ATB3101 SIN PIGTAIL,2018,9,116
1002,ROSETA ATB3101 SIN PIGTAIL,2018,10,150
1002,ROSETA ATB3101 SIN PIGTAIL,2018,11,191
1002,ROSETA ATB3101 SIN PIGTAIL,2018,12,229
1002,ROSETA ATB3101 SIN PIGTAIL,2019,1,247
1002,ROSETA ATB3101 SIN PIGTAIL,2019,2,147
1002,ROSETA ATB3101 SIN PIGTAIL,2019,3,309
1002,ROSETA ATB3101 SIN PIGTAIL,2019,4,145
1002,ROSETA ATB3101 SIN PIGTAIL,2019,5,268
1002,ROSETA ATB3101 SIN PIGTAIL,2019,6,292
1002,ROSETA ATB3101 SIN PIGTAIL,2019,7,270
1002,ROSETA ATB3101 SIN PIGTAIL,2019,8,266
1002,ROSETA ATB3101 SIN PIGTAIL,2019,9,185
1002,ROSETA ATB3101 SIN PIGTAIL,2019,10,253
1002,ROSETA ATB3101 SIN PIGTAIL,2019,11,224
1002,ROSETA ATB3101 SIN PIGTAIL,2019,12,215
1002,ROSETA ATB3101 SIN PIGTAIL,2020,1,179
1002,ROSETA ATB3101 SIN PIGTAIL,2020,2,97
1002,ROSETA ATB3101 SIN PIGTAIL,2020,3,136
1002,ROSETA ATB3101 SIN PIGTAIL,2020,4,9
1002,ROSETA ATB3101 SIN PIGTAIL,2020,5,156
1002,ROSETA ATB3101 SIN PIGTAIL,2020,6,79
1002,ROSETA ATB3101 SIN PIGTAIL,2020,7,174
1002,ROSETA ATB3101 SIN PIGTAIL,2020,8,186
1002,ROSETA ATB3101 SIN PIGTAIL,2020,9,120
1002,ROSETA ATB3101 SIN PIGTAIL,2020,10,93
1002,ROSETA ATB3101 SIN PIGTAIL,2020,11,143
1002,ROSETA ATB3101 SIN PIGTAIL,2020,12,246
1002,ROSETA ATB3101 SIN PIGTAIL,2021,1,242
1002,ROSETA ATB3101 SIN PIGTAIL,2021,2,174
1002,ROSETA ATB3101 SIN PIGTAIL,2021,3,118
1002,ROSETA ATB3101 SIN PIGTAIL,2021,4,70
1002,ROSETA ATB3101 SIN PIGTAIL,2021,5,89
1002,ROSETA ATB3101 SIN PIGTAIL,2021,6,237
1002,ROSETA ATB3101 SIN PIGTAIL,2021,7,121
1002,ROSETA ATB3101 SIN PIGTAIL,2021,8,178
1002,ROSETA ATB3101 SIN PIGTAIL,2021,9,124
1002,ROSETA ATB3101 SIN PIGTAIL,2021,10,259
1002,ROSETA ATB3101 SIN PIGTAIL,2021,11,163
1002,ROSETA ATB3101 SIN PIGTAIL,2021,12,82
1002,ROSETA ATB3101 SIN PIGTAIL,2022,1,158
1002,ROSETA ATB3101 SIN PIGTAIL,2022,2,234
1002,ROSETA ATB3101 SIN PIGTAIL,2022,3,150
1002,ROSETA ATB3101 SIN PIGTAIL,2022,4,155
1002,ROSETA ATB3101 SIN PIGTAIL,2022,5,105
1002,ROSETA ATB3101 SIN PIGTAIL,2022,6,85
1002,ROSETA ATB3101 SIN PIGTAIL,2022,7,162
1002,ROSETA ATB3101 SIN PIGTAIL,2022,8,52
1002,ROSETA ATB3101 SIN PIGTAIL,2022,9,119
1002,ROSETA ATB3101 SIN PIGTAIL,2022,10,150
1002,ROSETA ATB3101 SIN PIGTAIL,2022,11,159
1002,ROSETA ATB3101 SIN PIGTAIL,2022,12,216
1002,ROSETA ATB3101 SIN PIGTAIL,2023,1,138
1002,ROSETA ATB3101 SIN PIGTAIL,2023,2,53
1002,ROSETA ATB3101 SIN PIGTAIL,2023,3,147
1002,ROSETA ATB3101 SIN PIGTAIL,2023,4,55
1002,ROSETA ATB3101 SIN PIGTAIL,2023,5,191
1002,ROSETA ATB3101 SIN PIGTAIL,2023,6,122
1002,ROSETA ATB3101 SIN PIGTAIL,2023,7,199
1002,ROSETA ATB3101 SIN PIGTAIL,2023,8,62
1002,ROSETA ATB3101 SIN PIGTAIL,2023,9,61
1002,ROSETA ATB3101 SIN PIGTAIL,2023,10,129
1002,ROSETA ATB3101 SIN PIGTAIL,2023,11,196
1002,ROSETA ATB3101 SIN PIGTAIL,2023,12,81
1002,ROSETA ATB3101 SIN PIGTAIL,2024,1,99
1002,ROSETA ATB3101 SIN PIGTAIL,2024,2,280
1002,ROSETA ATB3101 SIN PIGTAIL,2024,3,67
1002,ROSETA ATB3101 SIN PIGTAIL,2024,4,189
1002,ROSETA ATB3101 SIN PIGTAIL,2024,5,149
1002,ROSETA ATB3101 SIN PIGTAIL,2024,6,171
1002,ROSETA ATB3101 SIN PIGTAIL,2024,7,164
1002,ROSETA ATB3101 SIN PIGTAIL,2024,8,189
1002,ROSETA ATB3101 SIN PIGTAIL,2024,9,141
1002,ROSETA ATB3101 SIN PIGTAIL,2024,10,124
1002,ROSETA ATB3101 SIN PIGTAIL,2024,11,18
1002,ROSETA ATB3101 SIN PIGTAIL,2024,12,109
1002,ROSETA ATB3101 SIN PIGTAIL,2025,1,125
1002,ROSETA ATB3101 SIN PIGTAIL,2025,2,147
1002,ROSETA ATB3101 SIN PIGTAIL,2025,3,216
1002,ROSETA ATB3101 SIN PIGTAIL,2025,4,200
1002,ROSETA ATB3101 SIN PIGTAIL,2025,5,65
1002,ROSETA ATB3101 SIN PIGTAIL,2025,6,119
1002,ROSETA ATB3101 SIN PIGTAIL,2025,7,142
1002,ROSETA ATB3101 SIN PIGTAIL,2025,8,158
1002,ROSETA ATB3101 SIN PIGTAIL,2025,9,61
1002,ROSETA ATB3101 SIN PIGTAIL,2025,10,186
1003,SUJETADOR DE ANCLAJE,2018,1,247
1003,SUJETADOR DE ANCLAJE,2018,2,230
1003,SUJETADOR DE ANCLAJE,2018,3,185
1003,SUJETADOR DE ANCLAJE,2018,4,239
1003,SUJETADOR DE ANCLAJE,2018,5,224
1003,SUJETADOR DE ANCLAJE,2018,6,227
1003,SUJETADOR DE ANCLAJE,2018,7,147
1003,SUJETADOR DE ANCLAJE,2018,8,139
1003,SUJETADOR DE ANCLAJE,2018,9,267
1003,SUJETADOR DE ANCLAJE,2018,10,103
1003,SUJETADOR DE ANCLAJE,2018,11,114
1003,SUJETADOR DE ANCLAJE,2018,12,83
1003,SUJETADOR DE ANCLAJE,2019,1,122
1003,SUJETADOR DE ANCLAJE,2019,2,96
1003,SUJETADOR DE ANCLAJE,2019,3,49
1003,SUJETADOR DE ANCLAJE,2019,4,204
1003,SUJETADOR DE ANCLAJE,2019,5,360
1003,SUJETADOR DE ANCLAJE,2019,6,71
1003,SUJETADOR DE ANCLAJE,2019,7,157
1003,SUJETADOR DE ANCLAJE,2019,8,125
1003,SUJETADOR DE ANCLAJE,2019,9,147
1003,SUJETADOR DE ANCLAJE,2019,10,93
1003,SUJETADOR DE ANCLAJE,2019,11,182
1003,SUJETADOR DE ANCLAJE,2019,12,184
1003,SUJETADOR DE ANCLAJE,2020,1,212
1003,SUJETADOR DE ANCLAJE,2020,2,319
1003,SUJETADOR DE ANCLAJE,2020,3,120
1003,SUJETADOR DE ANCLAJE,2020,4,235
1003,SUJETADOR DE ANCLAJE,2020,5,126
1003,SUJETADOR DE ANCLAJE,2020,6,35
1003,SUJETADOR DE ANCLAJE,2020,7,153
1003,SUJETADOR DE ANCLAJE,2020,8,143
1003,SUJETADOR DE ANCLAJE,2020,9,124
1003,SUJETADOR DE ANCLAJE,2020,10,135
1003,SUJETADOR DE ANCLAJE,2020,11,55
1003,SUJETADOR DE ANCLAJE,2020,12,89
1003,SUJETADOR DE ANCLAJE,2021,1,90
1003,SUJETADOR DE ANCLAJE,2021,2,191
1003,SUJETADOR DE ANCLAJE,2021,3,212
1003,SUJETADOR DE ANCLAJE,2021,4,278
1003,SUJETADOR DE ANCLAJE,2021,5,314
1003,SUJETADOR DE ANCLAJE,2021,6,262
1003,SUJETADOR DE ANCLAJE,2021,7,173
1003,SUJETADOR DE ANCLAJE,2021,8,137
1003,SUJETADOR DE ANCLAJE,2021,9,90
1003,SUJETADOR DE ANCLAJE,2021,10,21
1003,SUJETADOR DE ANCLAJE,2021,11,102
1003,SUJETADOR DE ANCLAJE,2021,12,276
1003,SUJETADOR DE ANCLAJE,2022,1,136
1003,SUJETADOR DE ANCLAJE,2022,2,51
1003,SUJETADOR DE ANCLAJE,2022,3,84
1003,SUJETADOR DE ANCLAJE,2022,4,161
1003,SUJETADOR DE ANCLAJE,2022,5,161
1003,SUJETADOR DE ANCLAJE,2022,6,187
1003,SUJETADOR DE ANCLAJE,2022,7,249
1003,SUJETADOR DE ANCLAJE,2022,8,126
1003,SUJETADOR DE ANCLAJE,2022,9,249
1003,SUJETADOR DE ANCLAJE,2022,10,174
1003,SUJETADOR DE ANCLAJE,2022,11,100
1003,SUJETADOR DE ANCLAJE,2022,12,97
1003,SUJETADOR DE ANCLAJE,2023,1,88
1003,SUJETADOR DE ANCLAJE,2023,2,190
1003,SUJETADOR DE ANCLAJE,2023,3,260
1003,SUJETADOR DE ANCLAJE,2023,4,93
1003,SUJETADOR DE ANCLAJE,2023,5,140
1003,SUJETADOR DE ANCLAJE,2023,6,99
1003,SUJETADOR DE ANCLAJE,2023,7,231
1003,SUJETADOR DE ANCLAJE,2023,8,169
1003,SUJETADOR DE ANCLAJE,2023,9,261
1003,SUJETADOR DE ANCLAJE,2023,10,215
1003,SUJETADOR DE ANCLAJE,2023,11,177
1003,SUJETADOR DE ANCLAJE,2023,12,154
1003,SUJETADOR DE ANCLAJE,2024,1,144
1003,SUJETADOR DE ANCLAJE,2024,2,270
1003,SUJETADOR DE ANCLAJE,2024,3,89
1003,SUJETADOR DE ANCLAJE,2024,4,46
1003,SUJETADOR DE ANCLAJE,2024,6,156
1003,SUJETADOR DE ANCLAJE,2024,7,144
1003,SUJETADOR DE ANCLAJE,2024,8,156
1003,SUJETADOR DE ANCLAJE,2024,9,228
1003,SUJETADOR DE ANCLAJE,2024,10,201
1003,SUJETADOR DE ANCLAJE,2024,11,182
1003,SUJETADOR DE ANCLAJE,2024,12,188
1003,SUJETADOR DE ANCLAJE,2025,1,166
1003,SUJETADOR DE ANCLAJE,2025,2,122
1003,SUJETADOR DE ANCLAJE,2025,3,126
1003,SUJETADOR DE ANCLAJE,2025,4,188
1003,SUJETADOR DE ANCLAJE,2025,5,168
1003,SUJETADOR DE ANCLAJE,2025,6,165
1003,SUJETADOR DE ANCLAJE,2025,7,206
1003,SUJETADOR DE ANCLAJE,2025,8,132
1003,SUJETADOR DE ANCLAJE,2025,9,217
1003,SUJETADOR DE ANCLAJE,2025,10,101
1004,SUJETADOR DE TRAMO-CHAPA Q,2018,1,226
1004,SUJETADOR DE TRAMO-CHAPA Q,2018,2,201
1004,SUJETADOR DE TRAMO-CHAPA Q,2018,3,186
1004,SUJETADOR DE TRAMO-CHAPA Q,2018,4,170
1004,SUJETADOR DE TRAMO-CHAPA Q,2018,5,230
1004,SUJETADOR DE TRAMO-CHAPA Q,2018,6,165
1004,SUJETADOR DE TRAMO-CHAPA Q,2018,7,229
1004,SUJETADOR DE TRAMO-CHAPA Q,2018,8,201
1004,SUJETADOR DE TRAMO-CHAPA Q,2018,9,92
1004,SUJETADOR DE TRAMO-CHAPA Q,2018,10,186
1004,SUJETADOR DE TRAMO-CHAPA Q,2018,11,65
1004,SUJETADOR DE TRAMO-CHAPA Q,2018,12,177
1004,SUJETADOR DE TRAMO-CHAPA Q,2019,1,78
1004,SUJETADOR DE TRAMO-CHAPA Q,2019,2,56
1004,SUJETADOR DE TRAMO-CHAPA Q,2019,3,180
1004,SUJETADOR DE TRAMO-CHAPA Q,2019,4,60
1004,SUJETADOR DE TRAMO-CHAPA Q,2019,5,59
1004,SUJETADOR DE TRAMO-CHAPA Q,2019,6,203
1004,SUJETADOR DE TRAMO-CHAPA Q,2019,7,63
1004,SUJETADOR DE TRAMO-CHAPA Q,2019,8,104
1004,SUJETADOR DE TRAMO-CHAPA Q,2019,10,42
1004,SUJETADOR DE TRAMO-CHAPA Q,2019,11,125
1004,SUJETADOR DE TRAMO-CHAPA Q,2019,12,174
1004,SUJETADOR DE TRAMO-CHAPA Q,2020,1,184
1004,SUJETADOR DE TRAMO-CHAPA Q,2020,2,317
1004,SUJETADOR DE TRAMO-CHAPA Q,2020,3,91
1004,SUJETADOR DE TRAMO-CHAPA Q,2020,4,111
1004,SUJETADOR DE TRAMO-CHAPA Q,2020,5,251
1004,SUJETADOR DE TRAMO-CHAPA Q,2020,6,141
1004,SUJETADOR DE TRAMO-CHAPA Q,2020,7,23
1004,SUJETADOR DE TRAMO-CHAPA Q,2020,8,163
1004,SUJETADOR DE TRAMO-CHAPA Q,2020,9,145
1004,SUJETADOR DE TRAMO-CHAPA Q,2020,10,13
1004,SUJETADOR DE TRAMO-CHAPA Q,2020,11,155
1004,SUJETADOR DE TRAMO-CHAPA Q,2020,12,113
1004,SUJETADOR DE TRAMO-CHAPA Q,2021,1,152
1004,SUJETADOR DE TRAMO-CHAPA Q,2021,2,28
1004,SUJETADOR DE TRAMO-CHAPA Q,2021,3,104
1004,SUJETADOR DE TRAMO-CHAPA Q,2021,4,156
1004,SUJETADOR DE TRAMO-CHAPA Q,2021,5,94
1004,SUJETADOR DE TRAMO-CHAPA Q,2021,6,219
1004,SUJETADOR DE TRAMO-CHAPA Q,2021,7,47
1004,SUJETADOR DE TRAMO-CHAPA Q,2021,8,169
1004,SUJETADOR DE TRAMO-CHAPA Q,2021,9,216
1004,SUJETADOR DE TRAMO-CHAPA Q,2021,10,198
1004,SUJETADOR DE TRAMO-CHAPA Q,2021,11,169
1004,SUJETADOR DE TRAMO-CHAPA Q,2021,12,255
1004,SUJETADOR DE TRAMO-CHAPA Q,2022,1,281
1004,SUJETADOR DE TRAMO-CHAPA Q,2022,2,148
1004,SUJETADOR DE TRAMO-CHAPA Q,2022,3,20
1004,SUJETADOR DE TRAMO-CHAPA Q,2022,4,203
1004,SUJETADOR DE TRAMO-CHAPA Q,2022,5,177
1004,SUJETADOR DE TRAMO-CHAPA Q,2022,6,294
1004,SUJETADOR DE TRAMO-CHAPA Q,2022,7,260
1004,SUJETADOR DE TRAMO-CHAPA Q,2022,8,124
1004,SUJETADOR DE TRAMO-CHAPA Q,2022,9,85
1004,SUJETADOR DE TRAMO-CHAPA Q,2022,10,103
1004,SUJETADOR DE TRAMO-CHAPA Q,2022,11,15
1004,SUJETADOR DE TRAMO-CHAPA Q,2022,12,193
1004,SUJETADOR DE TRAMO-CHAPA Q,2023,1,171
1004,SUJETADOR DE TRAMO-CHAPA Q,2023,2,154
1004,SUJETADOR DE TRAMO-CHAPA Q,2023,3,115
1004,SUJETADOR DE TRAMO-CHAPA Q,2023,4,39
1004,SUJETADOR DE TRAMO-CHAPA Q,2023,5,39
1004,SUJETADOR DE TRAMO-CHAPA Q,2023,6,198
1004,SUJETADOR DE TRAMO-CHAPA Q,2023,7,127
1004,SUJETADOR DE TRAMO-CHAPA Q,2023,8,148
1004,SUJETADOR DE TRAMO-CHAPA Q,2023,9,81
1004,SUJETADOR DE TRAMO-CHAPA Q,2023,10,52
1004,SUJETADOR DE TRAMO-CHAPA Q,2023,11,161
1004,SUJETADOR DE TRAMO-CHAPA Q,2023,12,241
1004,SUJETADOR DE TRAMO-CHAPA Q,2024,1,65
1004,SUJETADOR DE TRAMO-CHAPA Q,2024,2,121
1004,SUJETADOR DE TRAMO-CHAPA Q,2024,3,85
1004,SUJETADOR DE TRAMO-CHAPA Q,2024,4,266
1004,SUJETADOR DE TRAMO-CHAPA Q,2024,5,171
1004,SUJETADOR DE TRAMO-CHAPA Q,2024,6,83
1004,SUJETADOR DE TRAMO-CHAPA Q,2024,7,119
1004,SUJETADOR DE TRAMO-CHAPA Q,2024,8,215
1004,SUJETADOR DE TRAMO-CHAPA Q,2024,9,97
1004,SUJETADOR DE TRAMO-CHAPA Q,2024,10,187
1004,SUJETADOR DE TRAMO-CHAPA Q,2024,11,177
1004,SUJETADOR DE TRAMO-CHAPA Q,2024,12,184
1004,SUJETADOR DE TRAMO-CHAPA Q,2025,1,90
1004,SUJETADOR DE TRAMO-CHAPA Q,2025,2,139
1004,SUJETADOR DE TRAMO-CHAPA Q,2025,3,111
1004,SUJETADOR DE TRAMO-CHAPA Q,2025,4,84
1004,SUJETADOR DE TRAMO-CHAPA Q,2025,5,204
1004,SUJETADOR DE TRAMO-CHAPA Q,2025,6,125
1004,SUJETADOR DE TRAMO-CHAPA Q,2025,7,103
1004,SUJETADOR DE TRAMO-CHAPA Q,2025,8,178
1004,SUJETADOR DE TRAMO-CHAPA Q,2025,9,25
1004,SUJETADOR DE TRAMO-CHAPA Q,2025,10,32
1005,"""TARUGO PLASTICO NARANJA 3/8""""X1 1/2""""""",2018,1,199
1005,"""TARUGO PLASTICO NARANJA 3/8""""X1 1/2""""""",2018,2,134
1005,"""TARUGO PLASTICO NARANJA 3/8""""X1 1/2""""""",2018,3,154
1005,"""TARUGO PLASTICO NARANJA 3/8""""X1 1/2""""""",2018,4,119
1005,"""TARUGO PLASTICO NARANJA 3/8""""X1 1/2""""""",2018,5,142
1005,"""TARUGO PLASTICO NARANJA 3/8""""X1 1/2""""""",2018,6,260
1005,"""TARUGO PLASTICO NARANJA 3/8""""X1 1/2""""""",2018,7,170
1005,"""TARUGO PLASTICO NARANJA 3/8""""X1 1/2""""""",2018,8,198
1005,"""TARUGO PLASTICO NARANJA 3/8""""X1 1/2""""""",2018,9,198
1005,"""TARUGO PLASTICO NARANJA 3/8""""X1 1/2""""""",2018,10,183
1005,"""TARUGO PLASTICO NARANJA 3/8""""X1 1/2""""""",2018,11,217
1005,"""TARUGO PLASTICO NARANJA 3/8""""X1 1/2""""""",2018,12,227
1005,"""TARUGO PLASTICO NARANJA 3/8""""X1 1/2""""""",2019,1,63
1005,"""TARUGO PLASTICO NARANJA 3/8""""X1 1/2""""""",2019,2,218
1005,"""TARUGO PLASTICO NARANJA 3/8""""X1 1/2""""""",2019,3,127
1005,"""TARUGO PLASTICO NARANJA 3/8""""X1 1/2""""""",2019,4,183
1005,"""TARUGO PLASTICO NARANJA 3/8""""X1 1/2""""""",2019,5,311
1005,"""TARUGO PLASTICO NARANJA 3/8""""X1 1/2""""""",2019,6,286
1005,"""TARUGO PLASTICO NARANJA 3/8""""X1 1/2""""""",2019,7,167
1005,"""TARUGO PLASTICO NARANJA 3/8""""X1 1/2""""""",2019,8,194
1005,"""TARUGO PLASTICO NARANJA 3/8""""X1 1/2""""""",2019,9,199
1005,"""TARUGO PLASTICO NARANJA 3/8""""X1 1/2""""""",2019,10,187
1005,"""TARUGO PLASTICO NARANJA 3/8""""X1 1/2""""""",2019,11,251
1005,"""TARUGO PLASTICO NARANJA 3/8""""X1 1/2""""""",2019,12,202
1005,"""TARUGO PLASTICO NARANJA 3/8""""X1 1/2""""""",2020,1,226
1005,"""TARUGO PLASTICO NARANJA 3/8""""X1 1/2""""""",2020,2,100
1005,"""TARUGO PLASTICO NARANJA 3/8""""X1 1/2""""""",2020,3,141
1005,"""TARUGO PLASTICO NARANJA 3/8""""X1 1/2""""""",2020,4,329
1005,"""TARUGO PLASTICO NARANJA 3/8""""X1 1/2""""""",2020,5,133
1005,"""TARUGO PLASTICO NARANJA 3/8""""X1 1/2""""""",2020,6,137
1005,"""TARUGO PLASTICO NARANJA 3/8""""X1 1/2""""""",2020,7,220
1005,"""TARUGO PLASTICO NARANJA 3/8""""X1 1/2""""""",2020,8,238
1005,"""TARUGO PLASTICO NARANJA 3/8""""X1 1/2""""""",2020,9,48
1005,"""TARUGO PLASTICO NARANJA 3/8""""X1 1/2""""""",2020,10,122
1005,"""TARUGO PLASTICO NARANJA 3/8""""X1 1/2""""""",2020,11,128
1005,"""TARUGO PLASTICO NARANJA 3/8""""X1 1/2""""""",2020,12,267
1005,"""TARUGO PLASTICO NARANJA 3/8""""X1 1/2""""""",2021,1,278
1005,"""TARUGO PLASTICO NARANJA 3/8""""X1 1/2""""""",2021,2,111
1005,"""TARUGO PLASTICO NARANJA 3/8""""X1 1/2""""""",2021,3,127
1005,"""TARUGO PLASTICO NARANJA 3/8""""X1 1/2""""""",2021,4,189
1005,"""TARUGO PLASTICO NARANJA 3/8""""X1 1/2""""""",2021,5,180
1005,"""TARUGO PLASTICO NARANJA 3/8""""X1 1/2""""""",2021,6,166
1005,"""TARUGO PLASTICO NARANJA 3/8""""X1 1/2""""""",2021,7,114
1005,"""TARUGO PLASTICO NARANJA 3/8""""X1 1/2""""""",2021,8,198
1005,"""TARUGO PLASTICO NARANJA 3/8""""X1 1/2""""""",2021,9,108
1005,"""TARUGO PLASTICO NARANJA 3/8""""X1 1/2""""""",2021,10,161
1005,"""TARUGO PLASTICO NARANJA 3/8""""X1 1/2""""""",2021,11,205
1005,"""TARUGO PLASTICO NARANJA 3/8""""X1 1/2""""""",2021,12,201
1005,"""TARUGO PLASTICO NARANJA 3/8""""X1 1/2""""""",2022,1,94
1005,"""TARUGO PLASTICO NARANJA 3/8""""X1 1/2""""""",2022,2,240
1005,"""TARUGO PLASTICO NARANJA 3/8""""X1 1/2""""""",2022,3,27
1005,"""TARUGO PLASTICO NARANJA 3/8""""X1 1/2""""""",2022,4,76
1005,"""TARUGO PLASTICO NARANJA 3/8""""X1 1/2""""""",2022,5,52
1005,"""TARUGO PLASTICO NARANJA 3/8""""X1 1/2""""""",2022,6,89
1005,"""TARUGO PLASTICO NARANJA 3/8""""X1 1/2""""""",2022,7,153
1005,"""TARUGO PLASTICO NARANJA 3/8""""X1 1/2""""""",2022,8,210
1005,"""TARUGO PLASTICO NARANJA 3/8""""X1 1/2""""""",2022,9,179
1005,"""TARUGO PLASTICO NARANJA 3/8""""X1 1/2""""""",2022,10,58
1005,"""TARUGO PLASTICO NARANJA 3/8""""X1 1/2""""""",2022,11,233
1005,"""TARUGO PLASTICO NARANJA 3/8""""X1 1/2""""""",2022,12,138
1005,"""TARUGO PLASTICO NARANJA 3/8""""X1 1/2""""""",2023,1,269
1005,"""TARUGO PLASTICO NARANJA 3/8""""X1 1/2""""""",2023,2,214
1005,"""TARUGO PLASTICO NARANJA 3/8""""X1 1/2""""""",2023,3,205
1005,"""TARUGO PLASTICO NARANJA 3/8""""X1 1/2""""""",2023,4,245
1005,"""TARUGO PLASTICO NARANJA 3/8""""X1 1/2""""""",2023,5,240
1005,"""TARUGO PLASTICO NARANJA 3/8""""X1 1/2""""""",2023,6,119
1005,"""TARUGO PLASTICO NARANJA 3/8""""X1 1/2""""""",2023,7,180
1005,"""TARUGO PLASTICO NARANJA 3/8""""X1 1/2""""""",2023,8,68
1005,"""TARUGO PLASTICO NARANJA 3/8""""X1 1/2""""""",2023,9,201
1005,"""TARUGO PLASTICO NARANJA 3/8""""X1 1/2""""""",2023,10,100
1005,"""TARUGO PLASTICO NARANJA 3/8""""X1 1/2""""""",2023,11,135
1005,"""TARUGO PLASTICO NARANJA 3/8""""X1 1/2""""""",2023,12,66
1005,"""TARUGO PLASTICO NARANJA 3/8""""X1 1/2""""""",2024,1,166
1005,"""TARUGO PLASTICO NARANJA 3/8""""X1 1/2""""""",2024,2,85
1005,"""TARUGO PLASTICO NARANJA 3/8""""X1 1/2""""""",2024,3,193
1005,"""TARUGO PLASTICO NARANJA 3/8""""X1 1/2""""""",2024,4,200
1005,"""TARUGO PLASTICO NARANJA 3/8""""X1 1/2""""""",2024,5,71
1005,"""TARUGO PLASTICO NARANJA 3/8""""X1 1/2""""""",2024,6,220
1005,"""TARUGO PLASTICO NARANJA 3/8""""X1 1/2""""""",2024,7,219
1005,"""TARUGO PLASTICO NARANJA 3/8""""X1 1/2""""""",2024,8,192
1005,"""TARUGO PLASTICO NARANJA 3/8""""X1 1/2""""""",2024,9,60
1005,"""TARUGO PLASTICO NARANJA 3/8""""X1 1/2""""""",2024,10,194
1005,"""TARUGO PLASTICO NARANJA 3/8""""X1 1/2""""""",2024,11,149
1005,"""TARUGO PLASTICO NARANJA 3/8""""X1 1/2""""""",2024,12,131
1005,"""TARUGO PLASTICO NARANJA 3/8""""X1 1/2""""""",2025,1,184
1005,"""TARUGO PLASTICO NARANJA 3/8""""X1 1/2""""""",2025,2,197
1005,"""TARUGO PLASTICO NARANJA 3/8""""X1 1/2""""""",2025,3,47
1005,"""TARUGO PLASTICO NARANJA 3/8""""X1 1/2""""""",2025,4,62
1005,"""TARUGO PLASTICO NARANJA 3/8""""X1 1/2""""""",2025,5,48
1005,"""TARUGO PLASTICO NARANJA 3/8""""X1 1/2""""""",2025,6,125
1005,"""TARUGO PLASTICO NARANJA 3/8""""X1 1/2""""""",2025,7,190
1005,"""TARUGO PLASTICO NARANJA 3/8""""X1 1/2""""""",2025,8,141
1005,"""TARUGO PLASTICO NARANJA 3/8""""X1 1/2""""""",2025,9,114
1005,"""TARUGO PLASTICO NARANJA 3/8""""X1 1/2""""""",2025,10,270
1006,TELEFONOS,2018,1,231
1006,TELEFONOS,2018,2,172
1006,TELEFONOS,2018,3,48
1006,TELEFONOS,2018,4,175
1006,TELEFONOS,2018,5,116
1006,TELEFONOS,2018,6,101
1006,TELEFONOS,2018,7,46
1006,TELEFONOS,2018,8,58
1006,TELEFONOS,2018,9,59
1006,TELEFONOS,2018,10,181
1006,TELEFONOS,2018,11,257
1006,TELEFONOS,2018,12,114
1006,TELEFONOS,2019,1,185
1006,TELEFONOS,2019,2,263
1006,TELEFONOS,2019,3,104
1006,TELEFONOS,2019,4,69
1006,TELEFONOS,2019,5,78
1006,TELEFONOS,2019,6,61
1006,TELEFONOS,2019,7,158
1006,TELEFONOS,2019,8,256
1006,TELEFONOS,2019,9,112
1006,TELEFONOS,2019,10,152
1006,TELEFONOS,2019,11,49
1006,TELEFONOS,2019,12,136
1006,TELEFONOS,2020,1,118
1006,TELEFONOS,2020,2,143
1006,TELEFONOS,2020,3,96
1006,TELEFONOS,2020,4,100
1006,TELEFONOS,2020,5,85
1006,TELEFONOS,2020,7,129
1006,TELEFONOS,2020,8,194
1006,TELEFONOS,2020,9,161
1006,TELEFONOS,2020,10,63
1006,TELEFONOS,2020,11,146
1006,TELEFONOS,2020,12,111
1006,TELEFONOS,2021,1,181
1006,TELEFONOS,2021,2,62
1006,TELEFONOS,2021,3,69
1006,TELEFONOS,2021,4,51
1006,TELEFONOS,2021,5,183
1006,TELEFONOS,2021,6,120
1006,TELEFONOS,2021,7,235
1006,TELEFONOS,2021,8,157
1006,TELEFONOS,2021,9,134
1006,TELEFONOS,2021,10,139
1006,TELEFONOS,2021,11,246
1006,TELEFONOS,2021,12,195
1006,TELEFONOS,2022,1,250
1006,TELEFONOS,2022,2,84
1006,TELEFONOS,2022,3,286
1006,TELEFONOS,2022,4,241
1006,TELEFONOS,2022,5,117
1006,TELEFONOS,2022,6,219
1006,TELEFONOS,2022,7,166
1006,TELEFONOS,2022,8,150
1006,TELEFONOS,2022,9,59
1006,TELEFONOS,2022,10,64
1006,TELEFONOS,2022,11,89
1006,TELEFONOS,2022,12,124
1006,TELEFONOS,2023,1,83
1006,TELEFONOS,2023,2,52
1006,TELEFONOS,2023,3,54
1006,TELEFONOS,2023,4,194
1006,TELEFONOS,2023,5,152
1006,TELEFONOS,2023,6,97
1006,TELEFONOS,2023,7,81
1006,TELEFONOS,2023,8,98
1006,TELEFONOS,2023,9,174
1006,TELEFONOS,2023,10,181
1006,TELEFONOS,2023,11,92
1006,TELEFONOS,2023,12,233
1006,TELEFONOS,2024,1,226
1006,TELEFONOS,2024,2,194
1006,TELEFONOS,2024,3,173
1006,TELEFONOS,2024,4,70
1006,TELEFONOS,2024,5,86
1006,TELEFONOS,2024,6,291
1006,TELEFONOS,2024,7,205
1006,TELEFONOS,2024,8,146
1006,TELEFONOS,2024,9,164
1006,TELEFONOS,2024,10,102
1006,TELEFONOS,2024,11,192
1006,TELEFONOS,2024,12,217
1006,TELEFONOS,2025,1,81
1006,TELEFONOS,2025,2,76
1006,TELEFONOS,2025,3,154
1006,TELEFONOS,2025,4,145
1006,TELEFONOS,2025,5,128
1006,TELEFONOS,2025,6,136
1006,TELEFONOS,2025,7,244
1006,TELEFONOS,2025,8,129
1006,TELEFONOS,2025,9,155
1006,TELEFONOS,2025,10,109
1007,FASTCONNECT DROP CABLE 50MTS,2018,1,214
1007,FASTCONNECT DROP CABLE 50MTS,2018,2,130
1007,FASTCONNECT DROP CABLE 50MTS,2018,3,216
1007,FASTCONNECT DROP CABLE 50MTS,2018,4,148
1007,FASTCONNECT DROP CABLE 50MTS,2018,5,194
1007,FASTCONNECT DROP CABLE 50MTS,2018,6,147
1007,FASTCONNECT DROP CABLE 50MTS,2018,7,289
1007,FASTCONNECT DROP CABLE 50MTS,2018,8,286
1007,FASTCONNECT DROP CABLE 50MTS,2018,9,236
1007,FASTCONNECT DROP CABLE 50MTS,2018,10,260
1007,FASTCONNECT DROP CABLE 50MTS,2018,11,152
1007,FASTCONNECT DROP CABLE 50MTS,2018,12,64
1007,FASTCONNECT DROP CABLE 50MTS,2019,1,113
1007,FASTCONNECT DROP CABLE 50MTS,2019,2,234
1007,FASTCONNECT DROP CABLE 50MTS,2019,3,258
1007,FASTCONNECT DROP CABLE 50MTS,2019,4,179
1007,FASTCONNECT DROP CABLE 50MTS,2019,5,44
1007,FASTCONNECT DROP CABLE 50MTS,2019,6,117
1007,FASTCONNECT DROP CABLE 50MTS,2019,7,293
1007,FASTCONNECT DROP CABLE 50MTS,2019,8,127
1007,FASTCONNECT DROP CABLE 50MTS,2019,9,24
1007,FASTCONNECT DROP CABLE 50MTS,2019,10,80
1007,FASTCONNECT DROP CABLE 50MTS,2019,11,169
1007,FASTCONNECT DROP CABLE 50MTS,2019,12,198
1007,FASTCONNECT DROP CABLE 50MTS,2020,1,310
1007,FASTCONNECT DROP CABLE 50MTS,2020,2,139
1007,FASTCONNECT DROP CABLE 50MTS,2020,3,154
1007,FASTCONNECT DROP CABLE 50MTS,2020,4,116
1007,FASTCONNECT DROP CABLE 50MTS,2020,5,373
1007,FASTCONNECT DROP CABLE 50MTS,2020,6,161
1007,FASTCONNECT DROP CABLE 50MTS,2020,7,189
1007,FASTCONNECT DROP CABLE 50MTS,2020,8,139
1007,FASTCONNECT DROP CABLE 50MTS,2020,9,201
1007,FASTCONNECT DROP CABLE 50MTS,2020,10,188
1007,FASTCONNECT DROP CABLE 50MTS,2020,11,269
1007,FASTCONNECT DROP CABLE 50MTS,2020,12,204
1007,FASTCONNECT DROP CABLE 50MTS,2021,1,238
1007,FASTCONNECT DROP CABLE 50MTS,2021,2,43
1007,FASTCONNECT DROP CABLE 50MTS,2021,3,101
1007,FASTCONNECT DROP CABLE 50MTS,2021,4,153
1007,FASTCONNECT DROP CABLE 50MTS,2021,6,210
1007,FASTCONNECT DROP CABLE 50MTS,2021,7,104
1007,FASTCONNECT DROP CABLE 50MTS,2021,8,249
1007,FASTCONNECT DROP CABLE 50MTS,2021,9,138
1007,FASTCONNECT DROP CABLE 50MTS,2021,10,163
1007,FASTCONNECT DROP CABLE 50MTS,2021,11,191
1007,FASTCONNECT DROP CABLE 50MTS,2021,12,147
1007,FASTCONNECT DROP CABLE 50MTS,2022,1,142
1007,FASTCONNECT DROP CABLE 50MTS,2022,2,206
1007,FASTCONNECT DROP CABLE 50MTS,2022,3,205
1007,FASTCONNECT DROP CABLE 50MTS,2022,4,47
1007,FASTCONNECT DROP CABLE 50MTS,2022,6,106
1007,FASTCONNECT DROP CABLE 50MTS,2022,7,192
1007,FASTCONNECT DROP CABLE 50MTS,2022,8,268
1007,FASTCONNECT DROP CABLE 50MTS,2022,9,236
1007,FASTCONNECT DROP CABLE 50MTS,2022,10,93
1007,FASTCONNECT DROP CABLE 50MTS,2022,11,157
1007,FASTCONNECT DROP CABLE 50MTS,2022,12,132
1007,FASTCONNECT DROP CABLE 50MTS,2023,1,235
1007,FASTCONNECT DROP CABLE 50MTS,2023,2,93
1007,FASTCONNECT DROP CABLE 50MTS,2023,3,236
1007,FASTCONNECT DROP CABLE 50MTS,2023,4,108
1007,FASTCONNECT DROP CABLE 50MTS,2023,5,168
1007,FASTCONNECT DROP CABLE 50MTS,2023,6,217
1007,FASTCONNECT DROP CABLE 50MTS,2023,7,96
1007,FASTCONNECT DROP CABLE 50MTS,2023,8,225
1007,FASTCONNECT DROP CABLE 50MTS,2023,9,207
1007,FASTCONNECT DROP CABLE 50MTS,2023,10,270
1007,FASTCONNECT DROP CABLE 50MTS,2023,11,83
1007,FASTCONNECT DROP CABLE 50MTS,2023,12,228
1007,FASTCONNECT DROP CABLE 50MTS,2024,1,162
1007,FASTCONNECT DROP CABLE 50MTS,2024,3,147
1007,FASTCONNECT DROP CABLE 50MTS,2024,4,146
1007,FASTCONNECT DROP CABLE 50MTS,2024,5,74
1007,FASTCONNECT DROP CABLE 50MTS,2024,6,72
1007,FASTCONNECT DROP CABLE 50MTS,2024,7,46
1007,FASTCONNECT DROP CABLE 50MTS,2024,8,105
1007,FASTCONNECT DROP CABLE 50MTS,2024,9,74
1007,FASTCONNECT DROP CABLE 50MTS,2024,10,102
1007,FASTCONNECT DROP CABLE 50MTS,2024,11,235
1007,FASTCONNECT DROP CABLE 50MTS,2024,12,215
1007,FASTCONNECT DROP CABLE 50MTS,2025,1,160
1007,FASTCONNECT DROP CABLE 50MTS,2025,2,241
1007,FASTCONNECT DROP CABLE 50MTS,2025,3,196
1007,FASTCONNECT DROP CABLE 50MTS,2025,4,74
1007,FASTCONNECT DROP CABLE 50MTS,2025,5,129
1007,FASTCONNECT DROP CABLE 50MTS,2025,6,137
1007,FASTCONNECT DROP CABLE 50MTS,2025,7,152
1007,FASTCONNECT DROP CABLE 50MTS,2025,8,129
1007,FASTCONNECT DROP CABLE 50MTS,2025,9,136
1007,FASTCONNECT DROP CABLE 50MTS,2025,10,102
1008,GRAPAS PARA CONDUCTORES CON CLAVO DE ACERO NÂ°6,2018,1,140
1008,GRAPAS PARA CONDUCTORES CON CLAVO DE ACERO NÂ°6,2018,2,131
1008,GRAPAS PARA CONDUCTORES CON CLAVO DE ACERO NÂ°6,2018,3,181
1008,GRAPAS PARA CONDUCTORES CON CLAVO DE ACERO NÂ°6,2018,4,118
1008,GRAPAS PARA CONDUCTORES CON CLAVO DE ACERO NÂ°6,2018,5,187
1008,GRAPAS PARA CONDUCTORES CON CLAVO DE ACERO NÂ°6,2018,6,154
1008,GRAPAS PARA CONDUCTORES CON CLAVO DE ACERO NÂ°6,2018,7,266
1008,GRAPAS PARA CONDUCTORES CON CLAVO DE ACERO NÂ°6,2018,8,96
1008,GRAPAS PARA CONDUCTORES CON CLAVO DE ACERO NÂ°6,2018,9,73
1008,GRAPAS PARA CONDUCTORES CON CLAVO DE ACERO NÂ°6,2018,10,78
1008,GRAPAS PARA CONDUCTORES CON CLAVO DE ACERO NÂ°6,2018,11,179
1008,GRAPAS PARA CONDUCTORES CON CLAVO DE ACERO NÂ°6,2018,12,86
1008,GRAPAS PARA CONDUCTORES CON CLAVO DE ACERO NÂ°6,2019,1,167
1008,GRAPAS PARA CONDUCTORES CON CLAVO DE ACERO NÂ°6,2019,2,143
1008,GRAPAS PARA CONDUCTORES CON CLAVO DE ACERO NÂ°6,2019,3,124
1008,GRAPAS PARA CONDUCTORES CON CLAVO DE ACERO NÂ°6,2019,5,235
1008,GRAPAS PARA CONDUCTORES CON CLAVO DE ACERO NÂ°6,2019,6,117
1008,GRAPAS PARA CONDUCTORES CON CLAVO DE ACERO NÂ°6,2019,7,104
1008,GRAPAS PARA CONDUCTORES CON CLAVO DE ACERO NÂ°6,2019,8,42
1008,GRAPAS PARA CONDUCTORES CON CLAVO DE ACERO NÂ°6,2019,9,101
1008,GRAPAS PARA CONDUCTORES CON CLAVO DE ACERO NÂ°6,2019,10,109
1008,GRAPAS PARA CONDUCTORES CON CLAVO DE ACERO NÂ°6,2019,11,93
1008,GRAPAS PARA CONDUCTORES CON CLAVO DE ACERO NÂ°6,2020,1,157
1008,GRAPAS PARA CONDUCTORES CON CLAVO DE ACERO NÂ°6,2020,2,99
1008,GRAPAS PARA CONDUCTORES CON CLAVO DE ACERO NÂ°6,2020,3,49
1008,GRAPAS PARA CONDUCTORES CON CLAVO DE ACERO NÂ°6,2020,4,157
1008,GRAPAS PARA CONDUCTORES CON CLAVO DE ACERO NÂ°6,2020,5,146
1008,GRAPAS PARA CONDUCTORES CON CLAVO DE ACERO NÂ°6,2020,6,171
1008,GRAPAS PARA CONDUCTORES CON CLAVO DE ACERO NÂ°6,2020,7,164
1008,GRAPAS PARA CONDUCTORES CON CLAVO DE ACERO NÂ°6,2020,8,89
1008,GRAPAS PARA CONDUCTORES CON CLAVO DE ACERO NÂ°6,2020,9,151
1008,GRAPAS PARA CONDUCTORES CON CLAVO DE ACERO NÂ°6,2020,10,264
1008,GRAPAS PARA CONDUCTORES CON CLAVO DE ACERO NÂ°6,2020,11,182
1008,GRAPAS PARA CONDUCTORES CON CLAVO DE ACERO NÂ°6,2020,12,195
1008,GRAPAS PARA CONDUCTORES CON CLAVO DE ACERO NÂ°6,2021,1,73
1008,GRAPAS PARA CONDUCTORES CON CLAVO DE ACERO NÂ°6,2021,2,176
1008,GRAPAS PARA CONDUCTORES CON CLAVO DE ACERO NÂ°6,2021,3,79
1008,GRAPAS PARA CONDUCTORES CON CLAVO DE ACERO NÂ°6,2021,4,155
1008,GRAPAS PARA CONDUCTORES CON CLAVO DE ACERO NÂ°6,2021,5,154
1008,GRAPAS PARA CONDUCTORES CON CLAVO DE ACERO NÂ°6,2021,6,186
1008,GRAPAS PARA CONDUCTORES CON CLAVO DE ACERO NÂ°6,2021,7,103
1008,GRAPAS PARA CONDUCTORES CON CLAVO DE ACERO NÂ°6,2021,8,81
1008,GRAPAS PARA CONDUCTORES CON CLAVO DE ACERO NÂ°6,2021,9,134
1008,GRAPAS PARA CONDUCTORES CON CLAVO DE ACERO NÂ°6,2021,10,174
1008,GRAPAS PARA CONDUCTORES CON CLAVO DE ACERO NÂ°6,2021,11,82
1008,GRAPAS PARA CONDUCTORES CON CLAVO DE ACERO NÂ°6,2021,12,120
1008,GRAPAS PARA CONDUCTORES CON CLAVO DE ACERO NÂ°6,2022,1,252
1008,GRAPAS PARA CONDUCTORES CON CLAVO DE ACERO NÂ°6,2022,2,206
1008,GRAPAS PARA CONDUCTORES CON CLAVO DE ACERO NÂ°6,2022,3,32
1008,GRAPAS PARA CONDUCTORES CON CLAVO DE ACERO NÂ°6,2022,4,125
1008,GRAPAS PARA CONDUCTORES CON CLAVO DE ACERO NÂ°6,2022,5,232
1008,GRAPAS PARA CONDUCTORES CON CLAVO DE ACERO NÂ°6,2022,6,107
1008,GRAPAS PARA CONDUCTORES CON CLAVO DE ACERO NÂ°6,2022,7,145
1008,GRAPAS PARA CONDUCTORES CON CLAVO DE ACERO NÂ°6,2022,8,171
1008,GRAPAS PARA CONDUCTORES CON CLAVO DE ACERO NÂ°6,2022,9,79
1008,GRAPAS PARA CONDUCTORES CON CLAVO DE ACERO NÂ°6,2022,10,172
1008,GRAPAS PARA CONDUCTORES CON CLAVO DE ACERO NÂ°6,2022,11,163
1008,GRAPAS PARA CONDUCTORES CON CLAVO DE ACERO NÂ°6,2022,12,166
1008,GRAPAS PARA CONDUCTORES CON CLAVO DE ACERO NÂ°6,2023,1,180
1008,GRAPAS PARA CONDUCTORES CON CLAVO DE ACERO NÂ°6,2023,2,127
1008,GRAPAS PARA CONDUCTORES CON CLAVO DE ACERO NÂ°6,2023,3,150
1008,GRAPAS PARA CONDUCTORES CON CLAVO DE ACERO NÂ°6,2023,4,176
1008,GRAPAS PARA CONDUCTORES CON CLAVO DE ACERO NÂ°6,2023,5,158
1008,GRAPAS PARA CONDUCTORES CON CLAVO DE ACERO NÂ°6,2023,6,127
1008,GRAPAS PARA CONDUCTORES CON CLAVO DE ACERO NÂ°6,2023,7,169
1008,GRAPAS PARA CONDUCTORES CON CLAVO DE ACERO NÂ°6,2023,8,215
1008,GRAPAS PARA CONDUCTORES CON CLAVO DE ACERO NÂ°6,2023,9,104
1008,GRAPAS PARA CONDUCTORES CON CLAVO DE ACERO NÂ°6,2023,10,61
1008,GRAPAS PARA CONDUCTORES CON CLAVO DE ACERO NÂ°6,2023,11,217
1008,GRAPAS PARA CONDUCTORES CON CLAVO DE ACERO NÂ°6,2023,12,131
1008,GRAPAS PARA CONDUCTORES CON CLAVO DE ACERO NÂ°6,2024,1,187
1008,GRAPAS PARA CONDUCTORES CON CLAVO DE ACERO NÂ°6,2024,2,189
1008,GRAPAS PARA CONDUCTORES CON CLAVO DE ACERO NÂ°6,2024,3,197
1008,GRAPAS PARA CONDUCTORES CON CLAVO DE ACERO NÂ°6,2024,4,130
1008,GRAPAS PARA CONDUCTORES CON CLAVO DE ACERO NÂ°6,2024,5,194
1008,GRAPAS PARA CONDUCTORES CON CLAVO DE ACERO NÂ°6,2024,6,114
1008,GRAPAS PARA CONDUCTORES CON CLAVO DE ACERO NÂ°6,2024,7,287
1008,GRAPAS PARA CONDUCTORES CON CLAVO DE ACERO NÂ°6,2024,8,159
1008,GRAPAS PARA CONDUCTORES CON CLAVO DE ACERO NÂ°6,2024,9,173
1008,GRAPAS PARA CONDUCTORES CON CLAVO DE ACERO NÂ°6,2024,10,50
1008,GRAPAS PARA CONDUCTORES CON CLAVO DE ACERO NÂ°6,2024,11,89
1008,GRAPAS PARA CONDUCTORES CON CLAVO DE ACERO NÂ°6,2024,12,131
1008,GRAPAS PARA CONDUCTORES CON CLAVO DE ACERO NÂ°6,2025,1,34
1008,GRAPAS PARA CONDUCTORES CON CLAVO DE ACERO NÂ°6,2025,2,27
1008,GRAPAS PARA CONDUCTORES CON CLAVO DE ACERO NÂ°6,2025,3,126
1008,GRAPAS PARA CONDUCTORES CON CLAVO DE ACERO NÂ°6,2025,4,107
1008,GRAPAS PARA CONDUCTORES CON CLAVO DE ACERO NÂ°6,2025,5,66
1008,GRAPAS PARA CONDUCTORES CON CLAVO DE ACERO NÂ°6,2025,6,163
1008,GRAPAS PARA CONDUCTORES CON CLAVO DE ACERO NÂ°6,2025,7,235
1008,GRAPAS PARA CONDUCTORES CON CLAVO DE ACERO NÂ°6,2025,8,112
1008,GRAPAS PARA CONDUCTORES CON CLAVO DE ACERO NÂ°6,2025,9,184
1008,GRAPAS PARA CONDUCTORES CON CLAVO DE ACERO NÂ°6,2025,10,188
1009,GRAPAS PARA CONDUCTORES CON CLAVO DE ACERO NÂ°8,2018,1,161
1009,GRAPAS PARA CONDUCTORES CON CLAVO DE ACERO NÂ°8,2018,2,65
1009,GRAPAS PARA CONDUCTORES CON CLAVO DE ACERO NÂ°8,2018,3,185
1009,GRAPAS PARA CONDUCTORES CON CLAVO DE ACERO NÂ°8,2018,4,78
1009,GRAPAS PARA CONDUCTORES CON CLAVO DE ACERO NÂ°8,2018,5,196
1009,GRAPAS PARA CONDUCTORES CON CLAVO DE ACERO NÂ°8,2018,6,177
1009,GRAPAS PARA CONDUCTORES CON CLAVO DE ACERO NÂ°8,2018,7,108
1009,GRAPAS PARA CONDUCTORES CON CLAVO DE ACERO NÂ°8,2018,8,124
1009,GRAPAS PARA CONDUCTORES CON CLAVO DE ACERO NÂ°8,2018,9,103
1009,GRAPAS PARA CONDUCTORES CON CLAVO DE ACERO NÂ°8,2018,10,145
1009,GRAPAS PARA CONDUCTORES CON CLAVO DE ACERO NÂ°8,2018,11,216
1009,GRAPAS PARA CONDUCTORES CON CLAVO DE ACERO NÂ°8,2018,12,126
1009,GRAPAS PARA CONDUCTORES CON CLAVO DE ACERO NÂ°8,2019,1,123
1009,GRAPAS PARA CONDUCTORES CON CLAVO DE ACERO NÂ°8,2019,2,279
1009,GRAPAS PARA CONDUCTORES CON CLAVO DE ACERO NÂ°8,2019,3,54
1009,GRAPAS PARA CONDUCTORES CON CLAVO DE ACERO NÂ°8,2019,4,85
1009,GRAPAS PARA CONDUCTORES CON CLAVO DE ACERO NÂ°8,2019,5,93
1009,GRAPAS PARA CONDUCTORES CON CLAVO DE ACERO NÂ°8,2019,6,185
1009,GRAPAS PARA CONDUCTORES CON CLAVO DE ACERO NÂ°8,2019,7,91
1009,GRAPAS PARA CONDUCTORES CON CLAVO DE ACERO NÂ°8,2019,8,116
1009,GRAPAS PARA CONDUCTORES CON CLAVO DE ACERO NÂ°8,2019,9,178
1009,GRAPAS PARA CONDUCTORES CON CLAVO DE ACERO NÂ°8,2019,10,168
1009,GRAPAS PARA CONDUCTORES CON CLAVO DE ACERO NÂ°8,2019,11,220
1009,GRAPAS PARA CONDUCTORES CON CLAVO DE ACERO NÂ°8,2019,12,112
1009,GRAPAS PARA CONDUCTORES CON CLAVO DE ACERO NÂ°8,2020,1,10
1009,GRAPAS PARA CONDUCTORES CON CLAVO DE ACERO NÂ°8,2020,2,42
1009,GRAPAS PARA CONDUCTORES CON CLAVO DE ACERO NÂ°8,2020,3,213
1009,GRAPAS PARA CONDUCTORES CON CLAVO DE ACERO NÂ°8,2020,4,177
1009,GRAPAS PARA CONDUCTORES CON CLAVO DE ACERO NÂ°8,2020,5,143
1009,GRAPAS PARA CONDUCTORES CON CLAVO DE ACERO NÂ°8,2020,6,85
1009,GRAPAS PARA CONDUCTORES CON CLAVO DE ACERO NÂ°8,2020,7,289
1009,GRAPAS PARA CONDUCTORES CON CLAVO DE ACERO NÂ°8,2020,8,116
1009,GRAPAS PARA CONDUCTORES CON CLAVO DE ACERO NÂ°8,2020,9,96
1009,GRAPAS PARA CONDUCTORES CON CLAVO DE ACERO NÂ°8,2020,10,161
1009,GRAPAS PARA CONDUCTORES CON CLAVO DE ACERO NÂ°8,2020,11,116
1009,GRAPAS PARA CONDUCTORES CON CLAVO DE ACERO NÂ°8,2020,12,127
1009,GRAPAS PARA CONDUCTORES CON CLAVO DE ACERO NÂ°8,2021,1,129
1009,GRAPAS PARA CONDUCTORES CON CLAVO DE ACERO NÂ°8,2021,2,96
1009,GRAPAS PARA CONDUCTORES CON CLAVO DE ACERO NÂ°8,2021,3,76
1009,GRAPAS PARA CONDUCTORES CON CLAVO DE ACERO NÂ°8,2021,4,120
1009,GRAPAS PARA CONDUCTORES CON CLAVO DE ACERO NÂ°8,2021,5,50
1009,GRAPAS PARA CONDUCTORES CON CLAVO DE ACERO NÂ°8,2021,6,115
1009,GRAPAS PARA CONDUCTORES CON CLAVO DE ACERO NÂ°8,2021,7,195
1009,GRAPAS PARA CONDUCTORES CON CLAVO DE ACERO NÂ°8,2021,8,183
1009,GRAPAS PARA CONDUCTORES CON CLAVO DE ACERO NÂ°8,2021,9,196
1009,GRAPAS PARA CONDUCTORES CON CLAVO DE ACERO NÂ°8,2021,10,146
1009,GRAPAS PARA CONDUCTORES CON CLAVO DE ACERO NÂ°8,2021,11,47
1009,GRAPAS PARA CONDUCTORES CON CLAVO DE ACERO NÂ°8,2021,12,241
1009,GRAPAS PARA CONDUCTORES CON CLAVO DE ACERO NÂ°8,2022,1,100
1009,GRAPAS PARA CONDUCTORES CON CLAVO DE ACERO NÂ°8,2022,2,131
1009,GRAPAS PARA CONDUCTORES CON CLAVO DE ACERO NÂ°8,2022,3,123
1009,GRAPAS PARA CONDUCTORES CON CLAVO DE ACERO NÂ°8,2022,4,248
1009,GRAPAS PARA CONDUCTORES CON CLAVO DE ACERO NÂ°8,2022,5,90
1009,GRAPAS PARA CONDUCTORES CON CLAVO DE ACERO NÂ°8,2022,6,108
1009,GRAPAS PARA CONDUCTORES CON CLAVO DE ACERO NÂ°8,2022,7,132
1009,GRAPAS PARA CONDUCTORES CON CLAVO DE ACERO NÂ°8,2022,8,92
1009,GRAPAS PARA CONDUCTORES CON CLAVO DE ACERO NÂ°8,2022,9,132
1009,GRAPAS PARA CONDUCTORES CON CLAVO DE ACERO NÂ°8,2022,10,248
1009,GRAPAS PARA CONDUCTORES CON CLAVO DE ACERO NÂ°8,2022,11,122
1009,GRAPAS PARA CONDUCTORES CON CLAVO DE ACERO NÂ°8,2022,12,197
1009,GRAPAS PARA CONDUCTORES CON CLAVO DE ACERO NÂ°8,2023,1,194
1009,GRAPAS PARA CONDUCTORES CON CLAVO DE ACERO NÂ°8,2023,2,94
1009,GRAPAS PARA CONDUCTORES CON CLAVO DE ACERO NÂ°8,2023,3,141
1009,GRAPAS PARA CONDUCTORES CON CLAVO DE ACERO NÂ°8,2023,4,124
1009,GRAPAS PARA CONDUCTORES CON CLAVO DE ACERO NÂ°8,2023,5,112
1009,GRAPAS PARA CONDUCTORES CON CLAVO DE ACERO NÂ°8,2023,6,58
1009,GRAPAS PARA CONDUCTORES CON CLAVO DE ACERO NÂ°8,2023,7,89
1009,GRAPAS PARA CONDUCTORES CON CLAVO DE ACERO NÂ°8,2023,8,214
1009,GRAPAS PARA CONDUCTORES CON CLAVO DE ACERO NÂ°8,2023,9,290
1009,GRAPAS PARA CONDUCTORES CON CLAVO DE ACERO NÂ°8,2023,10,79
1009,GRAPAS PARA CONDUCTORES CON CLAVO DE ACERO NÂ°8,2023,11,102
1009,GRAPAS PARA CONDUCTORES CON CLAVO DE ACERO NÂ°8,2023,12,132
1009,GRAPAS PARA CONDUCTORES CON CLAVO DE ACERO NÂ°8,2024,1,254
1009,GRAPAS PARA CONDUCTORES CON CLAVO DE ACERO NÂ°8,2024,2,13
1009,GRAPAS PARA CONDUCTORES CON CLAVO DE ACERO NÂ°8,2024,3,163
1009,GRAPAS PARA CONDUCTORES CON CLAVO DE ACERO NÂ°8,2024,4,139
1009,GRAPAS PARA CONDUCTORES CON CLAVO DE ACERO NÂ°8,2024,5,249
1009,GRAPAS PARA CONDUCTORES CON CLAVO DE ACERO NÂ°8,2024,6,196
1009,GRAPAS PARA CONDUCTORES CON CLAVO DE ACERO NÂ°8,2024,7,228
1009,GRAPAS PARA CONDUCTORES CON CLAVO DE ACERO NÂ°8,2024,8,195
1009,GRAPAS PARA CONDUCTORES CON CLAVO DE ACERO NÂ°8,2024,9,263
1009,GRAPAS PARA CONDUCTORES CON CLAVO DE ACERO NÂ°8,2024,10,112
1009,GRAPAS PARA CONDUCTORES CON CLAVO DE ACERO NÂ°8,2024,11,227
1009,GRAPAS PARA CONDUCTORES CON CLAVO DE ACERO NÂ°8,2024,12,104
1009,GRAPAS PARA CONDUCTORES CON CLAVO DE ACERO NÂ°8,2025,1,176
1009,GRAPAS PARA CONDUCTORES CON CLAVO DE ACERO NÂ°8,2025,3,186
1009,GRAPAS PARA CONDUCTORES CON CLAVO DE ACERO NÂ°8,2025,4,198
1009,GRAPAS PARA CONDUCTORES CON CLAVO DE ACERO NÂ°8,2025,5,119
1009,GRAPAS PARA CONDUCTORES CON CLAVO DE ACERO NÂ°8,2025,6,139
1009,GRAPAS PARA CONDUCTORES CON CLAVO DE ACERO NÂ°8,2025,7,110
1009,GRAPAS PARA CONDUCTORES CON CLAVO DE ACERO NÂ°8,2025,8,200
1009,GRAPAS PARA CONDUCTORES CON CLAVO DE ACERO NÂ°8,2025,9,25
1009,GRAPAS PARA CONDUCTORES CON CLAVO DE ACERO NÂ°8,2025,10,91
1010,ATADORES DE IDENTIFICACION DE ABONADO,2018,1,174
1010,ATADORES DE IDENTIFICACION DE ABONADO,2018,2,63
1010,ATADORES DE IDENTIFICACION DE ABONADO,2018,3,91
1010,ATADORES DE IDENTIFICACION DE ABONADO,2018,4,192
1010,ATADORES DE IDENTIFICACION DE ABONADO,2018,5,57
1010,ATADORES DE IDENTIFICACION DE ABONADO,2018,6,128
1010,ATADORES DE IDENTIFICACION DE ABONADO,2018,7,126
1010,ATADORES DE IDENTIFICACION DE ABONADO,2018,8,154
1010,ATADORES DE IDENTIFICACION DE ABONADO,2018,9,24
1010,ATADORES DE IDENTIFICACION DE ABONADO,2018,10,181
1010,ATADORES DE IDENTIFICACION DE ABONADO,2018,11,203
1010,ATADORES DE IDENTIFICACION DE ABONADO,2018,12,78
1010,ATADORES DE IDENTIFICACION DE ABONADO,2019,1,16
1010,ATADORES DE IDENTIFICACION DE ABONADO,2019,2,34
1010,ATADORES DE IDENTIFICACION DE ABONADO,2019,3,186
1010,ATADORES DE IDENTIFICACION DE ABONADO,2019,4,75
1010,ATADORES DE IDENTIFICACION DE ABONADO,2019,5,95
1010,ATADORES DE IDENTIFICACION DE ABONADO,2019,6,263
1010,ATADORES DE IDENTIFICACION DE ABONADO,2019,7,178
1010,ATADORES DE IDENTIFICACION DE ABONADO,2019,8,189
1010,ATADORES DE IDENTIFICACION DE ABONADO,2019,9,20
1010,ATADORES DE IDENTIFICACION DE ABONADO,2019,10,154
1010,ATADORES DE IDENTIFICACION DE ABONADO,2019,11,172
1010,ATADORES DE IDENTIFICACION DE ABONADO,2019,12,106
1010,ATADORES DE IDENTIFICACION DE ABONADO,2020,1,238
1010,ATADORES DE IDENTIFICACION DE ABONADO,2020,2,152
1010,ATADORES DE IDENTIFICACION DE ABONADO,2020,3,111
1010,ATADORES DE IDENTIFICACION DE ABONADO,2020,4,114
1010,ATADORES DE IDENTIFICACION DE ABONADO,2020,5,171
1010,ATADORES DE IDENTIFICACION DE ABONADO,2020,6,233
1010,ATADORES DE IDENTIFICACION DE ABONADO,2020,7,262
1010,ATADORES DE IDENTIFICACION DE ABONADO,2020,8,179
1010,ATADORES DE IDENTIFICACION DE ABONADO,2020,9,216
1010,ATADORES DE IDENTIFICACION DE ABONADO,2020,10,93
1010,ATADORES DE IDENTIFICACION DE ABONADO,2020,11,260
1010,ATADORES DE IDENTIFICACION DE ABONADO,2020,12,152
1010,ATADORES DE IDENTIFICACION DE ABONADO,2021,1,208
1010,ATADORES DE IDENTIFICACION DE ABONADO,2021,2,126
1010,ATADORES DE IDENTIFICACION DE ABONADO,2021,3,107
1010,ATADORES DE IDENTIFICACION DE ABONADO,2021,4,123
1010,ATADORES DE IDENTIFICACION DE ABONADO,2021,5,121
1010,ATADORES DE IDENTIFICACION DE ABONADO,2021,6,169
1010,ATADORES DE IDENTIFICACION DE ABONADO,2021,7,213
1010,ATADORES DE IDENTIFICACION DE ABONADO,2021,8,115
1010,ATADORES DE IDENTIFICACION DE ABONADO,2021,9,177
1010,ATADORES DE IDENTIFICACION DE ABONADO,2021,10,261
1010,ATADORES DE IDENTIFICACION DE ABONADO,2021,11,218
1010,ATADORES DE IDENTIFICACION DE ABONADO,2021,12,109
1010,ATADORES DE IDENTIFICACION DE ABONADO,2022,1,164
1010,ATADORES DE IDENTIFICACION DE ABONADO,2022,2,190
1010,ATADORES DE IDENTIFICACION DE ABONADO,2022,3,66
1010,ATADORES DE IDENTIFICACION DE ABONADO,2022,4,53
1010,ATADORES DE IDENTIFICACION DE ABONADO,2022,5,215
1010,ATADORES DE IDENTIFICACION DE ABONADO,2022,7,251
1010,ATADORES DE IDENTIFICACION DE ABONADO,2022,8,118
1010,ATADORES DE IDENTIFICACION DE ABONADO,2022,9,192
1010,ATADORES DE IDENTIFICACION DE ABONADO,2022,10,152
1010,ATADORES DE IDENTIFICACION DE ABONADO,2022,11,128
1010,ATADORES DE IDENTIFICACION DE ABONADO,2022,12,285
1010,ATADORES DE IDENTIFICACION DE ABONADO,2023,1,311
1010,ATADORES DE IDENTIFICACION DE ABONADO,2023,2,201
1010,ATADORES DE IDENTIFICACION DE ABONADO,2023,3,126
1010,ATADORES DE IDENTIFICACION DE ABONADO,2023,4,198
1010,ATADORES DE IDENTIFICACION DE ABONADO,2023,5,140
1010,ATADORES DE IDENTIFICACION DE ABONADO,2023,6,196
1010,ATADORES DE IDENTIFICACION DE ABONADO,2023,7,265
1010,ATADORES DE IDENTIFICACION DE ABONADO,2023,8,177
1010,ATADORES DE IDENTIFICACION DE ABONADO,2023,9,161
1010,ATADORES DE IDENTIFICACION DE ABONADO,2023,10,158
1010,ATADORES DE IDENTIFICACION DE ABONADO,2023,11,191
1010,ATADORES DE IDENTIFICACION DE ABONADO,2023,12,209
1010,ATADORES DE IDENTIFICACION DE ABONADO,2024,1,130
1010,ATADORES DE IDENTIFICACION DE ABONADO,2024,2,157
1010,ATADORES DE IDENTIFICACION DE ABONADO,2024,3,141
1010,ATADORES DE IDENTIFICACION DE ABONADO,2024,4,53
1010,ATADORES DE IDENTIFICACION DE ABONADO,2024,5,97
1010,ATADORES DE IDENTIFICACION DE ABONADO,2024,6,94
1010,ATADORES DE IDENTIFICACION DE ABONADO,2024,7,169
1010,ATADORES DE IDENTIFICACION DE ABONADO,2024,8,123
1010,ATADORES DE IDENTIFICACION DE ABONADO,2024,9,201
1010,ATADORES DE IDENTIFICACION DE ABONADO,2024,10,113
1010,ATADORES DE IDENTIFICACION DE ABONADO,2024,11,280
1010,ATADORES DE IDENTIFICACION DE ABONADO,2024,12,60
1010,ATADORES DE IDENTIFICACION DE ABONADO,2025,1,137
1010,ATADORES DE IDENTIFICACION DE ABONADO,2025,2,60
1010,ATADORES DE IDENTIFICACION DE ABONADO,2025,3,142
1010,ATADORES DE IDENTIFICACION DE ABONADO,2025,4,191
1010,ATADORES DE IDENTIFICACION DE ABONADO,2025,5,127
1010,ATADORES DE IDENTIFICACION DE ABONADO,2025,7,85
1010,ATADORES DE IDENTIFICACION DE ABONADO,2025,8,181
1010,ATADORES DE IDENTIFICACION DE ABONADO,2025,9,205
1010,ATADORES DE IDENTIFICACION DE ABONADO,2025,10,61
1011,CABLE FASTCONNECT DROP 80MTS,2018,1,228
1011,CABLE FASTCONNECT DROP 80MTS,2018,2,115
1011,CABLE FASTCONNECT DROP 80MTS,2018,3,190
1011,CABLE FASTCONNECT DROP 80MTS,2018,4,120
1011,CABLE FASTCONNECT DROP 80MTS,2018,5,285
1011,CABLE FASTCONNECT DROP 80MTS,2018,6,96
1011,CABLE FASTCONNECT DROP 80MTS,2018,7,117
1011,CABLE FASTCONNECT DROP 80MTS,2018,8,193
1011,CABLE FASTCONNECT DROP 80MTS,2018,9,164
1011,CABLE FASTCONNECT DROP 80MTS,2018,10,233
1011,CABLE FASTCONNECT DROP 80MTS,2018,11,178
1011,CABLE FASTCONNECT DROP 80MTS,2018,12,211
1011,CABLE FASTCONNECT DROP 80MTS,2019,1,12
1011,CABLE FASTCONNECT DROP 80MTS,2019,2,139
1011,CABLE FASTCONNECT DROP 80MTS,2019,3,219
1011,CABLE FASTCONNECT DROP 80MTS,2019,4,128
1011,CABLE FASTCONNECT DROP 80MTS,2019,5,294
1011,CABLE FASTCONNECT DROP 80MTS,2019,6,189
1011,CABLE FASTCONNECT DROP 80MTS,2019,7,158
1011,CABLE FASTCONNECT DROP 80MTS,2019,8,217
1011,CABLE FASTCONNECT DROP 80MTS,2019,9,206
1011,CABLE FASTCONNECT DROP 80MTS,2019,10,225
1011,CABLE FASTCONNECT DROP 80MTS,2019,11,202
1011,CABLE FASTCONNECT DROP 80MTS,2019,12,166
1011,CABLE FASTCONNECT DROP 80MTS,2020,1,48
1011,CABLE FASTCONNECT DROP 80MTS,2020,2,81
1011,CABLE FASTCONNECT DROP 80MTS,2020,3,77
1011,CABLE FASTCONNECT DROP 80MTS,2020,4,89
1011,CABLE FASTCONNECT DROP 80MTS,2020,5,193
1011,CABLE FASTCONNECT DROP 80MTS,2020,6,158
1011,CABLE FASTCONNECT DROP 80MTS,2020,7,136
1011,CABLE FASTCONNECT DROP 80MTS,2020,8,46
1011,CABLE FASTCONNECT DROP 80MTS,2020,9,161
1011,CABLE FASTCONNECT DROP 80MTS,2020,10,191
1011,CABLE FASTCONNECT DROP 80MTS,2020,11,167
1011,CABLE FASTCONNECT DROP 80MTS,2020,12,232
1011,CABLE FASTCONNECT DROP 80MTS,2021,1,169
1011,CABLE FASTCONNECT DROP 80MTS,2021,2,27
1011,CABLE FASTCONNECT DROP 80MTS,2021,3,176
1011,CABLE FASTCONNECT DROP 80MTS,2021,4,119
1011,CABLE FASTCONNECT DROP 80MTS,2021,5,97
1011,CABLE FASTCONNECT DROP 80MTS,2021,6,57
1011,CABLE FASTCONNECT DROP 80MTS,2021,7,147
1011,CABLE FASTCONNECT DROP 80MTS,2021,8,133
1011,CABLE FASTCONNECT DROP 80MTS,2021,9,215
1011,CABLE FASTCONNECT DROP 80MTS,2021,10,314
1011,CABLE FASTCONNECT DROP 80MTS,2021,11,156
1011,CABLE FASTCONNECT DROP 80MTS,2021,12,173
1011,CABLE FASTCONNECT DROP 80MTS,2022,1,170
1011,CABLE FASTCONNECT DROP 80MTS,2022,2,64
1011,CABLE FASTCONNECT DROP 80MTS,2022,3,88
1011,CABLE FASTCONNECT DROP 80MTS,2022,4,142
1011,CABLE FASTCONNECT DROP 80MTS,2022,5,236
1011,CABLE FASTCONNECT DROP 80MTS,2022,6,210
1011,CABLE FASTCONNECT DROP 80MTS,2022,7,139
1011,CABLE FASTCONNECT DROP 80MTS,2022,8,226
1011,CABLE FASTCONNECT DROP 80MTS,2022,9,131
1011,CABLE FASTCONNECT DROP 80MTS,2022,10,179
1011,CABLE FASTCONNECT DROP 80MTS,2022,11,212
1011,CABLE FASTCONNECT DROP 80MTS,2022,12,138
1011,CABLE FASTCONNECT DROP 80MTS,2023,1,136
1011,CABLE FASTCONNECT DROP 80MTS,2023,2,158
1011,CABLE FASTCONNECT DROP 80MTS,2023,3,200
1011,CABLE FASTCONNECT DROP 80MTS,2023,4,90
1011,CABLE FASTCONNECT DROP 80MTS,2023,5,62
1011,CABLE FASTCONNECT DROP 80MTS,2023,6,136
1011,CABLE FASTCONNECT DROP 80MTS,2023,7,50
1011,CABLE FASTCONNECT DROP 80MTS,2023,8,147
1011,CABLE FASTCONNECT DROP 80MTS,2023,9,205
1011,CABLE FASTCONNECT DROP 80MTS,2023,10,80
1011,CABLE FASTCONNECT DROP 80MTS,2023,11,119
1011,CABLE FASTCONNECT DROP 80MTS,2023,12,89
1011,CABLE FASTCONNECT DROP 80MTS,2024,1,106
1011,CABLE FASTCONNECT DROP 80MTS,2024,2,71
1011,CABLE FASTCONNECT DROP 80MTS,2024,3,146
1011,CABLE FASTCONNECT DROP 80MTS,2024,4,118
1011,CABLE FASTCONNECT DROP 80MTS,2024,5,182
1011,CABLE FASTCONNECT DROP 80MTS,2024,6,201
1011,CABLE FASTCONNECT DROP 80MTS,2024,7,194
1011,CABLE FASTCONNECT DROP 80MTS,2024,8,238
1011,CABLE FASTCONNECT DROP 80MTS,2024,9,251
1011,CABLE FASTCONNECT DROP 80MTS,2024,10,287
1011,CABLE FASTCONNECT DROP 80MTS,2024,11,160
1011,CABLE FASTCONNECT DROP 80MTS,2024,12,90
1011,CABLE FASTCONNECT DROP 80MTS,2025,1,165
1011,CABLE FASTCONNECT DROP 80MTS,2025,2,36
1011,CABLE FASTCONNECT DROP 80MTS,2025,3,94
1011,CABLE FASTCONNECT DROP 80MTS,2025,4,173
1011,CABLE FASTCONNECT DROP 80MTS,2025,5,84
1011,CABLE FASTCONNECT DROP 80MTS,2025,6,184
1011,CABLE FASTCONNECT DROP 80MTS,2025,7,182
1011,CABLE FASTCONNECT DROP 80MTS,2025,8,191
1011,CABLE FASTCONNECT DROP 80MTS,2025,9,155
1011,CABLE FASTCONNECT DROP 80MTS,2025,10,66
1012,CONECTOR CAMPO 14132731 S/CAPC RL,2018,1,274
1012,CONECTOR CAMPO 14132731 S/CAPC RL,2018,2,232
1012,CONECTOR CAMPO 14132731 S/CAPC RL,2018,3,187
1012,CONECTOR CAMPO 14132731 S/CAPC RL,2018,4,241
1012,CONECTOR CAMPO 14132731 S/CAPC RL,2018,5,190
1012,CONECTOR CAMPO 14132731 S/CAPC RL,2018,6,243
1012,CONECTOR CAMPO 14132731 S/CAPC RL,2018,7,244
1012,CONECTOR CAMPO 14132731 S/CAPC RL,2018,8,278
1012,CONECTOR CAMPO 14132731 S/CAPC RL,2018,9,170
1012,CONECTOR CAMPO 14132731 S/CAPC RL,2018,10,190
1012,CONECTOR CAMPO 14132731 S/CAPC RL,2018,11,102
1012,CONECTOR CAMPO 14132731 S/CAPC RL,2018,12,246
1012,CONECTOR CAMPO 14132731 S/CAPC RL,2019,1,104
1012,CONECTOR CAMPO 14132731 S/CAPC RL,2019,2,67
1012,CONECTOR CAMPO 14132731 S/CAPC RL,2019,3,194
1012,CONECTOR CAMPO 14132731 S/CAPC RL,2019,4,111
1012,CONECTOR CAMPO 14132731 S/CAPC RL,2019,5,208
1012,CONECTOR CAMPO 14132731 S/CAPC RL,2019,6,179
1012,CONECTOR CAMPO 14132731 S/CAPC RL,2019,7,267
1012,CONECTOR CAMPO 14132731 S/CAPC RL,2019,8,197
1012,CONECTOR CAMPO 14132731 S/CAPC RL,2019,9,99
1012,CONECTOR CAMPO 14132731 S/CAPC RL,2019,10,191
1012,CONECTOR CAMPO 14132731 S/CAPC RL,2019,11,61
1012,CONECTOR CAMPO 14132731 S/CAPC RL,2019,12,133
1012,CONECTOR CAMPO 14132731 S/CAPC RL,2020,1,158
1012,CONECTOR CAMPO 14132731 S/CAPC RL,2020,2,180
1012,CONECTOR CAMPO 14132731 S/CAPC RL,2020,3,274
1012,CONECTOR CAMPO 14132731 S/CAPC RL,2020,4,109
1012,CONECTOR CAMPO 14132731 S/CAPC RL,2020,5,18
1012,CONECTOR CAMPO 14132731 S/CAPC RL,2020,6,195
1012,CONECTOR CAMPO 14132731 S/CAPC RL,2020,7,238
1012,CONECTOR CAMPO 14132731 S/CAPC RL,2020,8,195
1012,CONECTOR CAMPO 14132731 S/CAPC RL,2020,9,62
1012,CONECTOR CAMPO 14132731 S/CAPC RL,2020,10,150
1012,CONECTOR CAMPO 14132731 S/CAPC RL,2020,11,135
1012,CONECTOR CAMPO 14132731 S/CAPC RL,2020,12,117
1012,CONECTOR CAMPO 14132731 S/CAPC RL,2021,1,160
1012,CONECTOR CAMPO 14132731 S/CAPC RL,2021,2,126
1012,CONECTOR CAMPO 14132731 S/CAPC RL,2021,3,84
1012,CONECTOR CAMPO 14132731 S/CAPC RL,2021,4,187
1012,CONECTOR CAMPO 14132731 S/CAPC RL,2021,5,104
1012,CONECTOR CAMPO 14132731 S/CAPC RL,2021,6,135
1012,CONECTOR CAMPO 14132731 S/CAPC RL,2021,7,103
1012,CONECTOR CAMPO 14132731 S/CAPC RL,2021,8,149
1012,CONECTOR CAMPO 14132731 S/CAPC RL,2021,9,220
1012,CONECTOR CAMPO 14132731 S/CAPC RL,2021,10,222
1012,CONECTOR CAMPO 14132731 S/CAPC RL,2021,11,251
1012,CONECTOR CAMPO 14132731 S/CAPC RL,2021,12,51
1012,CONECTOR CAMPO 14132731 S/CAPC RL,2022,1,111
1012,CONECTOR CAMPO 14132731 S/CAPC RL,2022,2,160
1012,CONECTOR CAMPO 14132731 S/CAPC RL,2022,3,59
1012,CONECTOR CAMPO 14132731 S/CAPC RL,2022,5,189
1012,CONECTOR CAMPO 14132731 S/CAPC RL,2022,6,132
1012,CONECTOR CAMPO 14132731 S/CAPC RL,2022,7,266
1012,CONECTOR CAMPO 14132731 S/CAPC RL,2022,8,147
1012,CONECTOR CAMPO 14132731 S/CAPC RL,2022,9,68
1012,CONECTOR CAMPO 14132731 S/CAPC RL,2022,10,226
1012,CONECTOR CAMPO 14132731 S/CAPC RL,2022,11,199
1012,CONECTOR CAMPO 14132731 S/CAPC RL,2022,12,184
1012,CONECTOR CAMPO 14132731 S/CAPC RL,2023,1,211
1012,CONECTOR CAMPO 14132731 S/CAPC RL,2023,2,212
1012,CONECTOR CAMPO 14132731 S/CAPC RL,2023,3,163
1012,CONECTOR CAMPO 14132731 S/CAPC RL,2023,4,65
1012,CONECTOR CAMPO 14132731 S/CAPC RL,2023,5,97
1012,CONECTOR CAMPO 14132731 S/CAPC RL,2023,6,189
1012,CONECTOR CAMPO 14132731 S/CAPC RL,2023,7,128
1012,CONECTOR CAMPO 14132731 S/CAPC RL,2023,8,87
1012,CONECTOR CAMPO 14132731 S/CAPC RL,2023,9,111
1012,CONECTOR CAMPO 14132731 S/CAPC RL,2023,10,72
1012,CONECTOR CAMPO 14132731 S/CAPC RL,2023,11,158
1012,CONECTOR CAMPO 14132731 S/CAPC RL,2023,12,204
1012,CONECTOR CAMPO 14132731 S/CAPC RL,2024,1,215
1012,CONECTOR CAMPO 14132731 S/CAPC RL,2024,2,245
1012,CONECTOR CAMPO 14132731 S/CAPC RL,2024,3,134
1012,CONECTOR CAMPO 14132731 S/CAPC RL,2024,4,202
1012,CONECTOR CAMPO 14132731 S/CAPC RL,2024,5,94
1012,CONECTOR CAMPO 14132731 S/CAPC RL,2024,6,27
1012,CONECTOR CAMPO 14132731 S/CAPC RL,2024,7,191
1012,CONECTOR CAMPO 14132731 S/CAPC RL,2024,8,139
1012,CONECTOR CAMPO 14132731 S/CAPC RL,2024,9,36
1012,CONECTOR CAMPO 14132731 S/CAPC RL,2024,10,55
1012,CONECTOR CAMPO 14132731 S/CAPC RL,2024,12,158
1012,CONECTOR CAMPO 14132731 S/CAPC RL,2025,1,98
1012,CONECTOR CAMPO 14132731 S/CAPC RL,2025,2,130
1012,CONECTOR CAMPO 14132731 S/CAPC RL,2025,3,249
1012,CONECTOR CAMPO 14132731 S/CAPC RL,2025,4,47
1012,CONECTOR CAMPO 14132731 S/CAPC RL,2025,5,114
1012,CONECTOR CAMPO 14132731 S/CAPC RL,2025,6,187
1012,CONECTOR CAMPO 14132731 S/CAPC RL,2025,7,276
1012,CONECTOR CAMPO 14132731 S/CAPC RL,2025,8,227
1012,CONECTOR CAMPO 14132731 S/CAPC RL,2025,9,132
1012,CONECTOR CAMPO 14132731 S/CAPC RL,2025,10,24
1013,CONECTOR PLUG RJ-45,2018,1,214
1013,CONECTOR PLUG RJ-45,2018,2,229
1013,CONECTOR PLUG RJ-45,2018,3,148
1013,CONECTOR PLUG RJ-45,2018,4,52
1013,CONECTOR PLUG RJ-45,2018,5,134
1013,CONECTOR PLUG RJ-45,2018,6,245
1013,CONECTOR PLUG RJ-45,2018,7,148
1013,CONECTOR PLUG RJ-45,2018,8,219
1013,CONECTOR PLUG RJ-45,2018,9,181
1013,CONECTOR PLUG RJ-45,2018,10,114
1013,CONECTOR PLUG RJ-45,2018,11,110
1013,CONECTOR PLUG RJ-45,2018,12,170
1013,CONECTOR PLUG RJ-45,2019,1,253
1013,CONECTOR PLUG RJ-45,2019,2,101
1013,CONECTOR PLUG RJ-45,2019,3,91
1013,CONECTOR PLUG RJ-45,2019,4,49
1013,CONECTOR PLUG RJ-45,2019,5,191
1013,CONECTOR PLUG RJ-45,2019,6,3
1013,CONECTOR PLUG RJ-45,2019,7,81
1013,CONECTOR PLUG RJ-45,2019,8,95
1013,CONECTOR PLUG RJ-45,2019,9,243
1013,CONECTOR PLUG RJ-45,2019,10,270
1013,CONECTOR PLUG RJ-45,2019,11,201
1013,CONECTOR PLUG RJ-45,2019,12,71
1013,CONECTOR PLUG RJ-45,2020,1,156
1013,CONECTOR PLUG RJ-45,2020,2,180
1013,CONECTOR PLUG RJ-45,2020,3,253
1013,CONECTOR PLUG RJ-45,2020,4,265
1013,CONECTOR PLUG RJ-45,2020,5,65
1013,CONECTOR PLUG RJ-45,2020,6,192
1013,CONECTOR PLUG RJ-45,2020,7,63
1013,CONECTOR PLUG RJ-45,2020,8,116
1013,CONECTOR PLUG RJ-45,2020,9,13
1013,CONECTOR PLUG RJ-45,2020,10,226
1013,CONECTOR PLUG RJ-45,2020,11,184
1013,CONECTOR PLUG RJ-45,2020,12,49
1013,CONECTOR PLUG RJ-45,2021,1,189
1013,CONECTOR PLUG RJ-45,2021,2,150
1013,CONECTOR PLUG RJ-45,2021,3,93
1013,CONECTOR PLUG RJ-45,2021,4,83
1013,CONECTOR PLUG RJ-45,2021,5,220
1013,CONECTOR PLUG RJ-45,2021,6,154
1013,CONECTOR PLUG RJ-45,2021,7,263
1013,CONECTOR PLUG RJ-45,2021,8,157
1013,CONECTOR PLUG RJ-45,2021,9,269
1013,CONECTOR PLUG RJ-45,2021,10,143
1013,CONECTOR PLUG RJ-45,2021,11,180
1013,CONECTOR PLUG RJ-45,2021,12,289
1013,CONECTOR PLUG RJ-45,2022,1,179
1013,CONECTOR PLUG RJ-45,2022,2,46
1013,CONECTOR PLUG RJ-45,2022,3,105
1013,CONECTOR PLUG RJ-45,2022,4,114
1013,CONECTOR PLUG RJ-45,2022,5,168
1013,CONECTOR PLUG RJ-45,2022,6,145
1013,CONECTOR PLUG RJ-45,2022,7,191
1013,CONECTOR PLUG RJ-45,2022,8,127
1013,CONECTOR PLUG RJ-45,2022,9,180
1013,CONECTOR PLUG RJ-45,2022,10,258
1013,CONECTOR PLUG RJ-45,2022,11,154
1013,CONECTOR PLUG RJ-45,2022,12,193
1013,CONECTOR PLUG RJ-45,2023,1,318
1013,CONECTOR PLUG RJ-45,2023,2,168
1013,CONECTOR PLUG RJ-45,2023,3,125
1013,CONECTOR PLUG RJ-45,2023,4,227
1013,CONECTOR PLUG RJ-45,2023,5,40
1013,CONECTOR PLUG RJ-45,2023,6,35
1013,CONECTOR PLUG RJ-45,2023,7,136
1013,CONECTOR PLUG RJ-45,2023,8,195
1013,CONECTOR PLUG RJ-45,2023,9,219
1013,CONECTOR PLUG RJ-45,2023,10,120
1013,CONECTOR PLUG RJ-45,2023,11,215
1013,CONECTOR PLUG RJ-45,2023,12,224
1013,CONECTOR PLUG RJ-45,2024,1,18
1013,CONECTOR PLUG RJ-45,2024,2,172
1013,CONECTOR PLUG RJ-45,2024,3,134
1013,CONECTOR PLUG RJ-45,2024,4,165
1013,CONECTOR PLUG RJ-45,2024,5,215
1013,CONECTOR PLUG RJ-45,2024,6,182
1013,CONECTOR PLUG RJ-45,2024,7,193
1013,CONECTOR PLUG RJ-45,2024,8,101
1013,CONECTOR PLUG RJ-45,2024,9,69
1013,CONECTOR PLUG RJ-45,2024,10,66
1013,CONECTOR PLUG RJ-45,2024,11,227
1013,CONECTOR PLUG RJ-45,2024,12,57
1013,CONECTOR PLUG RJ-45,2025,1,138
1013,CONECTOR PLUG RJ-45,2025,2,90
1013,CONECTOR PLUG RJ-45,2025,3,183
1013,CONECTOR PLUG RJ-45,2025,4,50
1013,CONECTOR PLUG RJ-45,2025,5,93
1013,CONECTOR PLUG RJ-45,2025,6,179
1013,CONECTOR PLUG RJ-45,2025,7,202
1013,CONECTOR PLUG RJ-45,2025,8,137
1013,CONECTOR PLUG RJ-45,2025,9,233
1013,CONECTOR PLUG RJ-45,2025,10,165
1014,CONTROL REMOTO FTTH,2018,1,323
1014,CONTROL REMOTO FTTH,2018,2,107
1014,CONTROL REMOTO FTTH,2018,3,144
1014,CONTROL REMOTO FTTH,2018,4,144
1014,CONTROL REMOTO FTTH,2018,5,179
1014,CONTROL REMOTO FTTH,2018,6,95
1014,CONTROL REMOTO FTTH,2018,7,150
1014,CONTROL REMOTO FTTH,2018,8,136
1014,CONTROL REMOTO FTTH,2018,9,165
1014,CONTROL REMOTO FTTH,2018,10,184
1014,CONTROL REMOTO FTTH,2018,11,213
1014,CONTROL REMOTO FTTH,2018,12,127
1014,CONTROL REMOTO FTTH,2019,1,128
1014,CONTROL REMOTO FTTH,2019,2,34
1014,CONTROL REMOTO FTTH,2019,3,96
1014,CONTROL REMOTO FTTH,2019,4,60
1014,CONTROL REMOTO FTTH,2019,5,230
1014,CONTROL REMOTO FTTH,2019,6,141
1014,CONTROL REMOTO FTTH,2019,7,239
1014,CONTROL REMOTO FTTH,2019,8,197
1014,CONTROL REMOTO FTTH,2019,9,233
1014,CONTROL REMOTO FTTH,2019,10,211
1014,CONTROL REMOTO FTTH,2019,11,140
1014,CONTROL REMOTO FTTH,2019,12,204
1014,CONTROL REMOTO FTTH,2020,1,139
1014,CONTROL REMOTO FTTH,2020,2,279
1014,CONTROL REMOTO FTTH,2020,3,190
1014,CONTROL REMOTO FTTH,2020,4,166
1014,CONTROL REMOTO FTTH,2020,5,153
1014,CONTROL REMOTO FTTH,2020,6,201
1014,CONTROL REMOTO FTTH,2020,7,261
1014,CONTROL REMOTO FTTH,2020,8,162
1014,CONTROL REMOTO FTTH,2020,9,167
1014,CONTROL REMOTO FTTH,2020,10,188
1014,CONTROL REMOTO FTTH,2020,11,102
1014,CONTROL REMOTO FTTH,2020,12,44
1014,CONTROL REMOTO FTTH,2021,1,215
1014,CONTROL REMOTO FTTH,2021,2,153
1014,CONTROL REMOTO FTTH,2021,3,214
1014,CONTROL REMOTO FTTH,2021,4,184
1014,CONTROL REMOTO FTTH,2021,5,49
1014,CONTROL REMOTO FTTH,2021,6,176
1014,CONTROL REMOTO FTTH,2021,7,182
1014,CONTROL REMOTO FTTH,2021,8,242
1014,CONTROL REMOTO FTTH,2021,9,236
1014,CONTROL REMOTO FTTH,2021,10,189
1014,CONTROL REMOTO FTTH,2021,11,248
1014,CONTROL REMOTO FTTH,2021,12,244
1014,CONTROL REMOTO FTTH,2022,1,110
1014,CONTROL REMOTO FTTH,2022,2,124
1014,CONTROL REMOTO FTTH,2022,3,144
1014,CONTROL REMOTO FTTH,2022,4,134
1014,CONTROL REMOTO FTTH,2022,5,152
1014,CONTROL REMOTO FTTH,2022,6,209
1014,CONTROL REMOTO FTTH,2022,7,142
1014,CONTROL REMOTO FTTH,2022,8,186
1014,CONTROL REMOTO FTTH,2022,9,212
1014,CONTROL REMOTO FTTH,2022,10,152
1014,CONTROL REMOTO FTTH,2022,11,156
1014,CONTROL REMOTO FTTH,2022,12,175
1014,CONTROL REMOTO FTTH,2023,1,139
1014,CONTROL REMOTO FTTH,2023,2,133
1014,CONTROL REMOTO FTTH,2023,3,128
1014,CONTROL REMOTO FTTH,2023,4,185
1014,CONTROL REMOTO FTTH,2023,5,62
1014,CONTROL REMOTO FTTH,2023,6,97
1014,CONTROL REMOTO FTTH,2023,7,96
1014,CONTROL REMOTO FTTH,2023,8,172
1014,CONTROL REMOTO FTTH,2023,9,203
1014,CONTROL REMOTO FTTH,2023,10,195
1014,CONTROL REMOTO FTTH,2023,11,205
1014,CONTROL REMOTO FTTH,2023,12,207
1014,CONTROL REMOTO FTTH,2024,1,95
1014,CONTROL REMOTO FTTH,2024,2,65
1014,CONTROL REMOTO FTTH,2024,3,118
1014,CONTROL REMOTO FTTH,2024,4,117
1014,CONTROL REMOTO FTTH,2024,5,179
1014,CONTROL REMOTO FTTH,2024,6,210
1014,CONTROL REMOTO FTTH,2024,7,222
1014,CONTROL REMOTO FTTH,2024,8,80
1014,CONTROL REMOTO FTTH,2024,9,148
1014,CONTROL REMOTO FTTH,2024,10,136
1014,CONTROL REMOTO FTTH,2024,11,184
1014,CONTROL REMOTO FTTH,2024,12,55
1014,CONTROL REMOTO FTTH,2025,1,205
1014,CONTROL REMOTO FTTH,2025,2,166
1014,CONTROL REMOTO FTTH,2025,3,292
1014,CONTROL REMOTO FTTH,2025,4,158
1014,CONTROL REMOTO FTTH,2025,5,270
1014,CONTROL REMOTO FTTH,2025,6,24
1014,CONTROL REMOTO FTTH,2025,7,153
1014,CONTROL REMOTO FTTH,2025,8,166
1014,CONTROL REMOTO FTTH,2025,9,126
1014,CONTROL REMOTO FTTH,2025,10,113
1015,REPETIDOR FTTH,2018,1,144
1015,REPETIDOR FTTH,2018,2,236
1015,REPETIDOR FTTH,2018,3,109
1015,REPETIDOR FTTH,2018,4,32
1015,REPETIDOR FTTH,2018,5,102
1015,REPETIDOR FTTH,2018,6,108
1015,REPETIDOR FTTH,2018,7,216
1015,REPETIDOR FTTH,2018,8,114
1015,REPETIDOR FTTH,2018,9,299
1015,REPETIDOR FTTH,2018,10,164
1015,REPETIDOR FTTH,2018,11,160
1015,REPETIDOR FTTH,2018,12,84
1015,REPETIDOR FTTH,2019,1,185
1015,REPETIDOR FTTH,2019,2,100
1015,REPETIDOR FTTH,2019,3,115
1015,REPETIDOR FTTH,2019,4,118
1015,REPETIDOR FTTH,2019,5,137
1015,REPETIDOR FTTH,2019,6,142
1015,REPETIDOR FTTH,2019,7,190
1015,REPETIDOR FTTH,2019,8,246
1015,REPETIDOR FTTH,2019,9,132
1015,REPETIDOR FTTH,2019,10,211
1015,REPETIDOR FTTH,2019,11,139
1015,REPETIDOR FTTH,2019,12,194
1015,REPETIDOR FTTH,2020,1,229
1015,REPETIDOR FTTH,2020,2,228
1015,REPETIDOR FTTH,2020,3,158
1015,REPETIDOR FTTH,2020,4,214
1015,REPETIDOR FTTH,2020,5,170
1015,REPETIDOR FTTH,2020,6,117
1015,REPETIDOR FTTH,2020,7,177
1015,REPETIDOR FTTH,2020,8,180
1015,REPETIDOR FTTH,2020,9,136
1015,REPETIDOR FTTH,2020,10,125
1015,REPETIDOR FTTH,2020,11,160
1015,REPETIDOR FTTH,2020,12,169
1015,REPETIDOR FTTH,2021,1,174
1015,REPETIDOR FTTH,2021,2,155
1015,REPETIDOR FTTH,2021,3,79
1015,REPETIDOR FTTH,2021,4,131
1015,REPETIDOR FTTH,2021,5,153
1015,REPETIDOR FTTH,2021,6,154
1015,REPETIDOR FTTH,2021,7,163
1015,REPETIDOR FTTH,2021,8,40
1015,REPETIDOR FTTH,2021,9,29
1015,REPETIDOR FTTH,2021,10,128
1015,REPETIDOR FTTH,2021,11,247
1015,REPETIDOR FTTH,2021,12,230
1015,REPETIDOR FTTH,2022,1,200
1015,REPETIDOR FTTH,2022,2,119
1015,REPETIDOR FTTH,2022,3,203
1015,REPETIDOR FTTH,2022,4,51
1015,REPETIDOR FTTH,2022,5,77
1015,REPETIDOR FTTH,2022,6,167
1015,REPETIDOR FTTH,2022,7,180
1015,REPETIDOR FTTH,2022,8,201
1015,REPETIDOR FTTH,2022,9,112
1015,REPETIDOR FTTH,2022,10,235
1015,REPETIDOR FTTH,2022,11,184
1015,REPETIDOR FTTH,2022,12,264
1015,REPETIDOR FTTH,2023,1,177
1015,REPETIDOR FTTH,2023,2,249
1015,REPETIDOR FTTH,2023,3,217
1015,REPETIDOR FTTH,2023,4,45
1015,REPETIDOR FTTH,2023,5,68
1015,REPETIDOR FTTH,2023,6,193
1015,REPETIDOR FTTH,2023,7,57
1015,REPETIDOR FTTH,2023,8,105
1015,REPETIDOR FTTH,2023,9,128
1015,REPETIDOR FTTH,2023,10,166
1015,REPETIDOR FTTH,2023,11,44
1015,REPETIDOR FTTH,2023,12,123
1015,REPETIDOR FTTH,2024,1,146
1015,REPETIDOR FTTH,2024,2,113
1015,REPETIDOR FTTH,2024,3,237
1015,REPETIDOR FTTH,2024,4,160
1015,REPETIDOR FTTH,2024,5,284
1015,REPETIDOR FTTH,2024,6,223
1015,REPETIDOR FTTH,2024,7,202
1015,REPETIDOR FTTH,2024,8,141
1015,REPETIDOR FTTH,2024,9,209
1015,REPETIDOR FTTH,2024,10,220
1015,REPETIDOR FTTH,2024,11,254
1015,REPETIDOR FTTH,2024,12,256
1015,REPETIDOR FTTH,2025,1,153
1015,REPETIDOR FTTH,2025,2,157
1015,REPETIDOR FTTH,2025,3,147
1015,REPETIDOR FTTH,2025,4,193
1015,REPETIDOR FTTH,2025,5,191
1015,REPETIDOR FTTH,2025,6,182
1015,REPETIDOR FTTH,2025,7,225
1015,REPETIDOR FTTH,2025,8,81
1015,REPETIDOR FTTH,2025,9,122
1015,REPETIDOR FTTH,2025,10,33
1016,CABLE UTP CAT5E FTP 4PR/24AWG 04070009,2018,1,242
1016,CABLE UTP CAT5E FTP 4PR/24AWG 04070009,2018,2,192
1016,CABLE UTP CAT5E FTP 4PR/24AWG 04070009,2018,3,227
1016,CABLE UTP CAT5E FTP 4PR/24AWG 04070009,2018,4,53
1016,CABLE UTP CAT5E FTP 4PR/24AWG 04070009,2018,5,80
1016,CABLE UTP CAT5E FTP 4PR/24AWG 04070009,2018,6,126
1016,CABLE UTP CAT5E FTP 4PR/24AWG 04070009,2018,7,129
1016,CABLE UTP CAT5E FTP 4PR/24AWG 04070009,2018,8,246
1016,CABLE UTP CAT5E FTP 4PR/24AWG 04070009,2018,9,94
1016,CABLE UTP CAT5E FTP 4PR/24AWG 04070009,2018,10,141
1016,CABLE UTP CAT5E FTP 4PR/24AWG 04070009,2018,11,148
1016,CABLE UTP CAT5E FTP 4PR/24AWG 04070009,2018,12,102
1016,CABLE UTP CAT5E FTP 4PR/24AWG 04070009,2019,1,128
1016,CABLE UTP CAT5E FTP 4PR/24AWG 04070009,2019,2,242
1016,CABLE UTP CAT5E FTP 4PR/24AWG 04070009,2019,3,40
1016,CABLE UTP CAT5E FTP 4PR/24AWG 04070009,2019,4,91
1016,CABLE UTP CAT5E FTP 4PR/24AWG 04070009,2019,5,127
1016,CABLE UTP CAT5E FTP 4PR/24AWG 04070009,2019,6,130
1016,CABLE UTP CAT5E FTP 4PR/24AWG 04070009,2019,7,136
1016,CABLE UTP CAT5E FTP 4PR/24AWG 04070009,2019,8,208
1016,CABLE UTP CAT5E FTP 4PR/24AWG 04070009,2019,9,165
1016,CABLE UTP CAT5E FTP 4PR/24AWG 04070009,2019,10,162
1016,CABLE UTP CAT5E FTP 4PR/24AWG 04070009,2019,11,124
1016,CABLE UTP CAT5E FTP 4PR/24AWG 04070009,2019,12,261
1016,CABLE UTP CAT5E FTP 4PR/24AWG 04070009,2020,1,174
1016,CABLE UTP CAT5E FTP 4PR/24AWG 04070009,2020,2,209
1016,CABLE UTP CAT5E FTP 4PR/24AWG 04070009,2020,3,209
1016,CABLE UTP CAT5E FTP 4PR/24AWG 04070009,2020,4,129
1016,CABLE UTP CAT5E FTP 4PR/24AWG 04070009,2020,5,175
1016,CABLE UTP CAT5E FTP 4PR/24AWG 04070009,2020,6,161
1016,CABLE UTP CAT5E FTP 4PR/24AWG 04070009,2020,7,159
1016,CABLE UTP CAT5E FTP 4PR/24AWG 04070009,2020,8,97
1016,CABLE UTP CAT5E FTP 4PR/24AWG 04070009,2020,9,151
1016,CABLE UTP CAT5E FTP 4PR/24AWG 04070009,2020,10,152
1016,CABLE UTP CAT5E FTP 4PR/24AWG 04070009,2020,11,134
1016,CABLE UTP CAT5E FTP 4PR/24AWG 04070009,2020,12,208
1016,CABLE UTP CAT5E FTP 4PR/24AWG 04070009,2021,1,114
1016,CABLE UTP CAT5E FTP 4PR/24AWG 04070009,2021,2,192
1016,CABLE UTP CAT5E FTP 4PR/24AWG 04070009,2021,3,189
1016,CABLE UTP CAT5E FTP 4PR/24AWG 04070009,2021,4,24
1016,CABLE UTP CAT5E FTP 4PR/24AWG 04070009,2021,5,236
1016,CABLE UTP CAT5E FTP 4PR/24AWG 04070009,2021,6,55
1016,CABLE UTP CAT5E FTP 4PR/24AWG 04070009,2021,7,70
1016,CABLE UTP CAT5E FTP 4PR/24AWG 04070009,2021,8,228
1016,CABLE UTP CAT5E FTP 4PR/24AWG 04070009,2021,9,222
1016,CABLE UTP CAT5E FTP 4PR/24AWG 04070009,2021,10,166
1016,CABLE UTP CAT5E FTP 4PR/24AWG 04070009,2021,11,164
1016,CABLE UTP CAT5E FTP 4PR/24AWG 04070009,2021,12,140
1016,CABLE UTP CAT5E FTP 4PR/24AWG 04070009,2022,1,241
1016,CABLE UTP CAT5E FTP 4PR/24AWG 04070009,2022,2,160
1016,CABLE UTP CAT5E FTP 4PR/24AWG 04070009,2022,3,139
1016,CABLE UTP CAT5E FTP 4PR/24AWG 04070009,2022,4,161
1016,CABLE UTP CAT5E FTP 4PR/24AWG 04070009,2022,5,244
1016,CABLE UTP CAT5E FTP 4PR/24AWG 04070009,2022,6,204
1016,CABLE UTP CAT5E FTP 4PR/24AWG 04070009,2022,7,43
1016,CABLE UTP CAT5E FTP 4PR/24AWG 04070009,2022,8,156
1016,CABLE UTP CAT5E FTP 4PR/24AWG 04070009,2022,9,108
1016,CABLE UTP CAT5E FTP 4PR/24AWG 04070009,2022,10,235
1016,CABLE UTP CAT5E FTP 4PR/24AWG 04070009,2022,11,224
1016,CABLE UTP CAT5E FTP 4PR/24AWG 04070009,2022,12,242
1016,CABLE UTP CAT5E FTP 4PR/24AWG 04070009,2023,1,61
1016,CABLE UTP CAT5E FTP 4PR/24AWG 04070009,2023,2,196
1016,CABLE UTP CAT5E FTP 4PR/24AWG 04070009,2023,3,202
1016,CABLE UTP CAT5E FTP 4PR/24AWG 04070009,2023,4,146
1016,CABLE UTP CAT5E FTP 4PR/24AWG 04070009,2023,5,130
1016,CABLE UTP CAT5E FTP 4PR/24AWG 04070009,2023,6,254
1016,CABLE UTP CAT5E FTP 4PR/24AWG 04070009,2023,7,112
1016,CABLE UTP CAT5E FTP 4PR/24AWG 04070009,2023,8,61
1016,CABLE UTP CAT5E FTP 4PR/24AWG 04070009,2023,9,136
1016,CABLE UTP CAT5E FTP 4PR/24AWG 04070009,2023,10,231
1016,CABLE UTP CAT5E FTP 4PR/24AWG 04070009,2023,11,205
1016,CABLE UTP CAT5E FTP 4PR/24AWG 04070009,2023,12,192
1016,CABLE UTP CAT5E FTP 4PR/24AWG 04070009,2024,1,110
1016,CABLE UTP CAT5E FTP 4PR/24AWG 04070009,2024,2,91
1016,CABLE UTP CAT5E FTP 4PR/24AWG 04070009,2024,3,38
1016,CABLE UTP CAT5E FTP 4PR/24AWG 04070009,2024,4,140
1016,CABLE UTP CAT5E FTP 4PR/24AWG 04070009,2024,5,160
1016,CABLE UTP CAT5E FTP 4PR/24AWG 04070009,2024,6,238
1016,CABLE UTP CAT5E FTP 4PR/24AWG 04070009,2024,7,220
1016,CABLE UTP CAT5E FTP 4PR/24AWG 04070009,2024,8,280
1016,CABLE UTP CAT5E FTP 4PR/24AWG 04070009,2024,9,164
1016,CABLE UTP CAT5E FTP 4PR/24AWG 04070009,2024,10,267
1016,CABLE UTP CAT5E FTP 4PR/24AWG 04070009,2024,11,214
1016,CABLE UTP CAT5E FTP 4PR/24AWG 04070009,2024,12,161
1016,CABLE UTP CAT5E FTP 4PR/24AWG 04070009,2025,1,106
1016,CABLE UTP CAT5E FTP 4PR/24AWG 04070009,2025,2,105
1016,CABLE UTP CAT5E FTP 4PR/24AWG 04070009,2025,3,131
1016,CABLE UTP CAT5E FTP 4PR/24AWG 04070009,2025,4,131
1016,CABLE UTP CAT5E FTP 4PR/24AWG 04070009,2025,5,112
1016,CABLE UTP CAT5E FTP 4PR/24AWG 04070009,2025,6,33
1016,CABLE UTP CAT5E FTP 4PR/24AWG 04070009,2025,7,157
1016,CABLE UTP CAT5E FTP 4PR/24AWG 04070009,2025,8,105
1016,CABLE UTP CAT5E FTP 4PR/24AWG 04070009,2025,9,164
1016,CABLE UTP CAT5E FTP 4PR/24AWG 04070009,2025,10,24
1017,CINTILLO AMARRACABLE NYLON 4.8MMX200MM,2018,1,303
1017,CINTILLO AMARRACABLE NYLON 4.8MMX200MM,2018,2,184
1017,CINTILLO AMARRACABLE NYLON 4.8MMX200MM,2018,3,176
1017,CINTILLO AMARRACABLE NYLON 4.8MMX200MM,2018,4,266
1017,CINTILLO AMARRACABLE NYLON 4.8MMX200MM,2018,5,134
1017,CINTILLO AMARRACABLE NYLON 4.8MMX200MM,2018,6,222
1017,CINTILLO AMARRACABLE NYLON 4.8MMX200MM,2018,7,74
1017,CINTILLO AMARRACABLE NYLON 4.8MMX200MM,2018,8,109
1017,CINTILLO AMARRACABLE NYLON 4.8MMX200MM,2018,9,86
1017,CINTILLO AMARRACABLE NYLON 4.8MMX200MM,2018,10,131
1017,CINTILLO AMARRACABLE NYLON 4.8MMX200MM,2018,11,234
1017,CINTILLO AMARRACABLE NYLON 4.8MMX200MM,2018,12,84
1017,CINTILLO AMARRACABLE NYLON 4.8MMX200MM,2019,1,120
1017,CINTILLO AMARRACABLE NYLON 4.8MMX200MM,2019,2,78
1017,CINTILLO AMARRACABLE NYLON 4.8MMX200MM,2019,3,198
1017,CINTILLO AMARRACABLE NYLON 4.8MMX200MM,2019,4,261
1017,CINTILLO AMARRACABLE NYLON 4.8MMX200MM,2019,5,109
1017,CINTILLO AMARRACABLE NYLON 4.8MMX200MM,2019,6,105
1017,CINTILLO AMARRACABLE NYLON 4.8MMX200MM,2019,7,127
1017,CINTILLO AMARRACABLE NYLON 4.8MMX200MM,2019,8,77
1017,CINTILLO AMARRACABLE NYLON 4.8MMX200MM,2019,9,242
1017,CINTILLO AMARRACABLE NYLON 4.8MMX200MM,2019,10,239
1017,CINTILLO AMARRACABLE NYLON 4.8MMX200MM,2019,11,161
1017,CINTILLO AMARRACABLE NYLON 4.8MMX200MM,2019,12,92
1017,CINTILLO AMARRACABLE NYLON 4.8MMX200MM,2020,1,128
1017,CINTILLO AMARRACABLE NYLON 4.8MMX200MM,2020,2,106
1017,CINTILLO AMARRACABLE NYLON 4.8MMX200MM,2020,4,230
1017,CINTILLO AMARRACABLE NYLON 4.8MMX200MM,2020,5,127
1017,CINTILLO AMARRACABLE NYLON 4.8MMX200MM,2020,6,226
1017,CINTILLO AMARRACABLE NYLON 4.8MMX200MM,2020,7,224
1017,CINTILLO AMARRACABLE NYLON 4.8MMX200MM,2020,8,130
1017,CINTILLO AMARRACABLE NYLON 4.8MMX200MM,2020,9,168
1017,CINTILLO AMARRACABLE NYLON 4.8MMX200MM,2020,10,129
1017,CINTILLO AMARRACABLE NYLON 4.8MMX200MM,2020,11,270
1017,CINTILLO AMARRACABLE NYLON 4.8MMX200MM,2020,12,242
1017,CINTILLO AMARRACABLE NYLON 4.8MMX200MM,2021,1,53
1017,CINTILLO AMARRACABLE NYLON 4.8MMX200MM,2021,2,161
1017,CINTILLO AMARRACABLE NYLON 4.8MMX200MM,2021,3,161
1017,CINTILLO AMARRACABLE NYLON 4.8MMX200MM,2021,4,256
1017,CINTILLO AMARRACABLE NYLON 4.8MMX200MM,2021,5,106
1017,CINTILLO AMARRACABLE NYLON 4.8MMX200MM,2021,6,162
1017,CINTILLO AMARRACABLE NYLON 4.8MMX200MM,2021,7,53
1017,CINTILLO AMARRACABLE NYLON 4.8MMX200MM,2021,8,150
1017,CINTILLO AMARRACABLE NYLON 4.8MMX200MM,2021,9,194
1017,CINTILLO AMARRACABLE NYLON 4.8MMX200MM,2021,10,191
1017,CINTILLO AMARRACABLE NYLON 4.8MMX200MM,2021,11,35
1017,CINTILLO AMARRACABLE NYLON 4.8MMX200MM,2021,12,144
1017,CINTILLO AMARRACABLE NYLON 4.8MMX200MM,2022,1,146
1017,CINTILLO AMARRACABLE NYLON 4.8MMX200MM,2022,2,258
1017,CINTILLO AMARRACABLE NYLON 4.8MMX200MM,2022,3,196
1017,CINTILLO AMARRACABLE NYLON 4.8MMX200MM,2022,4,285
1017,CINTILLO AMARRACABLE NYLON 4.8MMX200MM,2022,5,285
1017,CINTILLO AMARRACABLE NYLON 4.8MMX200MM,2022,6,314
1017,CINTILLO AMARRACABLE NYLON 4.8MMX200MM,2022,7,202
1017,CINTILLO AMARRACABLE NYLON 4.8MMX200MM,2022,8,244
1017,CINTILLO AMARRACABLE NYLON 4.8MMX200MM,2022,9,275
1017,CINTILLO AMARRACABLE NYLON 4.8MMX200MM,2022,10,209
1017,CINTILLO AMARRACABLE NYLON 4.8MMX200MM,2022,11,235
1017,CINTILLO AMARRACABLE NYLON 4.8MMX200MM,2022,12,224
1017,CINTILLO AMARRACABLE NYLON 4.8MMX200MM,2023,1,136
1017,CINTILLO AMARRACABLE NYLON 4.8MMX200MM,2023,2,79
1017,CINTILLO AMARRACABLE NYLON 4.8MMX200MM,2023,3,154
1017,CINTILLO AMARRACABLE NYLON 4.8MMX200MM,2023,4,167
1017,CINTILLO AMARRACABLE NYLON 4.8MMX200MM,2023,5,119
1017,CINTILLO AMARRACABLE NYLON 4.8MMX200MM,2023,6,176
1017,CINTILLO AMARRACABLE NYLON 4.8MMX200MM,2023,7,98
1017,CINTILLO AMARRACABLE NYLON 4.8MMX200MM,2023,8,146
1017,CINTILLO AMARRACABLE NYLON 4.8MMX200MM,2023,9,135
1017,CINTILLO AMARRACABLE NYLON 4.8MMX200MM,2023,10,211
1017,CINTILLO AMARRACABLE NYLON 4.8MMX200MM,2023,11,76
1017,CINTILLO AMARRACABLE NYLON 4.8MMX200MM,2023,12,198
1017,CINTILLO AMARRACABLE NYLON 4.8MMX200MM,2024,1,141
1017,CINTILLO AMARRACABLE NYLON 4.8MMX200MM,2024,2,145
1017,CINTILLO AMARRACABLE NYLON 4.8MMX200MM,2024,3,137
1017,CINTILLO AMARRACABLE NYLON 4.8MMX200MM,2024,4,263
1017,CINTILLO AMARRACABLE NYLON 4.8MMX200MM,2024,5,193
1017,CINTILLO AMARRACABLE NYLON 4.8MMX200MM,2024,6,147
1017,CINTILLO AMARRACABLE NYLON 4.8MMX200MM,2024,7,168
1017,CINTILLO AMARRACABLE NYLON 4.8MMX200MM,2024,8,116
1017,CINTILLO AMARRACABLE NYLON 4.8MMX200MM,2024,9,199
1017,CINTILLO AMARRACABLE NYLON 4.8MMX200MM,2024,10,199
1017,CINTILLO AMARRACABLE NYLON 4.8MMX200MM,2024,11,264
1017,CINTILLO AMARRACABLE NYLON 4.8MMX200MM,2024,12,62
1017,CINTILLO AMARRACABLE NYLON 4.8MMX200MM,2025,1,175
1017,CINTILLO AMARRACABLE NYLON 4.8MMX200MM,2025,2,141
1017,CINTILLO AMARRACABLE NYLON 4.8MMX200MM,2025,3,172
1017,CINTILLO AMARRACABLE NYLON 4.8MMX200MM,2025,4,140
1017,CINTILLO AMARRACABLE NYLON 4.8MMX200MM,2025,5,135
1017,CINTILLO AMARRACABLE NYLON 4.8MMX200MM,2025,6,191
1017,CINTILLO AMARRACABLE NYLON 4.8MMX200MM,2025,7,153
1017,CINTILLO AMARRACABLE NYLON 4.8MMX200MM,2025,8,97
1017,CINTILLO AMARRACABLE NYLON 4.8MMX200MM,2025,9,242
1017,CINTILLO AMARRACABLE NYLON 4.8MMX200MM,2025,10,197
1018,REPETIDOR HFC,2018,1,231
1018,REPETIDOR HFC,2018,2,238
1018,REPETIDOR HFC,2018,3,239
1018,REPETIDOR HFC,2018,4,215
1018,REPETIDOR HFC,2018,5,179
1018,REPETIDOR HFC,2018,6,185
1018,REPETIDOR HFC,2018,7,173
1018,REPETIDOR HFC,2018,8,289
1018,REPETIDOR HFC,2018,9,196
1018,REPETIDOR HFC,2018,10,317
1018,REPETIDOR HFC,2018,11,122
1018,REPETIDOR HFC,2018,12,102
1018,REPETIDOR HFC,2019,1,141
1018,REPETIDOR HFC,2019,2,228
1018,REPETIDOR HFC,2019,3,115
1018,REPETIDOR HFC,2019,4,129
1018,REPETIDOR HFC,2019,5,143
1018,REPETIDOR HFC,2019,6,50
1018,REPETIDOR HFC,2019,7,164
1018,REPETIDOR HFC,2019,8,82
1018,REPETIDOR HFC,2019,9,145
1018,REPETIDOR HFC,2019,10,260
1018,REPETIDOR HFC,2019,11,156
1018,REPETIDOR HFC,2019,12,93
1018,REPETIDOR HFC,2020,1,63
1018,REPETIDOR HFC,2020,2,191
1018,REPETIDOR HFC,2020,3,180
1018,REPETIDOR HFC,2020,4,70
1018,REPETIDOR HFC,2020,5,152
1018,REPETIDOR HFC,2020,6,161
1018,REPETIDOR HFC,2020,7,122
1018,REPETIDOR HFC,2020,8,27
1018,REPETIDOR HFC,2020,9,163
1018,REPETIDOR HFC,2020,10,155
1018,REPETIDOR HFC,2020,11,164
1018,REPETIDOR HFC,2020,12,209
1018,REPETIDOR HFC,2021,1,116
1018,REPETIDOR HFC,2021,2,199
1018,REPETIDOR HFC,2021,3,180
1018,REPETIDOR HFC,2021,4,317
1018,REPETIDOR HFC,2021,5,164
1018,REPETIDOR HFC,2021,6,239
1018,REPETIDOR HFC,2021,7,117
1018,REPETIDOR HFC,2021,8,113
1018,REPETIDOR HFC,2021,9,182
1018,REPETIDOR HFC,2021,10,149
1018,REPETIDOR HFC,2021,11,276
1018,REPETIDOR HFC,2021,12,166
1018,REPETIDOR HFC,2022,1,197
1018,REPETIDOR HFC,2022,2,173
1018,REPETIDOR HFC,2022,3,90
1018,REPETIDOR HFC,2022,4,157
1018,REPETIDOR HFC,2022,5,88
1018,REPETIDOR HFC,2022,6,221
1018,REPETIDOR HFC,2022,7,145
1018,REPETIDOR HFC,2022,8,76
1018,REPETIDOR HFC,2022,9,54
1018,REPETIDOR HFC,2022,10,169
1018,REPETIDOR HFC,2022,11,68
1018,REPETIDOR HFC,2023,1,97
1018,REPETIDOR HFC,2023,2,86
1018,REPETIDOR HFC,2023,3,141
1018,REPETIDOR HFC,2023,4,196
1018,REPETIDOR HFC,2023,5,194
1018,REPETIDOR HFC,2023,6,152
1018,REPETIDOR HFC,2023,7,82
1018,REPETIDOR HFC,2023,8,41
1018,REPETIDOR HFC,2023,9,164
1018,REPETIDOR HFC,2023,10,262
1018,REPETIDOR HFC,2023,11,156
1018,REPETIDOR HFC,2023,12,121
1018,REPETIDOR HFC,2024,1,154
1018,REPETIDOR HFC,2024,2,206
1018,REPETIDOR HFC,2024,3,200
1018,REPETIDOR HFC,2024,4,113
1018,REPETIDOR HFC,2024,5,208
1018,REPETIDOR HFC,2024,6,176
1018,REPETIDOR HFC,2024,7,227
1018,REPETIDOR HFC,2024,9,53
1018,REPETIDOR HFC,2024,10,152
1018,REPETIDOR HFC,2024,11,110
1018,REPETIDOR HFC,2024,12,141
1018,REPETIDOR HFC,2025,1,10
1018,REPETIDOR HFC,2025,2,57
1018,REPETIDOR HFC,2025,3,143
1018,REPETIDOR HFC,2025,4,250
1018,REPETIDOR HFC,2025,5,101
1018,REPETIDOR HFC,2025,6,262
1018,REPETIDOR HFC,2025,7,198
1018,REPETIDOR HFC,2025,8,139
1018,REPETIDOR HFC,2025,9,93
1018,REPETIDOR HFC,2025,10,51
1019,CABLE COAXIAL RG6 S/MENSAJERO,2018,1,297
1019,CABLE COAXIAL RG6 S/MENSAJERO,2018,2,236
1019,CABLE COAXIAL RG6 S/MENSAJERO,2018,3,244
1019,CABLE COAXIAL RG6 S/MENSAJERO,2018,4,219
1019,CABLE COAXIAL RG6 S/MENSAJERO,2018,5,251
1019,CABLE COAXIAL RG6 S/MENSAJERO,2018,6,170
1019,CABLE COAXIAL RG6 S/MENSAJERO,2018,7,173
1019,CABLE COAXIAL RG6 S/MENSAJERO,2018,8,74
1019,CABLE COAXIAL RG6 S/MENSAJERO,2018,9,237
1019,CABLE COAXIAL RG6 S/MENSAJERO,2018,10,134
1019,CABLE COAXIAL RG6 S/MENSAJERO,2018,11,111
1019,CABLE COAXIAL RG6 S/MENSAJERO,2018,12,206
1019,CABLE COAXIAL RG6 S/MENSAJERO,2019,1,305
1019,CABLE COAXIAL RG6 S/MENSAJERO,2019,2,58
1019,CABLE COAXIAL RG6 S/MENSAJERO,2019,3,201
1019,CABLE COAXIAL RG6 S/MENSAJERO,2019,4,211
1019,CABLE COAXIAL RG6 S/MENSAJERO,2019,5,164
1019,CABLE COAXIAL RG6 S/MENSAJERO,2019,6,201
1019,CABLE COAXIAL RG6 S/MENSAJERO,2019,7,170
1019,CABLE COAXIAL RG6 S/MENSAJERO,2019,8,284
1019,CABLE COAXIAL RG6 S/MENSAJERO,2019,9,193
1019,CABLE COAXIAL RG6 S/MENSAJERO,2019,10,182
1019,CABLE COAXIAL RG6 S/MENSAJERO,2019,11,178
1019,CABLE COAXIAL RG6 S/MENSAJERO,2019,12,239
1019,CABLE COAXIAL RG6 S/MENSAJERO,2020,1,277
1019,CABLE COAXIAL RG6 S/MENSAJERO,2020,2,83
1019,CABLE COAXIAL RG6 S/MENSAJERO,2020,3,187
1019,CABLE COAXIAL RG6 S/MENSAJERO,2020,4,129
1019,CABLE COAXIAL RG6 S/MENSAJERO,2020,5,312
1019,CABLE COAXIAL RG6 S/MENSAJERO,2020,6,213
1019,CABLE COAXIAL RG6 S/MENSAJERO,2020,7,193
1019,CABLE COAXIAL RG6 S/MENSAJERO,2020,8,194
1019,CABLE COAXIAL RG6 S/MENSAJERO,2020,9,64
1019,CABLE COAXIAL RG6 S/MENSAJERO,2020,10,50
1019,CABLE COAXIAL RG6 S/MENSAJERO,2020,11,148
1019,CABLE COAXIAL RG6 S/MENSAJERO,2020,12,74
1019,CABLE COAXIAL RG6 S/MENSAJERO,2021,1,155
1019,CABLE COAXIAL RG6 S/MENSAJERO,2021,2,101
1019,CABLE COAXIAL RG6 S/MENSAJERO,2021,3,154
1019,CABLE COAXIAL RG6 S/MENSAJERO,2021,4,107
1019,CABLE COAXIAL RG6 S/MENSAJERO,2021,5,226
1019,CABLE COAXIAL RG6 S/MENSAJERO,2021,6,105
1019,CABLE COAXIAL RG6 S/MENSAJERO,2021,7,189
1019,CABLE COAXIAL RG6 S/MENSAJERO,2021,8,145
1019,CABLE COAXIAL RG6 S/MENSAJERO,2021,9,191
1019,CABLE COAXIAL RG6 S/MENSAJERO,2021,10,318
1019,CABLE COAXIAL RG6 S/MENSAJERO,2021,11,241
1019,CABLE COAXIAL RG6 S/MENSAJERO,2021,12,54
1019,CABLE COAXIAL RG6 S/MENSAJERO,2022,1,90
1019,CABLE COAXIAL RG6 S/MENSAJERO,2022,2,117
1019,CABLE COAXIAL RG6 S/MENSAJERO,2022,3,238
1019,CABLE COAXIAL RG6 S/MENSAJERO,2022,4,88
1019,CABLE COAXIAL RG6 S/MENSAJERO,2022,5,185
1019,CABLE COAXIAL RG6 S/MENSAJERO,2022,6,130
1019,CABLE COAXIAL RG6 S/MENSAJERO,2022,7,144
1019,CABLE COAXIAL RG6 S/MENSAJERO,2022,8,251
1019,CABLE COAXIAL RG6 S/MENSAJERO,2022,9,67
1019,CABLE COAXIAL RG6 S/MENSAJERO,2022,10,234
1019,CABLE COAXIAL RG6 S/MENSAJERO,2022,11,130
1019,CABLE COAXIAL RG6 S/MENSAJERO,2022,12,53
1019,CABLE COAXIAL RG6 S/MENSAJERO,2023,1,136
1019,CABLE COAXIAL RG6 S/MENSAJERO,2023,2,176
1019,CABLE COAXIAL RG6 S/MENSAJERO,2023,3,179
1019,CABLE COAXIAL RG6 S/MENSAJERO,2023,4,123
1019,CABLE COAXIAL RG6 S/MENSAJERO,2023,5,79
1019,CABLE COAXIAL RG6 S/MENSAJERO,2023,6,199
1019,CABLE COAXIAL RG6 S/MENSAJERO,2023,7,172
1019,CABLE COAXIAL RG6 S/MENSAJERO,2023,8,228
1019,CABLE COAXIAL RG6 S/MENSAJERO,2023,9,114
1019,CABLE COAXIAL RG6 S/MENSAJERO,2023,10,87
1019,CABLE COAXIAL RG6 S/MENSAJERO,2023,11,50
1019,CABLE COAXIAL RG6 S/MENSAJERO,2023,12,101
1019,CABLE COAXIAL RG6 S/MENSAJERO,2024,1,30
1019,CABLE COAXIAL RG6 S/MENSAJERO,2024,2,145
1019,CABLE COAXIAL RG6 S/MENSAJERO,2024,3,214
1019,CABLE COAXIAL RG6 S/MENSAJERO,2024,4,67
1019,CABLE COAXIAL RG6 S/MENSAJERO,2024,5,184
1019,CABLE COAXIAL RG6 S/MENSAJERO,2024,6,181
1019,CABLE COAXIAL RG6 S/MENSAJERO,2024,7,161
1019,CABLE COAXIAL RG6 S/MENSAJERO,2024,8,175
1019,CABLE COAXIAL RG6 S/MENSAJERO,2024,9,52
1019,CABLE COAXIAL RG6 S/MENSAJERO,2024,10,110
1019,CABLE COAXIAL RG6 S/MENSAJERO,2024,11,49
1019,CABLE COAXIAL RG6 S/MENSAJERO,2024,12,140
1019,CABLE COAXIAL RG6 S/MENSAJERO,2025,1,181
1019,CABLE COAXIAL RG6 S/MENSAJERO,2025,2,214
1019,CABLE COAXIAL RG6 S/MENSAJERO,2025,3,97
1019,CABLE COAXIAL RG6 S/MENSAJERO,2025,4,288
1019,CABLE COAXIAL RG6 S/MENSAJERO,2025,5,139
1019,CABLE COAXIAL RG6 S/MENSAJERO,2025,6,193
1019,CABLE COAXIAL RG6 S/MENSAJERO,2025,7,201
1019,CABLE COAXIAL RG6 S/MENSAJERO,2025,8,128
1019,CABLE COAXIAL RG6 S/MENSAJERO,2025,9,338
1019,CABLE COAXIAL RG6 S/MENSAJERO,2025,10,151
1020,CONECTOR DE COMPRESION SLCU-6 EX6XL,2018,1,163
1020,CONECTOR DE COMPRESION SLCU-6 EX6XL,2018,2,212
1020,CONECTOR DE COMPRESION SLCU-6 EX6XL,2018,3,154
1020,CONECTOR DE COMPRESION SLCU-6 EX6XL,2018,4,211
1020,CONECTOR DE COMPRESION SLCU-6 EX6XL,2018,5,232
1020,CONECTOR DE COMPRESION SLCU-6 EX6XL,2018,6,69
1020,CONECTOR DE COMPRESION SLCU-6 EX6XL,2018,7,169
1020,CONECTOR DE COMPRESION SLCU-6 EX6XL,2018,8,161
1020,CONECTOR DE COMPRESION SLCU-6 EX6XL,2018,9,117
1020,CONECTOR DE COMPRESION SLCU-6 EX6XL,2018,10,164
1020,CONECTOR DE COMPRESION SLCU-6 EX6XL,2018,11,246
1020,CONECTOR DE COMPRESION SLCU-6 EX6XL,2018,12,160
1020,CONECTOR DE COMPRESION SLCU-6 EX6XL,2019,1,295
1020,CONECTOR DE COMPRESION SLCU-6 EX6XL,2019,2,222
1020,CONECTOR DE COMPRESION SLCU-6 EX6XL,2019,3,84
1020,CONECTOR DE COMPRESION SLCU-6 EX6XL,2019,4,161
1020,CONECTOR DE COMPRESION SLCU-6 EX6XL,2019,5,160
1020,CONECTOR DE COMPRESION SLCU-6 EX6XL,2019,6,179
1020,CONECTOR DE COMPRESION SLCU-6 EX6XL,2019,7,161
1020,CONECTOR DE COMPRESION SLCU-6 EX6XL,2019,8,232
1020,CONECTOR DE COMPRESION SLCU-6 EX6XL,2019,9,199
1020,CONECTOR DE COMPRESION SLCU-6 EX6XL,2019,10,61
1020,CONECTOR DE COMPRESION SLCU-6 EX6XL,2019,11,144
1020,CONECTOR DE COMPRESION SLCU-6 EX6XL,2019,12,259
1020,CONECTOR DE COMPRESION SLCU-6 EX6XL,2020,1,166
1020,CONECTOR DE COMPRESION SLCU-6 EX6XL,2020,2,167
1020,CONECTOR DE COMPRESION SLCU-6 EX6XL,2020,3,226
1020,CONECTOR DE COMPRESION SLCU-6 EX6XL,2020,4,106
1020,CONECTOR DE COMPRESION SLCU-6 EX6XL,2020,5,139
1020,CONECTOR DE COMPRESION SLCU-6 EX6XL,2020,6,132
1020,CONECTOR DE COMPRESION SLCU-6 EX6XL,2020,7,105
1020,CONECTOR DE COMPRESION SLCU-6 EX6XL,2020,8,140
1020,CONECTOR DE COMPRESION SLCU-6 EX6XL,2020,9,89
1020,CONECTOR DE COMPRESION SLCU-6 EX6XL,2020,10,69
1020,CONECTOR DE COMPRESION SLCU-6 EX6XL,2020,11,158
1020,CONECTOR DE COMPRESION SLCU-6 EX6XL,2020,12,174
1020,CONECTOR DE COMPRESION SLCU-6 EX6XL,2021,1,211
1020,CONECTOR DE COMPRESION SLCU-6 EX6XL,2021,2,240
1020,CONECTOR DE COMPRESION SLCU-6 EX6XL,2021,3,112
1020,CONECTOR DE COMPRESION SLCU-6 EX6XL,2021,4,97
1020,CONECTOR DE COMPRESION SLCU-6 EX6XL,2021,5,81
1020,CONECTOR DE COMPRESION SLCU-6 EX6XL,2021,6,205
1020,CONECTOR DE COMPRESION SLCU-6 EX6XL,2021,7,208
1020,CONECTOR DE COMPRESION SLCU-6 EX6XL,2021,8,98
1020,CONECTOR DE COMPRESION SLCU-6 EX6XL,2021,9,104
1020,CONECTOR DE COMPRESION SLCU-6 EX6XL,2021,10,173
1020,CONECTOR DE COMPRESION SLCU-6 EX6XL,2021,11,230
1020,CONECTOR DE COMPRESION SLCU-6 EX6XL,2021,12,197
1020,CONECTOR DE COMPRESION SLCU-6 EX6XL,2022,1,97
1020,CONECTOR DE COMPRESION SLCU-6 EX6XL,2022,2,202
1020,CONECTOR DE COMPRESION SLCU-6 EX6XL,2022,3,21
1020,CONECTOR DE COMPRESION SLCU-6 EX6XL,2022,4,163
1020,CONECTOR DE COMPRESION SLCU-6 EX6XL,2022,5,211
1020,CONECTOR DE COMPRESION SLCU-6 EX6XL,2022,6,236
1020,CONECTOR DE COMPRESION SLCU-6 EX6XL,2022,7,134
1020,CONECTOR DE COMPRESION SLCU-6 EX6XL,2022,8,43
1020,CONECTOR DE COMPRESION SLCU-6 EX6XL,2022,9,89
1020,CONECTOR DE COMPRESION SLCU-6 EX6XL,2022,10,154
1020,CONECTOR DE COMPRESION SLCU-6 EX6XL,2022,11,147
1020,CONECTOR DE COMPRESION SLCU-6 EX6XL,2022,12,44
1020,CONECTOR DE COMPRESION SLCU-6 EX6XL,2023,1,194
1020,CONECTOR DE COMPRESION SLCU-6 EX6XL,2023,2,152
1020,CONECTOR DE COMPRESION SLCU-6 EX6XL,2023,3,210
1020,CONECTOR DE COMPRESION SLCU-6 EX6XL,2023,4,231
1020,CONECTOR DE COMPRESION SLCU-6 EX6XL,2023,5,249
1020,CONECTOR DE COMPRESION SLCU-6 EX6XL,2023,6,99
1020,CONECTOR DE COMPRESION SLCU-6 EX6XL,2023,7,81
1020,CONECTOR DE COMPRESION SLCU-6 EX6XL,2023,8,277
1020,CONECTOR DE COMPRESION SLCU-6 EX6XL,2023,9,170
1020,CONECTOR DE COMPRESION SLCU-6 EX6XL,2023,10,181
1020,CONECTOR DE COMPRESION SLCU-6 EX6XL,2023,11,178
1020,CONECTOR DE COMPRESION SLCU-6 EX6XL,2023,12,214
1020,CONECTOR DE COMPRESION SLCU-6 EX6XL,2024,1,113
1020,CONECTOR DE COMPRESION SLCU-6 EX6XL,2024,2,165
1020,CONECTOR DE COMPRESION SLCU-6 EX6XL,2024,3,186
1020,CONECTOR DE COMPRESION SLCU-6 EX6XL,2024,4,143
1020,CONECTOR DE COMPRESION SLCU-6 EX6XL,2024,5,189
1020,CONECTOR DE COMPRESION SLCU-6 EX6XL,2024,6,142
1020,CONECTOR DE COMPRESION SLCU-6 EX6XL,2024,7,88
1020,CONECTOR DE COMPRESION SLCU-6 EX6XL,2024,8,54
1020,CONECTOR DE COMPRESION SLCU-6 EX6XL,2024,9,55
1020,CONECTOR DE COMPRESION SLCU-6 EX6XL,2024,10,110
1020,CONECTOR DE COMPRESION SLCU-6 EX6XL,2024,11,77
1020,CONECTOR DE COMPRESION SLCU-6 EX6XL,2024,12,81
1020,CONECTOR DE COMPRESION SLCU-6 EX6XL,2025,1,128
1020,CONECTOR DE COMPRESION SLCU-6 EX6XL,2025,2,230
1020,CONECTOR DE COMPRESION SLCU-6 EX6XL,2025,3,186
1020,CONECTOR DE COMPRESION SLCU-6 EX6XL,2025,4,133
1020,CONECTOR DE COMPRESION SLCU-6 EX6XL,2025,5,133
1020,CONECTOR DE COMPRESION SLCU-6 EX6XL,2025,6,132
1020,CONECTOR DE COMPRESION SLCU-6 EX6XL,2025,7,234
1020,CONECTOR DE COMPRESION SLCU-6 EX6XL,2025,8,199
1020,CONECTOR DE COMPRESION SLCU-6 EX6XL,2025,9,204
1020,CONECTOR DE COMPRESION SLCU-6 EX6XL,2025,10,80
1021,DIVISOR INTERIOR 3 VIAS,2018,1,404
1021,DIVISOR INTERIOR 3 VIAS,2018,2,165
1021,DIVISOR INTERIOR 3 VIAS,2018,3,57
1021,DIVISOR INTERIOR 3 VIAS,2018,4,117
1021,DIVISOR INTERIOR 3 VIAS,2018,5,181
1021,DIVISOR INTERIOR 3 VIAS,2018,6,165
1021,DIVISOR INTERIOR 3 VIAS,2018,7,201
1021,DIVISOR INTERIOR 3 VIAS,2018,8,244
1021,DIVISOR INTERIOR 3 VIAS,2018,9,164
1021,DIVISOR INTERIOR 3 VIAS,2018,10,190
1021,DIVISOR INTERIOR 3 VIAS,2018,11,111
1021,DIVISOR INTERIOR 3 VIAS,2018,12,85
1021,DIVISOR INTERIOR 3 VIAS,2019,1,108
1021,DIVISOR INTERIOR 3 VIAS,2019,2,159
1021,DIVISOR INTERIOR 3 VIAS,2019,3,174
1021,DIVISOR INTERIOR 3 VIAS,2019,4,127
1021,DIVISOR INTERIOR 3 VIAS,2019,5,58
1021,DIVISOR INTERIOR 3 VIAS,2019,6,121
1021,DIVISOR INTERIOR 3 VIAS,2019,7,36
1021,DIVISOR INTERIOR 3 VIAS,2019,8,160
1021,DIVISOR INTERIOR 3 VIAS,2019,9,212
1021,DIVISOR INTERIOR 3 VIAS,2019,10,224
1021,DIVISOR INTERIOR 3 VIAS,2019,11,298
1021,DIVISOR INTERIOR 3 VIAS,2019,12,74
1021,DIVISOR INTERIOR 3 VIAS,2020,1,66
1021,DIVISOR INTERIOR 3 VIAS,2020,2,204
1021,DIVISOR INTERIOR 3 VIAS,2020,3,284
1021,DIVISOR INTERIOR 3 VIAS,2020,4,138
1021,DIVISOR INTERIOR 3 VIAS,2020,5,247
1021,DIVISOR INTERIOR 3 VIAS,2020,6,124
1021,DIVISOR INTERIOR 3 VIAS,2020,7,185
1021,DIVISOR INTERIOR 3 VIAS,2020,8,234
1021,DIVISOR INTERIOR 3 VIAS,2020,9,184
1021,DIVISOR INTERIOR 3 VIAS,2020,10,249
1021,DIVISOR INTERIOR 3 VIAS,2020,11,304
1021,DIVISOR INTERIOR 3 VIAS,2020,12,53
1021,DIVISOR INTERIOR 3 VIAS,2021,1,211
1021,DIVISOR INTERIOR 3 VIAS,2021,2,95
1021,DIVISOR INTERIOR 3 VIAS,2021,3,177
1021,DIVISOR INTERIOR 3 VIAS,2021,4,204
1021,DIVISOR INTERIOR 3 VIAS,2021,5,129
1021,DIVISOR INTERIOR 3 VIAS,2021,6,118
1021,DIVISOR INTERIOR 3 VIAS,2021,7,143
1021,DIVISOR INTERIOR 3 VIAS,2021,8,119
1021,DIVISOR INTERIOR 3 VIAS,2021,9,163
1021,DIVISOR INTERIOR 3 VIAS,2021,10,81
1021,DIVISOR INTERIOR 3 VIAS,2021,11,101
1021,DIVISOR INTERIOR 3 VIAS,2021,12,67
1021,DIVISOR INTERIOR 3 VIAS,2022,1,217
1021,DIVISOR INTERIOR 3 VIAS,2022,2,93
1021,DIVISOR INTERIOR 3 VIAS,2022,3,232
1021,DIVISOR INTERIOR 3 VIAS,2022,4,68
1021,DIVISOR INTERIOR 3 VIAS,2022,5,223
1021,DIVISOR INTERIOR 3 VIAS,2022,6,61
1021,DIVISOR INTERIOR 3 VIAS,2022,7,210
1021,DIVISOR INTERIOR 3 VIAS,2022,8,141
1021,DIVISOR INTERIOR 3 VIAS,2022,9,84
1021,DIVISOR INTERIOR 3 VIAS,2022,10,187
1021,DIVISOR INTERIOR 3 VIAS,2022,11,106
1021,DIVISOR INTERIOR 3 VIAS,2022,12,179
1021,DIVISOR INTERIOR 3 VIAS,2023,1,116
1021,DIVISOR INTERIOR 3 VIAS,2023,2,91
1021,DIVISOR INTERIOR 3 VIAS,2023,3,181
1021,DIVISOR INTERIOR 3 VIAS,2023,4,189
1021,DIVISOR INTERIOR 3 VIAS,2023,5,187
1021,DIVISOR INTERIOR 3 VIAS,2023,6,115
1021,DIVISOR INTERIOR 3 VIAS,2023,7,126
1021,DIVISOR INTERIOR 3 VIAS,2023,8,142
1021,DIVISOR INTERIOR 3 VIAS,2023,9,95
1021,DIVISOR INTERIOR 3 VIAS,2023,10,19
1021,DIVISOR INTERIOR 3 VIAS,2023,11,194
1021,DIVISOR INTERIOR 3 VIAS,2023,12,206
1021,DIVISOR INTERIOR 3 VIAS,2024,1,195
1021,DIVISOR INTERIOR 3 VIAS,2024,2,211
1021,DIVISOR INTERIOR 3 VIAS,2024,3,97
1021,DIVISOR INTERIOR 3 VIAS,2024,4,175
1021,DIVISOR INTERIOR 3 VIAS,2024,5,107
1021,DIVISOR INTERIOR 3 VIAS,2024,6,133
1021,DIVISOR INTERIOR 3 VIAS,2024,7,286
1021,DIVISOR INTERIOR 3 VIAS,2024,8,204
1021,DIVISOR INTERIOR 3 VIAS,2024,9,171
1021,DIVISOR INTERIOR 3 VIAS,2024,10,44
1021,DIVISOR INTERIOR 3 VIAS,2024,11,170
1021,DIVISOR INTERIOR 3 VIAS,2024,12,101
1021,DIVISOR INTERIOR 3 VIAS,2025,1,173
1021,DIVISOR INTERIOR 3 VIAS,2025,2,98
1021,DIVISOR INTERIOR 3 VIAS,2025,3,155
1021,DIVISOR INTERIOR 3 VIAS,2025,4,133
1021,DIVISOR INTERIOR 3 VIAS,2025,5,116
1021,DIVISOR INTERIOR 3 VIAS,2025,6,60
1021,DIVISOR INTERIOR 3 VIAS,2025,7,172
1021,DIVISOR INTERIOR 3 VIAS,2025,8,96
1021,DIVISOR INTERIOR 3 VIAS,2025,9,105
1021,DIVISOR INTERIOR 3 VIAS,2025,10,164
1022,PROTECTOR PUERTO BOCA TAP (WATER SEAL),2018,1,174
1022,PROTECTOR PUERTO BOCA TAP (WATER SEAL),2018,2,185
1022,PROTECTOR PUERTO BOCA TAP (WATER SEAL),2018,3,172
1022,PROTECTOR PUERTO BOCA TAP (WATER SEAL),2018,4,204
1022,PROTECTOR PUERTO BOCA TAP (WATER SEAL),2018,5,188
1022,PROTECTOR PUERTO BOCA TAP (WATER SEAL),2018,6,207
1022,PROTECTOR PUERTO BOCA TAP (WATER SEAL),2018,7,151
1022,PROTECTOR PUERTO BOCA TAP (WATER SEAL),2018,8,160
1022,PROTECTOR PUERTO BOCA TAP (WATER SEAL),2018,9,55
1022,PROTECTOR PUERTO BOCA TAP (WATER SEAL),2018,10,167
1022,PROTECTOR PUERTO BOCA TAP (WATER SEAL),2018,11,85
1022,PROTECTOR PUERTO BOCA TAP (WATER SEAL),2018,12,214
1022,PROTECTOR PUERTO BOCA TAP (WATER SEAL),2019,1,132
1022,PROTECTOR PUERTO BOCA TAP (WATER SEAL),2019,2,226
1022,PROTECTOR PUERTO BOCA TAP (WATER SEAL),2019,3,191
1022,PROTECTOR PUERTO BOCA TAP (WATER SEAL),2019,4,186
1022,PROTECTOR PUERTO BOCA TAP (WATER SEAL),2019,5,279
1022,PROTECTOR PUERTO BOCA TAP (WATER SEAL),2019,6,131
1022,PROTECTOR PUERTO BOCA TAP (WATER SEAL),2019,7,47
1022,PROTECTOR PUERTO BOCA TAP (WATER SEAL),2019,8,101
1022,PROTECTOR PUERTO BOCA TAP (WATER SEAL),2019,9,60
1022,PROTECTOR PUERTO BOCA TAP (WATER SEAL),2019,10,64
1022,PROTECTOR PUERTO BOCA TAP (WATER SEAL),2019,11,188
1022,PROTECTOR PUERTO BOCA TAP (WATER SEAL),2019,12,191
1022,PROTECTOR PUERTO BOCA TAP (WATER SEAL),2020,1,172
1022,PROTECTOR PUERTO BOCA TAP (WATER SEAL),2020,2,117
1022,PROTECTOR PUERTO BOCA TAP (WATER SEAL),2020,3,192
1022,PROTECTOR PUERTO BOCA TAP (WATER SEAL),2020,4,271
1022,PROTECTOR PUERTO BOCA TAP (WATER SEAL),2020,5,216
1022,PROTECTOR PUERTO BOCA TAP (WATER SEAL),2020,6,99
1022,PROTECTOR PUERTO BOCA TAP (WATER SEAL),2020,7,143
1022,PROTECTOR PUERTO BOCA TAP (WATER SEAL),2020,8,210
1022,PROTECTOR PUERTO BOCA TAP (WATER SEAL),2020,9,165
1022,PROTECTOR PUERTO BOCA TAP (WATER SEAL),2020,10,104
1022,PROTECTOR PUERTO BOCA TAP (WATER SEAL),2020,11,71
1022,PROTECTOR PUERTO BOCA TAP (WATER SEAL),2020,12,189
1022,PROTECTOR PUERTO BOCA TAP (WATER SEAL),2021,1,227
1022,PROTECTOR PUERTO BOCA TAP (WATER SEAL),2021,2,29
1022,PROTECTOR PUERTO BOCA TAP (WATER SEAL),2021,3,114
1022,PROTECTOR PUERTO BOCA TAP (WATER SEAL),2021,4,166
1022,PROTECTOR PUERTO BOCA TAP (WATER SEAL),2021,5,163
1022,PROTECTOR PUERTO BOCA TAP (WATER SEAL),2021,6,220
1022,PROTECTOR PUERTO BOCA TAP (WATER SEAL),2021,7,229
1022,PROTECTOR PUERTO BOCA TAP (WATER SEAL),2021,8,192
1022,PROTECTOR PUERTO BOCA TAP (WATER SEAL),2021,9,218
1022,PROTECTOR PUERTO BOCA TAP (WATER SEAL),2021,10,204
1022,PROTECTOR PUERTO BOCA TAP (WATER SEAL),2021,11,182
1022,PROTECTOR PUERTO BOCA TAP (WATER SEAL),2021,12,73
1022,PROTECTOR PUERTO BOCA TAP (WATER SEAL),2022,1,58
1022,PROTECTOR PUERTO BOCA TAP (WATER SEAL),2022,2,186
1022,PROTECTOR PUERTO BOCA TAP (WATER SEAL),2022,3,126
1022,PROTECTOR PUERTO BOCA TAP (WATER SEAL),2022,4,59
1022,PROTECTOR PUERTO BOCA TAP (WATER SEAL),2022,5,62
1022,PROTECTOR PUERTO BOCA TAP (WATER SEAL),2022,6,47
1022,PROTECTOR PUERTO BOCA TAP (WATER SEAL),2022,7,148
1022,PROTECTOR PUERTO BOCA TAP (WATER SEAL),2022,8,84
1022,PROTECTOR PUERTO BOCA TAP (WATER SEAL),2022,9,108
1022,PROTECTOR PUERTO BOCA TAP (WATER SEAL),2022,10,181
1022,PROTECTOR PUERTO BOCA TAP (WATER SEAL),2022,11,192
1022,PROTECTOR PUERTO BOCA TAP (WATER SEAL),2022,12,97
1022,PROTECTOR PUERTO BOCA TAP (WATER SEAL),2023,1,94
1022,PROTECTOR PUERTO BOCA TAP (WATER SEAL),2023,2,99
1022,PROTECTOR PUERTO BOCA TAP (WATER SEAL),2023,3,153
1022,PROTECTOR PUERTO BOCA TAP (WATER SEAL),2023,4,63
1022,PROTECTOR PUERTO BOCA TAP (WATER SEAL),2023,5,97
1022,PROTECTOR PUERTO BOCA TAP (WATER SEAL),2023,6,137
1022,PROTECTOR PUERTO BOCA TAP (WATER SEAL),2023,7,131
1022,PROTECTOR PUERTO BOCA TAP (WATER SEAL),2023,8,56
1022,PROTECTOR PUERTO BOCA TAP (WATER SEAL),2023,9,52
1022,PROTECTOR PUERTO BOCA TAP (WATER SEAL),2023,10,58
1022,PROTECTOR PUERTO BOCA TAP (WATER SEAL),2023,12,116
1022,PROTECTOR PUERTO BOCA TAP (WATER SEAL),2024,1,182
1022,PROTECTOR PUERTO BOCA TAP (WATER SEAL),2024,2,207
1022,PROTECTOR PUERTO BOCA TAP (WATER SEAL),2024,3,132
1022,PROTECTOR PUERTO BOCA TAP (WATER SEAL),2024,4,148
1022,PROTECTOR PUERTO BOCA TAP (WATER SEAL),2024,5,119
1022,PROTECTOR PUERTO BOCA TAP (WATER SEAL),2024,6,181
1022,PROTECTOR PUERTO BOCA TAP (WATER SEAL),2024,7,132
1022,PROTECTOR PUERTO BOCA TAP (WATER SEAL),2024,8,72
1022,PROTECTOR PUERTO BOCA TAP (WATER SEAL),2024,9,143
1022,PROTECTOR PUERTO BOCA TAP (WATER SEAL),2024,10,159
1022,PROTECTOR PUERTO BOCA TAP (WATER SEAL),2024,11,57
1022,PROTECTOR PUERTO BOCA TAP (WATER SEAL),2024,12,89
1022,PROTECTOR PUERTO BOCA TAP (WATER SEAL),2025,1,129
1022,PROTECTOR PUERTO BOCA TAP (WATER SEAL),2025,2,40
1022,PROTECTOR PUERTO BOCA TAP (WATER SEAL),2025,3,52
1022,PROTECTOR PUERTO BOCA TAP (WATER SEAL),2025,4,18
1022,PROTECTOR PUERTO BOCA TAP (WATER SEAL),2025,5,153
1022,PROTECTOR PUERTO BOCA TAP (WATER SEAL),2025,6,183
1022,PROTECTOR PUERTO BOCA TAP (WATER SEAL),2025,7,162
1022,PROTECTOR PUERTO BOCA TAP (WATER SEAL),2025,8,205
1022,PROTECTOR PUERTO BOCA TAP (WATER SEAL),2025,9,96
1022,PROTECTOR PUERTO BOCA TAP (WATER SEAL),2025,10,173
1023,FAST CONNECT DROP CABLE 100MTS,2018,1,249
1023,FAST CONNECT DROP CABLE 100MTS,2018,2,254
1023,FAST CONNECT DROP CABLE 100MTS,2018,3,221
1023,FAST CONNECT DROP CABLE 100MTS,2018,4,238
1023,FAST CONNECT DROP CABLE 100MTS,2018,5,119
1023,FAST CONNECT DROP CABLE 100MTS,2018,6,196
1023,FAST CONNECT DROP CABLE 100MTS,2018,7,105
1023,FAST CONNECT DROP CABLE 100MTS,2018,8,226
1023,FAST CONNECT DROP CABLE 100MTS,2018,9,141
1023,FAST CONNECT DROP CABLE 100MTS,2018,10,314
1023,FAST CONNECT DROP CABLE 100MTS,2018,11,279
1023,FAST CONNECT DROP CABLE 100MTS,2018,12,167
1023,FAST CONNECT DROP CABLE 100MTS,2019,1,79
1023,FAST CONNECT DROP CABLE 100MTS,2019,2,215
1023,FAST CONNECT DROP CABLE 100MTS,2019,3,113
1023,FAST CONNECT DROP CABLE 100MTS,2019,4,171
1023,FAST CONNECT DROP CABLE 100MTS,2019,5,147
1023,FAST CONNECT DROP CABLE 100MTS,2019,6,110
1023,FAST CONNECT DROP CABLE 100MTS,2019,7,117
1023,FAST CONNECT DROP CABLE 100MTS,2019,9,116
1023,FAST CONNECT DROP CABLE 100MTS,2019,10,222
1023,FAST CONNECT DROP CABLE 100MTS,2019,11,120
1023,FAST CONNECT DROP CABLE 100MTS,2019,12,207
1023,FAST CONNECT DROP CABLE 100MTS,2020,1,239
1023,FAST CONNECT DROP CABLE 100MTS,2020,2,167
1023,FAST CONNECT DROP CABLE 100MTS,2020,3,194
1023,FAST CONNECT DROP CABLE 100MTS,2020,4,267
1023,FAST CONNECT DROP CABLE 100MTS,2020,5,152
1023,FAST CONNECT DROP CABLE 100MTS,2020,6,171
1023,FAST CONNECT DROP CABLE 100MTS,2020,7,165
1023,FAST CONNECT DROP CABLE 100MTS,2020,8,174
1023,FAST CONNECT DROP CABLE 100MTS,2020,9,243
1023,FAST CONNECT DROP CABLE 100MTS,2020,10,214
1023,FAST CONNECT DROP CABLE 100MTS,2020,11,179
1023,FAST CONNECT DROP CABLE 100MTS,2020,12,193
1023,FAST CONNECT DROP CABLE 100MTS,2021,1,137
1023,FAST CONNECT DROP CABLE 100MTS,2021,2,162
1023,FAST CONNECT DROP CABLE 100MTS,2021,3,261
1023,FAST CONNECT DROP CABLE 100MTS,2021,4,191
1023,FAST CONNECT DROP CABLE 100MTS,2021,5,123
1023,FAST CONNECT DROP CABLE 100MTS,2021,6,225
1023,FAST CONNECT DROP CABLE 100MTS,2021,7,194
1023,FAST CONNECT DROP CABLE 100MTS,2021,8,193
1023,FAST CONNECT DROP CABLE 100MTS,2021,9,211
1023,FAST CONNECT DROP CABLE 100MTS,2021,10,133
1023,FAST CONNECT DROP CABLE 100MTS,2021,11,141
1023,FAST CONNECT DROP CABLE 100MTS,2021,12,244
1023,FAST CONNECT DROP CABLE 100MTS,2022,1,178
1023,FAST CONNECT DROP CABLE 100MTS,2022,2,127
1023,FAST CONNECT DROP CABLE 100MTS,2022,3,140
1023,FAST CONNECT DROP CABLE 100MTS,2022,4,199
1023,FAST CONNECT DROP CABLE 100MTS,2022,5,224
1023,FAST CONNECT DROP CABLE 100MTS,2022,6,137
1023,FAST CONNECT DROP CABLE 100MTS,2022,7,138
1023,FAST CONNECT DROP CABLE 100MTS,2022,8,120
1023,FAST CONNECT DROP CABLE 100MTS,2022,9,137
1023,FAST CONNECT DROP CABLE 100MTS,2022,10,281
1023,FAST CONNECT DROP CABLE 100MTS,2022,11,155
1023,FAST CONNECT DROP CABLE 100MTS,2023,1,110
1023,FAST CONNECT DROP CABLE 100MTS,2023,2,134
1023,FAST CONNECT DROP CABLE 100MTS,2023,4,163
1023,FAST CONNECT DROP CABLE 100MTS,2023,5,147
1023,FAST CONNECT DROP CABLE 100MTS,2023,6,97
1023,FAST CONNECT DROP CABLE 100MTS,2023,7,132
1023,FAST CONNECT DROP CABLE 100MTS,2023,8,82
1023,FAST CONNECT DROP CABLE 100MTS,2023,9,161
1023,FAST CONNECT DROP CABLE 100MTS,2023,10,54
1023,FAST CONNECT DROP CABLE 100MTS,2023,11,125
1023,FAST CONNECT DROP CABLE 100MTS,2023,12,89
1023,FAST CONNECT DROP CABLE 100MTS,2024,1,149
1023,FAST CONNECT DROP CABLE 100MTS,2024,2,213
1023,FAST CONNECT DROP CABLE 100MTS,2024,3,238
1023,FAST CONNECT DROP CABLE 100MTS,2024,4,147
1023,FAST CONNECT DROP CABLE 100MTS,2024,5,201
1023,FAST CONNECT DROP CABLE 100MTS,2024,6,179
1023,FAST CONNECT DROP CABLE 100MTS,2024,7,126
1023,FAST CONNECT DROP CABLE 100MTS,2024,8,110
1023,FAST CONNECT DROP CABLE 100MTS,2024,9,232
1023,FAST CONNECT DROP CABLE 100MTS,2024,10,130
1023,FAST CONNECT DROP CABLE 100MTS,2024,11,182
1023,FAST CONNECT DROP CABLE 100MTS,2024,12,154
1023,FAST CONNECT DROP CABLE 100MTS,2025,1,242
1023,FAST CONNECT DROP CABLE 100MTS,2025,2,48
1023,FAST CONNECT DROP CABLE 100MTS,2025,3,181
1023,FAST CONNECT DROP CABLE 100MTS,2025,4,128
1023,FAST CONNECT DROP CABLE 100MTS,2025,5,244
1023,FAST CONNECT DROP CABLE 100MTS,2025,6,182
1023,FAST CONNECT DROP CABLE 100MTS,2025,7,139
1023,FAST CONNECT DROP CABLE 100MTS,2025,8,110
1023,FAST CONNECT DROP CABLE 100MTS,2025,9,169
1023,FAST CONNECT DROP CABLE 100MTS,2025,10,83
1024,FASTCONNECT DROP CABLE 150MTS,2018,1,234
1024,FASTCONNECT DROP CABLE 150MTS,2018,2,185
1024,FASTCONNECT DROP CABLE 150MTS,2018,3,201
1024,FASTCONNECT DROP CABLE 150MTS,2018,4,131
1024,FASTCONNECT DROP CABLE 150MTS,2018,5,200
1024,FASTCONNECT DROP CABLE 150MTS,2018,6,176
1024,FASTCONNECT DROP CABLE 150MTS,2018,7,159
1024,FASTCONNECT DROP CABLE 150MTS,2018,8,167
1024,FASTCONNECT DROP CABLE 150MTS,2018,9,162
1024,FASTCONNECT DROP CABLE 150MTS,2018,11,138
1024,FASTCONNECT DROP CABLE 150MTS,2018,12,68
1024,FASTCONNECT DROP CABLE 150MTS,2019,1,127
1024,FASTCONNECT DROP CABLE 150MTS,2019,2,162
1024,FASTCONNECT DROP CABLE 150MTS,2019,3,109
1024,FASTCONNECT DROP CABLE 150MTS,2019,4,151
1024,FASTCONNECT DROP CABLE 150MTS,2019,5,211
1024,FASTCONNECT DROP CABLE 150MTS,2019,6,306
1024,FASTCONNECT DROP CABLE 150MTS,2019,7,120
1024,FASTCONNECT DROP CABLE 150MTS,2019,8,161
1024,FASTCONNECT DROP CABLE 150MTS,2019,9,220
1024,FASTCONNECT DROP CABLE 150MTS,2019,10,105
1024,FASTCONNECT DROP CABLE 150MTS,2019,11,82
1024,FASTCONNECT DROP CABLE 150MTS,2019,12,209
1024,FASTCONNECT DROP CABLE 150MTS,2020,1,96
1024,FASTCONNECT DROP CABLE 150MTS,2020,3,136
1024,FASTCONNECT DROP CABLE 150MTS,2020,4,140
1024,FASTCONNECT DROP CABLE 150MTS,2020,5,81
1024,FASTCONNECT DROP CABLE 150MTS,2020,6,229
1024,FASTCONNECT DROP CABLE 150MTS,2020,7,187
1024,FASTCONNECT DROP CABLE 150MTS,2020,8,182
1024,FASTCONNECT DROP CABLE 150MTS,2020,9,136
1024,FASTCONNECT DROP CABLE 150MTS,2020,10,130
1024,FASTCONNECT DROP CABLE 150MTS,2020,11,179
1024,FASTCONNECT DROP CABLE 150MTS,2020,12,162
1024,FASTCONNECT DROP CABLE 150MTS,2021,1,51
1024,FASTCONNECT DROP CABLE 150MTS,2021,2,195
1024,FASTCONNECT DROP CABLE 150MTS,2021,3,100
1024,FASTCONNECT DROP CABLE 150MTS,2021,5,86
1024,FASTCONNECT DROP CABLE 150MTS,2021,6,230
1024,FASTCONNECT DROP CABLE 150MTS,2021,7,225
1024,FASTCONNECT DROP CABLE 150MTS,2021,8,194
1024,FASTCONNECT DROP CABLE 150MTS,2021,9,251
1024,FASTCONNECT DROP CABLE 150MTS,2021,10,201
1024,FASTCONNECT DROP CABLE 150MTS,2021,11,122
1024,FASTCONNECT DROP CABLE 150MTS,2021,12,124
1024,FASTCONNECT DROP CABLE 150MTS,2022,1,59
1024,FASTCONNECT DROP CABLE 150MTS,2022,2,98
1024,FASTCONNECT DROP CABLE 150MTS,2022,3,175
1024,FASTCONNECT DROP CABLE 150MTS,2022,4,230
1024,FASTCONNECT DROP CABLE 150MTS,2022,5,145
1024,FASTCONNECT DROP CABLE 150MTS,2022,6,195
1024,FASTCONNECT DROP CABLE 150MTS,2022,7,177
1024,FASTCONNECT DROP CABLE 150MTS,2022,8,229
1024,FASTCONNECT DROP CABLE 150MTS,2022,9,238
1024,FASTCONNECT DROP CABLE 150MTS,2022,10,119
1024,FASTCONNECT DROP CABLE 150MTS,2022,11,83
1024,FASTCONNECT DROP CABLE 150MTS,2022,12,124
1024,FASTCONNECT DROP CABLE 150MTS,2023,1,234
1024,FASTCONNECT DROP CABLE 150MTS,2023,2,208
1024,FASTCONNECT DROP CABLE 150MTS,2023,3,193
1024,FASTCONNECT DROP CABLE 150MTS,2023,4,170
1024,FASTCONNECT DROP CABLE 150MTS,2023,5,205
1024,FASTCONNECT DROP CABLE 150MTS,2023,6,274
1024,FASTCONNECT DROP CABLE 150MTS,2023,7,240
1024,FASTCONNECT DROP CABLE 150MTS,2023,8,103
1024,FASTCONNECT DROP CABLE 150MTS,2023,9,152
1024,FASTCONNECT DROP CABLE 150MTS,2023,10,170
1024,FASTCONNECT DROP CABLE 150MTS,2023,11,105
1024,FASTCONNECT DROP CABLE 150MTS,2023,12,101
1024,FASTCONNECT DROP CABLE 150MTS,2024,1,53
1024,FASTCONNECT DROP CABLE 150MTS,2024,2,187
1024,FASTCONNECT DROP CABLE 150MTS,2024,3,55
1024,FASTCONNECT DROP CABLE 150MTS,2024,4,95
1024,FASTCONNECT DROP CABLE 150MTS,2024,6,77
1024,FASTCONNECT DROP CABLE 150MTS,2024,7,335
1024,FASTCONNECT DROP CABLE 150MTS,2024,8,181
1024,FASTCONNECT DROP CABLE 150MTS,2024,9,85
1024,FASTCONNECT DROP CABLE 150MTS,2024,10,219
1024,FASTCONNECT DROP CABLE 150MTS,2024,11,207
1024,FASTCONNECT DROP CABLE 150MTS,2024,12,175
1024,FASTCONNECT DROP CABLE 150MTS,2025,1,215
1024,FASTCONNECT DROP CABLE 150MTS,2025,2,119
1024,FASTCONNECT DROP CABLE 150MTS,2025,3,139
1024,FASTCONNECT DROP CABLE 150MTS,2025,4,47
1024,FASTCONNECT DROP CABLE 150MTS,2025,5,175
1024,FASTCONNECT DROP CABLE 150MTS,2025,6,39
1024,FASTCONNECT DROP CABLE 150MTS,2025,7,247
1024,FASTCONNECT DROP CABLE 150MTS,2025,8,164
1024,FASTCONNECT DROP CABLE 150MTS,2025,9,258
1024,FASTCONNECT DROP CABLE 150MTS,2025,10,84
1025,DECO HD,2018,1,233
1025,DECO HD,2018,2,185
1025,DECO HD,2018,3,34
1025,DECO HD,2018,4,153
1025,DECO HD,2018,5,172
1025,DECO HD,2018,6,80
1025,DECO HD,2018,7,228
1025,DECO HD,2018,8,214
1025,DECO HD,2018,9,151
1025,DECO HD,2018,10,78
1025,DECO HD,2018,11,148
1025,DECO HD,2018,12,108
1025,DECO HD,2019,1,70
1025,DECO HD,2019,2,161
1025,DECO HD,2019,3,166
1025,DECO HD,2019,4,109
1025,DECO HD,2019,5,156
1025,DECO HD,2019,6,133
1025,DECO HD,2019,7,217
1025,DECO HD,2019,8,282
1025,DECO HD,2019,9,120
1025,DECO HD,2019,10,102
1025,DECO HD,2019,11,269
1025,DECO HD,2019,12,160
1025,DECO HD,2020,1,192
1025,DECO HD,2020,2,83
1025,DECO HD,2020,3,86
1025,DECO HD,2020,4,200
1025,DECO HD,2020,5,179
1025,DECO HD,2020,6,207
1025,DECO HD,2020,7,163
1025,DECO HD,2020,8,106
1025,DECO HD,2020,9,220
1025,DECO HD,2020,10,103
1025,DECO HD,2020,11,125
1025,DECO HD,2020,12,184
1025,DECO HD,2021,1,52
1025,DECO HD,2021,2,158
1025,DECO HD,2021,3,147
1025,DECO HD,2021,4,327
1025,DECO HD,2021,5,177
1025,DECO HD,2021,6,204
1025,DECO HD,2021,7,134
1025,DECO HD,2021,8,168
1025,DECO HD,2021,9,120
1025,DECO HD,2021,10,120
1025,DECO HD,2021,11,172
1025,DECO HD,2021,12,80
1025,DECO HD,2022,1,144
1025,DECO HD,2022,2,153
1025,DECO HD,2022,3,230
1025,DECO HD,2022,4,114
1025,DECO HD,2022,5,130
1025,DECO HD,2022,6,220
1025,DECO HD,2022,7,124
1025,DECO HD,2022,8,30
1025,DECO HD,2022,9,248
1025,DECO HD,2022,10,55
1025,DECO HD,2022,11,240
1025,DECO HD,2022,12,87
1025,DECO HD,2023,1,112
1025,DECO HD,2023,2,159
1025,DECO HD,2023,3,153
1025,DECO HD,2023,4,168
1025,DECO HD,2023,5,182
1025,DECO HD,2023,6,94
1025,DECO HD,2023,7,167
1025,DECO HD,2023,8,95
1025,DECO HD,2023,9,124
1025,DECO HD,2023,10,103
1025,DECO HD,2023,11,52
1025,DECO HD,2023,12,57
1025,DECO HD,2024,1,194
1025,DECO HD,2024,2,160
1025,DECO HD,2024,3,181
1025,DECO HD,2024,4,197
1025,DECO HD,2024,5,164
1025,DECO HD,2024,6,84
1025,DECO HD,2024,7,107
1025,DECO HD,2024,8,153
1025,DECO HD,2024,9,136
1025,DECO HD,2024,10,39
1025,DECO HD,2024,11,145
1025,DECO HD,2024,12,240
1025,DECO HD,2025,1,166
1025,DECO HD,2025,2,177
1025,DECO HD,2025,3,306
1025,DECO HD,2025,4,272
1025,DECO HD,2025,5,249
1025,DECO HD,2025,6,155
1025,DECO HD,2025,7,205
1025,DECO HD,2025,8,152
1025,DECO HD,2025,9,224
1025,DECO HD,2025,10,217
1026,DOCSIS 3.1,2018,1,128
1026,DOCSIS 3.1,2018,2,195
1026,DOCSIS 3.1,2018,3,171
1026,DOCSIS 3.1,2018,4,132
1026,DOCSIS 3.1,2018,5,212
1026,DOCSIS 3.1,2018,6,117
1026,DOCSIS 3.1,2018,7,150
1026,DOCSIS 3.1,2018,8,97
1026,DOCSIS 3.1,2018,9,121
1026,DOCSIS 3.1,2018,10,240
1026,DOCSIS 3.1,2018,11,208
1026,DOCSIS 3.1,2018,12,116
1026,DOCSIS 3.1,2019,1,68
1026,DOCSIS 3.1,2019,2,93
1026,DOCSIS 3.1,2019,3,146
1026,DOCSIS 3.1,2019,4,62
1026,DOCSIS 3.1,2019,5,174
1026,DOCSIS 3.1,2019,6,175
1026,DOCSIS 3.1,2019,7,116
1026,DOCSIS 3.1,2019,8,87
1026,DOCSIS 3.1,2019,9,77
1026,DOCSIS 3.1,2019,10,169
1026,DOCSIS 3.1,2019,11,122
1026,DOCSIS 3.1,2019,12,63
1026,DOCSIS 3.1,2020,1,235
1026,DOCSIS 3.1,2020,2,294
1026,DOCSIS 3.1,2020,3,277
1026,DOCSIS 3.1,2020,4,127
1026,DOCSIS 3.1,2020,5,40
1026,DOCSIS 3.1,2020,6,237
1026,DOCSIS 3.1,2020,7,98
1026,DOCSIS 3.1,2020,8,105
1026,DOCSIS 3.1,2020,9,54
1026,DOCSIS 3.1,2020,10,71
1026,DOCSIS 3.1,2020,11,108
1026,DOCSIS 3.1,2020,12,119
1026,DOCSIS 3.1,2021,1,185
1026,DOCSIS 3.1,2021,2,181
1026,DOCSIS 3.1,2021,3,44
1026,DOCSIS 3.1,2021,4,274
1026,DOCSIS 3.1,2021,5,62
1026,DOCSIS 3.1,2021,6,13
1026,DOCSIS 3.1,2021,7,149
1026,DOCSIS 3.1,2021,8,136
1026,DOCSIS 3.1,2021,9,74
1026,DOCSIS 3.1,2021,10,156
1026,DOCSIS 3.1,2021,11,222
1026,DOCSIS 3.1,2021,12,112
1026,DOCSIS 3.1,2022,1,162
1026,DOCSIS 3.1,2022,2,156
1026,DOCSIS 3.1,2022,3,176
1026,DOCSIS 3.1,2022,4,90
1026,DOCSIS 3.1,2022,5,178
1026,DOCSIS 3.1,2022,6,52
1026,DOCSIS 3.1,2022,7,135
1026,DOCSIS 3.1,2022,8,156
1026,DOCSIS 3.1,2022,9,234
1026,DOCSIS 3.1,2022,10,103
1026,DOCSIS 3.1,2022,11,294
1026,DOCSIS 3.1,2022,12,294
1026,DOCSIS 3.1,2023,1,89
1026,DOCSIS 3.1,2023,2,195
1026,DOCSIS 3.1,2023,3,198
1026,DOCSIS 3.1,2023,4,97
1026,DOCSIS 3.1,2023,5,112
1026,DOCSIS 3.1,2023,6,219
1026,DOCSIS 3.1,2023,7,183
1026,DOCSIS 3.1,2023,8,163
1026,DOCSIS 3.1,2023,9,132
1026,DOCSIS 3.1,2023,10,119
1026,DOCSIS 3.1,2023,11,117
1026,DOCSIS 3.1,2023,12,51
1026,DOCSIS 3.1,2024,1,62
1026,DOCSIS 3.1,2024,2,188
1026,DOCSIS 3.1,2024,3,141
1026,DOCSIS 3.1,2024,4,131
1026,DOCSIS 3.1,2024,5,243
1026,DOCSIS 3.1,2024,6,204
1026,DOCSIS 3.1,2024,7,191
1026,DOCSIS 3.1,2024,8,141
1026,DOCSIS 3.1,2024,9,202
1026,DOCSIS 3.1,2024,10,109
1026,DOCSIS 3.1,2024,11,94
1026,DOCSIS 3.1,2024,12,158
1026,DOCSIS 3.1,2025,1,121
1026,DOCSIS 3.1,2025,2,203
1026,DOCSIS 3.1,2025,3,242
1026,DOCSIS 3.1,2025,4,111
1026,DOCSIS 3.1,2025,5,176
1026,DOCSIS 3.1,2025,6,242
1026,DOCSIS 3.1,2025,7,199
1026,DOCSIS 3.1,2025,8,174
1026,DOCSIS 3.1,2025,9,74
1026,DOCSIS 3.1,2025,10,151
1027,DIVISOR INTERIOR 2 VIAS,2018,1,243
1027,DIVISOR INTERIOR 2 VIAS,2018,2,219
1027,DIVISOR INTERIOR 2 VIAS,2018,3,175
1027,DIVISOR INTERIOR 2 VIAS,2018,4,210
1027,DIVISOR INTERIOR 2 VIAS,2018,5,240
1027,DIVISOR INTERIOR 2 VIAS,2018,6,201
1027,DIVISOR INTERIOR 2 VIAS,2018,7,229
1027,DIVISOR INTERIOR 2 VIAS,2018,8,183
1027,DIVISOR INTERIOR 2 VIAS,2018,9,241
1027,DIVISOR INTERIOR 2 VIAS,2018,10,218
1027,DIVISOR INTERIOR 2 VIAS,2018,11,209
1027,DIVISOR INTERIOR 2 VIAS,2018,12,197
1027,DIVISOR INTERIOR 2 VIAS,2019,1,176
1027,DIVISOR INTERIOR 2 VIAS,2019,2,136
1027,DIVISOR INTERIOR 2 VIAS,2019,3,105
1027,DIVISOR INTERIOR 2 VIAS,2019,4,39
1027,DIVISOR INTERIOR 2 VIAS,2019,5,179
1027,DIVISOR INTERIOR 2 VIAS,2019,6,102
1027,DIVISOR INTERIOR 2 VIAS,2019,7,239
1027,DIVISOR INTERIOR 2 VIAS,2019,8,150
1027,DIVISOR INTERIOR 2 VIAS,2019,9,179
1027,DIVISOR INTERIOR 2 VIAS,2019,10,238
1027,DIVISOR INTERIOR 2 VIAS,2019,11,196
1027,DIVISOR INTERIOR 2 VIAS,2019,12,147
1027,DIVISOR INTERIOR 2 VIAS,2020,1,211
1027,DIVISOR INTERIOR 2 VIAS,2020,2,198
1027,DIVISOR INTERIOR 2 VIAS,2020,3,134
1027,DIVISOR INTERIOR 2 VIAS,2020,4,220
1027,DIVISOR INTERIOR 2 VIAS,2020,5,144
1027,DIVISOR INTERIOR 2 VIAS,2020,6,120
1027,DIVISOR INTERIOR 2 VIAS,2020,7,159
1027,DIVISOR INTERIOR 2 VIAS,2020,8,180
1027,DIVISOR INTERIOR 2 VIAS,2020,9,200
1027,DIVISOR INTERIOR 2 VIAS,2020,10,192
1027,DIVISOR INTERIOR 2 VIAS,2020,11,11
1027,DIVISOR INTERIOR 2 VIAS,2020,12,184
1027,DIVISOR INTERIOR 2 VIAS,2021,1,101
1027,DIVISOR INTERIOR 2 VIAS,2021,2,90
1027,DIVISOR INTERIOR 2 VIAS,2021,3,260
1027,DIVISOR INTERIOR 2 VIAS,2021,4,102
1027,DIVISOR INTERIOR 2 VIAS,2021,5,67
1027,DIVISOR INTERIOR 2 VIAS,2021,6,107
1027,DIVISOR INTERIOR 2 VIAS,2021,7,268
1027,DIVISOR INTERIOR 2 VIAS,2021,8,187
1027,DIVISOR INTERIOR 2 VIAS,2021,9,237
1027,DIVISOR INTERIOR 2 VIAS,2021,10,200
1027,DIVISOR INTERIOR 2 VIAS,2021,11,159
1027,DIVISOR INTERIOR 2 VIAS,2021,12,51
1027,DIVISOR INTERIOR 2 VIAS,2022,1,177
1027,DIVISOR INTERIOR 2 VIAS,2022,2,162
1027,DIVISOR INTERIOR 2 VIAS,2022,3,169
1027,DIVISOR INTERIOR 2 VIAS,2022,4,150
1027,DIVISOR INTERIOR 2 VIAS,2022,5,125
1027,DIVISOR INTERIOR 2 VIAS,2022,6,148
1027,DIVISOR INTERIOR 2 VIAS,2022,7,188
1027,DIVISOR INTERIOR 2 VIAS,2022,8,147
1027,DIVISOR INTERIOR 2 VIAS,2022,9,265
1027,DIVISOR INTERIOR 2 VIAS,2022,10,192
1027,DIVISOR INTERIOR 2 VIAS,2022,11,223
1027,DIVISOR INTERIOR 2 VIAS,2022,12,202
1027,DIVISOR INTERIOR 2 VIAS,2023,1,152
1027,DIVISOR INTERIOR 2 VIAS,2023,2,223
1027,DIVISOR INTERIOR 2 VIAS,2023,3,180
1027,DIVISOR INTERIOR 2 VIAS,2023,4,121
1027,DIVISOR INTERIOR 2 VIAS,2023,5,161
1027,DIVISOR INTERIOR 2 VIAS,2023,6,169
1027,DIVISOR INTERIOR 2 VIAS,2023,7,117
1027,DIVISOR INTERIOR 2 VIAS,2023,8,182
1027,DIVISOR INTERIOR 2 VIAS,2023,9,181
1027,DIVISOR INTERIOR 2 VIAS,2023,10,179
1027,DIVISOR INTERIOR 2 VIAS,2023,11,165
1027,DIVISOR INTERIOR 2 VIAS,2023,12,144
1027,DIVISOR INTERIOR 2 VIAS,2024,1,247
1027,DIVISOR INTERIOR 2 VIAS,2024,2,119
1027,DIVISOR INTERIOR 2 VIAS,2024,3,293
1027,DIVISOR INTERIOR 2 VIAS,2024,4,202
1027,DIVISOR INTERIOR 2 VIAS,2024,5,189
1027,DIVISOR INTERIOR 2 VIAS,2024,6,115
1027,DIVISOR INTERIOR 2 VIAS,2024,7,105
1027,DIVISOR INTERIOR 2 VIAS,2024,8,50
1027,DIVISOR INTERIOR 2 VIAS,2024,9,229
1027,DIVISOR INTERIOR 2 VIAS,2024,10,107
1027,DIVISOR INTERIOR 2 VIAS,2024,11,84
1027,DIVISOR INTERIOR 2 VIAS,2024,12,239
1027,DIVISOR INTERIOR 2 VIAS,2025,1,216
1027,DIVISOR INTERIOR 2 VIAS,2025,2,121
1027,DIVISOR INTERIOR 2 VIAS,2025,3,222
1027,DIVISOR INTERIOR 2 VIAS,2025,4,124
1027,DIVISOR INTERIOR 2 VIAS,2025,5,190
1027,DIVISOR INTERIOR 2 VIAS,2025,6,128
1027,DIVISOR INTERIOR 2 VIAS,2025,7,170
1027,DIVISOR INTERIOR 2 VIAS,2025,8,164
1027,DIVISOR INTERIOR 2 VIAS,2025,9,86
1027,DIVISOR INTERIOR 2 VIAS,2025,10,219
1028,CABLE FO 14136796 FAST CONNECT DROP 220M,2018,1,287
1028,CABLE FO 14136796 FAST CONNECT DROP 220M,2018,2,202
1028,CABLE FO 14136796 FAST CONNECT DROP 220M,2018,3,221
1028,CABLE FO 14136796 FAST CONNECT DROP 220M,2018,4,134
1028,CABLE FO 14136796 FAST CONNECT DROP 220M,2018,5,80
1028,CABLE FO 14136796 FAST CONNECT DROP 220M,2018,6,137
1028,CABLE FO 14136796 FAST CONNECT DROP 220M,2018,7,42
1028,CABLE FO 14136796 FAST CONNECT DROP 220M,2018,8,146
1028,CABLE FO 14136796 FAST CONNECT DROP 220M,2018,9,80
1028,CABLE FO 14136796 FAST CONNECT DROP 220M,2018,10,195
1028,CABLE FO 14136796 FAST CONNECT DROP 220M,2018,11,132
1028,CABLE FO 14136796 FAST CONNECT DROP 220M,2018,12,191
1028,CABLE FO 14136796 FAST CONNECT DROP 220M,2019,1,217
1028,CABLE FO 14136796 FAST CONNECT DROP 220M,2019,2,38
1028,CABLE FO 14136796 FAST CONNECT DROP 220M,2019,3,100
1028,CABLE FO 14136796 FAST CONNECT DROP 220M,2019,4,157
1028,CABLE FO 14136796 FAST CONNECT DROP 220M,2019,5,157
1028,CABLE FO 14136796 FAST CONNECT DROP 220M,2019,6,94
1028,CABLE FO 14136796 FAST CONNECT DROP 220M,2019,7,166
1028,CABLE FO 14136796 FAST CONNECT DROP 220M,2019,8,125
1028,CABLE FO 14136796 FAST CONNECT DROP 220M,2019,9,40
1028,CABLE FO 14136796 FAST CONNECT DROP 220M,2019,10,196
1028,CABLE FO 14136796 FAST CONNECT DROP 220M,2019,11,162
1028,CABLE FO 14136796 FAST CONNECT DROP 220M,2019,12,176
1028,CABLE FO 14136796 FAST CONNECT DROP 220M,2020,1,207
1028,CABLE FO 14136796 FAST CONNECT DROP 220M,2020,2,257
1028,CABLE FO 14136796 FAST CONNECT DROP 220M,2020,3,49
1028,CABLE FO 14136796 FAST CONNECT DROP 220M,2020,4,201
1028,CABLE FO 14136796 FAST CONNECT DROP 220M,2020,5,240
1028,CABLE FO 14136796 FAST CONNECT DROP 220M,2020,6,141
1028,CABLE FO 14136796 FAST CONNECT DROP 220M,2020,7,246
1028,CABLE FO 14136796 FAST CONNECT DROP 220M,2020,8,247
1028,CABLE FO 14136796 FAST CONNECT DROP 220M,2020,9,233
1028,CABLE FO 14136796 FAST CONNECT DROP 220M,2020,10,143
1028,CABLE FO 14136796 FAST CONNECT DROP 220M,2020,11,154
1028,CABLE FO 14136796 FAST CONNECT DROP 220M,2020,12,247
1028,CABLE FO 14136796 FAST CONNECT DROP 220M,2021,1,216
1028,CABLE FO 14136796 FAST CONNECT DROP 220M,2021,2,111
1028,CABLE FO 14136796 FAST CONNECT DROP 220M,2021,3,170
1028,CABLE FO 14136796 FAST CONNECT DROP 220M,2021,4,248
1028,CABLE FO 14136796 FAST CONNECT DROP 220M,2021,5,28
1028,CABLE FO 14136796 FAST CONNECT DROP 220M,2021,6,118
1028,CABLE FO 14136796 FAST CONNECT DROP 220M,2021,7,167
1028,CABLE FO 14136796 FAST CONNECT DROP 220M,2021,8,210
1028,CABLE FO 14136796 FAST CONNECT DROP 220M,2021,9,137
1028,CABLE FO 14136796 FAST CONNECT DROP 220M,2021,10,60
1028,CABLE FO 14136796 FAST CONNECT DROP 220M,2021,11,76
1028,CABLE FO 14136796 FAST CONNECT DROP 220M,2021,12,95
1028,CABLE FO 14136796 FAST CONNECT DROP 220M,2022,1,118
1028,CABLE FO 14136796 FAST CONNECT DROP 220M,2022,2,177
1028,CABLE FO 14136796 FAST CONNECT DROP 220M,2022,3,185
1028,CABLE FO 14136796 FAST CONNECT DROP 220M,2022,4,121
1028,CABLE FO 14136796 FAST CONNECT DROP 220M,2022,5,256
1028,CABLE FO 14136796 FAST CONNECT DROP 220M,2022,6,58
1028,CABLE FO 14136796 FAST CONNECT DROP 220M,2022,7,162
1028,CABLE FO 14136796 FAST CONNECT DROP 220M,2022,8,218
1028,CABLE FO 14136796 FAST CONNECT DROP 220M,2022,9,98
1028,CABLE FO 14136796 FAST CONNECT DROP 220M,2022,10,45
1028,CABLE FO 14136796 FAST CONNECT DROP 220M,2022,11,15
1028,CABLE FO 14136796 FAST CONNECT DROP 220M,2022,12,104
1028,CABLE FO 14136796 FAST CONNECT DROP 220M,2023,1,51
1028,CABLE FO 14136796 FAST CONNECT DROP 220M,2023,2,171
1028,CABLE FO 14136796 FAST CONNECT DROP 220M,2023,3,50
1028,CABLE FO 14136796 FAST CONNECT DROP 220M,2023,4,109
1028,CABLE FO 14136796 FAST CONNECT DROP 220M,2023,5,139
1028,CABLE FO 14136796 FAST CONNECT DROP 220M,2023,6,153
1028,CABLE FO 14136796 FAST CONNECT DROP 220M,2023,7,124
1028,CABLE FO 14136796 FAST CONNECT DROP 220M,2023,8,286
1028,CABLE FO 14136796 FAST CONNECT DROP 220M,2023,9,170
1028,CABLE FO 14136796 FAST CONNECT DROP 220M,2023,10,138
1028,CABLE FO 14136796 FAST CONNECT DROP 220M,2023,11,125
1028,CABLE FO 14136796 FAST CONNECT DROP 220M,2023,12,166
1028,CABLE FO 14136796 FAST CONNECT DROP 220M,2024,1,227
1028,CABLE FO 14136796 FAST CONNECT DROP 220M,2024,2,217
1028,CABLE FO 14136796 FAST CONNECT DROP 220M,2024,3,138
1028,CABLE FO 14136796 FAST CONNECT DROP 220M,2024,4,169
1028,CABLE FO 14136796 FAST CONNECT DROP 220M,2024,5,344
1028,CABLE FO 14136796 FAST CONNECT DROP 220M,2024,6,252
1028,CABLE FO 14136796 FAST CONNECT DROP 220M,2024,7,178
1028,CABLE FO 14136796 FAST CONNECT DROP 220M,2024,8,231
1028,CABLE FO 14136796 FAST CONNECT DROP 220M,2024,9,229
1028,CABLE FO 14136796 FAST CONNECT DROP 220M,2024,10,205
1028,CABLE FO 14136796 FAST CONNECT DROP 220M,2024,11,272
1028,CABLE FO 14136796 FAST CONNECT DROP 220M,2024,12,169
1028,CABLE FO 14136796 FAST CONNECT DROP 220M,2025,1,121
1028,CABLE FO 14136796 FAST CONNECT DROP 220M,2025,2,108
1028,CABLE FO 14136796 FAST CONNECT DROP 220M,2025,3,151
1028,CABLE FO 14136796 FAST CONNECT DROP 220M,2025,4,184
1028,CABLE FO 14136796 FAST CONNECT DROP 220M,2025,5,88
1028,CABLE FO 14136796 FAST CONNECT DROP 220M,2025,6,208
1028,CABLE FO 14136796 FAST CONNECT DROP 220M,2025,7,100
1028,CABLE FO 14136796 FAST CONNECT DROP 220M,2025,8,207
1028,CABLE FO 14136796 FAST CONNECT DROP 220M,2025,9,230
1028,CABLE FO 14136796 FAST CONNECT DROP 220M,2025,10,161
1029,CABLE HDMI CHD1-6 MALE TO MALE 2M,2018,1,214
1029,CABLE HDMI CHD1-6 MALE TO MALE 2M,2018,2,75
1029,CABLE HDMI CHD1-6 MALE TO MALE 2M,2018,3,206
1029,CABLE HDMI CHD1-6 MALE TO MALE 2M,2018,4,163
1029,CABLE HDMI CHD1-6 MALE TO MALE 2M,2018,5,172
1029,CABLE HDMI CHD1-6 MALE TO MALE 2M,2018,6,155
1029,CABLE HDMI CHD1-6 MALE TO MALE 2M,2018,7,46
1029,CABLE HDMI CHD1-6 MALE TO MALE 2M,2018,9,115
1029,CABLE HDMI CHD1-6 MALE TO MALE 2M,2018,10,125
1029,CABLE HDMI CHD1-6 MALE TO MALE 2M,2018,11,60
1029,CABLE HDMI CHD1-6 MALE TO MALE 2M,2018,12,160
1029,CABLE HDMI CHD1-6 MALE TO MALE 2M,2019,1,316
1029,CABLE HDMI CHD1-6 MALE TO MALE 2M,2019,2,170
1029,CABLE HDMI CHD1-6 MALE TO MALE 2M,2019,3,108
1029,CABLE HDMI CHD1-6 MALE TO MALE 2M,2019,4,103
1029,CABLE HDMI CHD1-6 MALE TO MALE 2M,2019,5,62
1029,CABLE HDMI CHD1-6 MALE TO MALE 2M,2019,6,237
1029,CABLE HDMI CHD1-6 MALE TO MALE 2M,2019,7,215
1029,CABLE HDMI CHD1-6 MALE TO MALE 2M,2019,8,300
1029,CABLE HDMI CHD1-6 MALE TO MALE 2M,2019,9,155
1029,CABLE HDMI CHD1-6 MALE TO MALE 2M,2019,10,77
1029,CABLE HDMI CHD1-6 MALE TO MALE 2M,2019,11,92
1029,CABLE HDMI CHD1-6 MALE TO MALE 2M,2019,12,195
1029,CABLE HDMI CHD1-6 MALE TO MALE 2M,2020,1,166
1029,CABLE HDMI CHD1-6 MALE TO MALE 2M,2020,2,136
1029,CABLE HDMI CHD1-6 MALE TO MALE 2M,2020,3,163
1029,CABLE HDMI CHD1-6 MALE TO MALE 2M,2020,4,229
1029,CABLE HDMI CHD1-6 MALE TO MALE 2M,2020,5,239
1029,CABLE HDMI CHD1-6 MALE TO MALE 2M,2020,6,129
1029,CABLE HDMI CHD1-6 MALE TO MALE 2M,2020,7,216
1029,CABLE HDMI CHD1-6 MALE TO MALE 2M,2020,8,154
1029,CABLE HDMI CHD1-6 MALE TO MALE 2M,2020,9,145
1029,CABLE HDMI CHD1-6 MALE TO MALE 2M,2020,10,229
1029,CABLE HDMI CHD1-6 MALE TO MALE 2M,2020,11,154
1029,CABLE HDMI CHD1-6 MALE TO MALE 2M,2020,12,274
1029,CABLE HDMI CHD1-6 MALE TO MALE 2M,2021,1,134
1029,CABLE HDMI CHD1-6 MALE TO MALE 2M,2021,2,220
1029,CABLE HDMI CHD1-6 MALE TO MALE 2M,2021,3,179
1029,CABLE HDMI CHD1-6 MALE TO MALE 2M,2021,4,59
1029,CABLE HDMI CHD1-6 MALE TO MALE 2M,2021,5,99
1029,CABLE HDMI CHD1-6 MALE TO MALE 2M,2021,6,174
1029,CABLE HDMI CHD1-6 MALE TO MALE 2M,2021,7,265
1029,CABLE HDMI CHD1-6 MALE TO MALE 2M,2021,8,194
1029,CABLE HDMI CHD1-6 MALE TO MALE 2M,2021,9,266
1029,CABLE HDMI CHD1-6 MALE TO MALE 2M,2021,10,168
1029,CABLE HDMI CHD1-6 MALE TO MALE 2M,2021,11,166
1029,CABLE HDMI CHD1-6 MALE TO MALE 2M,2021,12,110
1029,CABLE HDMI CHD1-6 MALE TO MALE 2M,2022,1,140
1029,CABLE HDMI CHD1-6 MALE TO MALE 2M,2022,2,91
1029,CABLE HDMI CHD1-6 MALE TO MALE 2M,2022,3,168
1029,CABLE HDMI CHD1-6 MALE TO MALE 2M,2022,4,198
1029,CABLE HDMI CHD1-6 MALE TO MALE 2M,2022,5,161
1029,CABLE HDMI CHD1-6 MALE TO MALE 2M,2022,6,129
1029,CABLE HDMI CHD1-6 MALE TO MALE 2M,2022,7,142
1029,CABLE HDMI CHD1-6 MALE TO MALE 2M,2022,8,262
1029,CABLE HDMI CHD1-6 MALE TO MALE 2M,2022,9,211
1029,CABLE HDMI CHD1-6 MALE TO MALE 2M,2022,10,85
1029,CABLE HDMI CHD1-6 MALE TO MALE 2M,2022,11,39
1029,CABLE HDMI CHD1-6 MALE TO MALE 2M,2022,12,202
1029,CABLE HDMI CHD1-6 MALE TO MALE 2M,2023,1,54
1029,CABLE HDMI CHD1-6 MALE TO MALE 2M,2023,2,129
1029,CABLE HDMI CHD1-6 MALE TO MALE 2M,2023,3,73
1029,CABLE HDMI CHD1-6 MALE TO MALE 2M,2023,4,48
1029,CABLE HDMI CHD1-6 MALE TO MALE 2M,2023,5,138
1029,CABLE HDMI CHD1-6 MALE TO MALE 2M,2023,6,274
1029,CABLE HDMI CHD1-6 MALE TO MALE 2M,2023,7,85
1029,CABLE HDMI CHD1-6 MALE TO MALE 2M,2023,8,128
1029,CABLE HDMI CHD1-6 MALE TO MALE 2M,2023,10,152
1029,CABLE HDMI CHD1-6 MALE TO MALE 2M,2023,11,99
1029,CABLE HDMI CHD1-6 MALE TO MALE 2M,2023,12,168
1029,CABLE HDMI CHD1-6 MALE TO MALE 2M,2024,1,205
1029,CABLE HDMI CHD1-6 MALE TO MALE 2M,2024,2,17
1029,CABLE HDMI CHD1-6 MALE TO MALE 2M,2024,3,107
1029,CABLE HDMI CHD1-6 MALE TO MALE 2M,2024,4,267
1029,CABLE HDMI CHD1-6 MALE TO MALE 2M,2024,5,145
1029,CABLE HDMI CHD1-6 MALE TO MALE 2M,2024,6,78
1029,CABLE HDMI CHD1-6 MALE TO MALE 2M,2024,7,77
1029,CABLE HDMI CHD1-6 MALE TO MALE 2M,2024,8,129
1029,CABLE HDMI CHD1-6 MALE TO MALE 2M,2024,10,155
1029,CABLE HDMI CHD1-6 MALE TO MALE 2M,2024,11,141
1029,CABLE HDMI CHD1-6 MALE TO MALE 2M,2024,12,190
1029,CABLE HDMI CHD1-6 MALE TO MALE 2M,2025,1,232
1029,CABLE HDMI CHD1-6 MALE TO MALE 2M,2025,2,93
1029,CABLE HDMI CHD1-6 MALE TO MALE 2M,2025,3,147
1029,CABLE HDMI CHD1-6 MALE TO MALE 2M,2025,4,253
1029,CABLE HDMI CHD1-6 MALE TO MALE 2M,2025,5,131
1029,CABLE HDMI CHD1-6 MALE TO MALE 2M,2025,6,194
1029,CABLE HDMI CHD1-6 MALE TO MALE 2M,2025,7,274
1029,CABLE HDMI CHD1-6 MALE TO MALE 2M,2025,8,173
1029,CABLE HDMI CHD1-6 MALE TO MALE 2M,2025,9,76
1029,CABLE HDMI CHD1-6 MALE TO MALE 2M,2025,10,165
1030,CONTROL REMOTO HFC,2018,1,182
1030,CONTROL REMOTO HFC,2018,2,239
1030,CONTROL REMOTO HFC,2018,3,188
1030,CONTROL REMOTO HFC,2018,4,54
1030,CONTROL REMOTO HFC,2018,5,189
1030,CONTROL REMOTO HFC,2018,6,100
1030,CONTROL REMOTO HFC,2018,7,188
1030,CONTROL REMOTO HFC,2018,8,271
1030,CONTROL REMOTO HFC,2018,9,330
1030,CONTROL REMOTO HFC,2018,10,173
1030,CONTROL REMOTO HFC,2018,11,96
1030,CONTROL REMOTO HFC,2018,12,82
1030,CONTROL REMOTO HFC,2019,1,191
1030,CONTROL REMOTO HFC,2019,2,91
1030,CONTROL REMOTO HFC,2019,3,156
1030,CONTROL REMOTO HFC,2019,4,174
1030,CONTROL REMOTO HFC,2019,5,192
1030,CONTROL REMOTO HFC,2019,6,323
1030,CONTROL REMOTO HFC,2019,7,294
1030,CONTROL REMOTO HFC,2019,8,141
1030,CONTROL REMOTO HFC,2019,9,209
1030,CONTROL REMOTO HFC,2019,10,224
1030,CONTROL REMOTO HFC,2019,11,193
1030,CONTROL REMOTO HFC,2019,12,198
1030,CONTROL REMOTO HFC,2020,1,196
1030,CONTROL REMOTO HFC,2020,2,203
1030,CONTROL REMOTO HFC,2020,3,253
1030,CONTROL REMOTO HFC,2020,4,77
1030,CONTROL REMOTO HFC,2020,5,143
1030,CONTROL REMOTO HFC,2020,6,250
1030,CONTROL REMOTO HFC,2020,7,284
1030,CONTROL REMOTO HFC,2020,8,183
1030,CONTROL REMOTO HFC,2020,9,185
1030,CONTROL REMOTO HFC,2020,10,275
1030,CONTROL REMOTO HFC,2020,11,228
1030,CONTROL REMOTO HFC,2020,12,242
1030,CONTROL REMOTO HFC,2021,1,250
1030,CONTROL REMOTO HFC,2021,2,137
1030,CONTROL REMOTO HFC,2021,3,210
1030,CONTROL REMOTO HFC,2021,4,122
1030,CONTROL REMOTO HFC,2021,5,150
1030,CONTROL REMOTO HFC,2021,6,114
1030,CONTROL REMOTO HFC,2021,7,50
1030,CONTROL REMOTO HFC,2021,8,168
1030,CONTROL REMOTO HFC,2021,9,126
1030,CONTROL REMOTO HFC,2021,10,97
1030,CONTROL REMOTO HFC,2021,11,97
1030,CONTROL REMOTO HFC,2021,12,47
1030,CONTROL REMOTO HFC,2022,1,190
1030,CONTROL REMOTO HFC,2022,2,139
1030,CONTROL REMOTO HFC,2022,3,18
1030,CONTROL REMOTO HFC,2022,4,148
1030,CONTROL REMOTO HFC,2022,5,175
1030,CONTROL REMOTO HFC,2022,6,173
1030,CONTROL REMOTO HFC,2022,7,158
1030,CONTROL REMOTO HFC,2022,8,146
1030,CONTROL REMOTO HFC,2022,9,98
1030,CONTROL REMOTO HFC,2022,10,82
1030,CONTROL REMOTO HFC,2022,11,209
1030,CONTROL REMOTO HFC,2022,12,74
1030,CONTROL REMOTO HFC,2023,1,201
1030,CONTROL REMOTO HFC,2023,2,138
1030,CONTROL REMOTO HFC,2023,3,170
1030,CONTROL REMOTO HFC,2023,4,254
1030,CONTROL REMOTO HFC,2023,5,33
1030,CONTROL REMOTO HFC,2023,6,175
1030,CONTROL REMOTO HFC,2023,7,212
1030,CONTROL REMOTO HFC,2023,8,136
1030,CONTROL REMOTO HFC,2023,9,117
1030,CONTROL REMOTO HFC,2023,10,145
1030,CONTROL REMOTO HFC,2023,11,178
1030,CONTROL REMOTO HFC,2023,12,241
1030,CONTROL REMOTO HFC,2024,1,265
1030,CONTROL REMOTO HFC,2024,2,78
1030,CONTROL REMOTO HFC,2024,3,159
1030,CONTROL REMOTO HFC,2024,4,134
1030,CONTROL REMOTO HFC,2024,5,172
1030,CONTROL REMOTO HFC,2024,6,235
1030,CONTROL REMOTO HFC,2024,7,148
1030,CONTROL REMOTO HFC,2024,8,278
1030,CONTROL REMOTO HFC,2024,9,187
1030,CONTROL REMOTO HFC,2024,10,147
1030,CONTROL REMOTO HFC,2024,11,210
1030,CONTROL REMOTO HFC,2024,12,107
1030,CONTROL REMOTO HFC,2025,1,235
1030,CONTROL REMOTO HFC,2025,2,138
1030,CONTROL REMOTO HFC,2025,3,160
1030,CONTROL REMOTO HFC,2025,4,211
1030,CONTROL REMOTO HFC,2025,5,179
1030,CONTROL REMOTO HFC,2025,6,143
1030,CONTROL REMOTO HFC,2025,7,210
1030,CONTROL REMOTO HFC,2025,8,244
1030,CONTROL REMOTO HFC,2025,9,52
1030,CONTROL REMOTO HFC,2025,10,188
1031,CABLE FO FASTCONNECT DROP 14138979 300M,2018,1,291
1031,CABLE FO FASTCONNECT DROP 14138979 300M,2018,2,331
1031,CABLE FO FASTCONNECT DROP 14138979 300M,2018,3,111
1031,CABLE FO FASTCONNECT DROP 14138979 300M,2018,4,129
1031,CABLE FO FASTCONNECT DROP 14138979 300M,2018,5,119
1031,CABLE FO FASTCONNECT DROP 14138979 300M,2018,6,139
1031,CABLE FO FASTCONNECT DROP 14138979 300M,2018,7,144
1031,CABLE FO FASTCONNECT DROP 14138979 300M,2018,8,90
1031,CABLE FO FASTCONNECT DROP 14138979 300M,2018,9,57
1031,CABLE FO FASTCONNECT DROP 14138979 300M,2018,10,122
1031,CABLE FO FASTCONNECT DROP 14138979 300M,2018,11,139
1031,CABLE FO FASTCONNECT DROP 14138979 300M,2018,12,93
1031,CABLE FO FASTCONNECT DROP 14138979 300M,2019,1,129
1031,CABLE FO FASTCONNECT DROP 14138979 300M,2019,2,119
1031,CABLE FO FASTCONNECT DROP 14138979 300M,2019,3,108
1031,CABLE FO FASTCONNECT DROP 14138979 300M,2019,4,66
1031,CABLE FO FASTCONNECT DROP 14138979 300M,2019,5,114
1031,CABLE FO FASTCONNECT DROP 14138979 300M,2019,6,100
1031,CABLE FO FASTCONNECT DROP 14138979 300M,2019,7,231
1031,CABLE FO FASTCONNECT DROP 14138979 300M,2019,8,88
1031,CABLE FO FASTCONNECT DROP 14138979 300M,2019,9,66
1031,CABLE FO FASTCONNECT DROP 14138979 300M,2019,10,118
1031,CABLE FO FASTCONNECT DROP 14138979 300M,2019,11,85
1031,CABLE FO FASTCONNECT DROP 14138979 300M,2019,12,56
1031,CABLE FO FASTCONNECT DROP 14138979 300M,2020,1,82
1031,CABLE FO FASTCONNECT DROP 14138979 300M,2020,2,95
1031,CABLE FO FASTCONNECT DROP 14138979 300M,2020,3,99
1031,CABLE FO FASTCONNECT DROP 14138979 300M,2020,4,135
1031,CABLE FO FASTCONNECT DROP 14138979 300M,2020,5,116
1031,CABLE FO FASTCONNECT DROP 14138979 300M,2020,6,103
1031,CABLE FO FASTCONNECT DROP 14138979 300M,2020,7,56
1031,CABLE FO FASTCONNECT DROP 14138979 300M,2020,8,343
1031,CABLE FO FASTCONNECT DROP 14138979 300M,2020,9,91
1031,CABLE FO FASTCONNECT DROP 14138979 300M,2020,10,90
1031,CABLE FO FASTCONNECT DROP 14138979 300M,2020,11,202
1031,CABLE FO FASTCONNECT DROP 14138979 300M,2020,12,173
1031,CABLE FO FASTCONNECT DROP 14138979 300M,2021,1,79
1031,CABLE FO FASTCONNECT DROP 14138979 300M,2021,2,275
1031,CABLE FO FASTCONNECT DROP 14138979 300M,2021,3,70
1031,CABLE FO FASTCONNECT DROP 14138979 300M,2021,4,212
1031,CABLE FO FASTCONNECT DROP 14138979 300M,2021,5,136
1031,CABLE FO FASTCONNECT DROP 14138979 300M,2021,6,235
1031,CABLE FO FASTCONNECT DROP 14138979 300M,2021,7,219
1031,CABLE FO FASTCONNECT DROP 14138979 300M,2021,8,86
1031,CABLE FO FASTCONNECT DROP 14138979 300M,2021,9,205
1031,CABLE FO FASTCONNECT DROP 14138979 300M,2021,10,157
1031,CABLE FO FASTCONNECT DROP 14138979 300M,2021,11,245
1031,CABLE FO FASTCONNECT DROP 14138979 300M,2021,12,244
1031,CABLE FO FASTCONNECT DROP 14138979 300M,2022,1,124
1031,CABLE FO FASTCONNECT DROP 14138979 300M,2022,2,131
1031,CABLE FO FASTCONNECT DROP 14138979 300M,2022,3,68
1031,CABLE FO FASTCONNECT DROP 14138979 300M,2022,4,231
1031,CABLE FO FASTCONNECT DROP 14138979 300M,2022,5,128
1031,CABLE FO FASTCONNECT DROP 14138979 300M,2022,6,138
1031,CABLE FO FASTCONNECT DROP 14138979 300M,2022,7,151
1031,CABLE FO FASTCONNECT DROP 14138979 300M,2022,8,116
1031,CABLE FO FASTCONNECT DROP 14138979 300M,2022,9,136
1031,CABLE FO FASTCONNECT DROP 14138979 300M,2022,10,142
1031,CABLE FO FASTCONNECT DROP 14138979 300M,2022,11,121
1031,CABLE FO FASTCONNECT DROP 14138979 300M,2022,12,168
1031,CABLE FO FASTCONNECT DROP 14138979 300M,2023,1,211
1031,CABLE FO FASTCONNECT DROP 14138979 300M,2023,2,237
1031,CABLE FO FASTCONNECT DROP 14138979 300M,2023,3,137
1031,CABLE FO FASTCONNECT DROP 14138979 300M,2023,4,172
1031,CABLE FO FASTCONNECT DROP 14138979 300M,2023,5,158
1031,CABLE FO FASTCONNECT DROP 14138979 300M,2023,6,259
1031,CABLE FO FASTCONNECT DROP 14138979 300M,2023,7,244
1031,CABLE FO FASTCONNECT DROP 14138979 300M,2023,8,213
1031,CABLE FO FASTCONNECT DROP 14138979 300M,2023,9,202
1031,CABLE FO FASTCONNECT DROP 14138979 300M,2023,10,103
1031,CABLE FO FASTCONNECT DROP 14138979 300M,2023,11,178
1031,CABLE FO FASTCONNECT DROP 14138979 300M,2023,12,118
1031,CABLE FO FASTCONNECT DROP 14138979 300M,2024,1,156
1031,CABLE FO FASTCONNECT DROP 14138979 300M,2024,2,111
1031,CABLE FO FASTCONNECT DROP 14138979 300M,2024,3,243
1031,CABLE FO FASTCONNECT DROP 14138979 300M,2024,4,196
1031,CABLE FO FASTCONNECT DROP 14138979 300M,2024,5,220
1031,CABLE FO FASTCONNECT DROP 14138979 300M,2024,6,178
1031,CABLE FO FASTCONNECT DROP 14138979 300M,2024,7,221
1031,CABLE FO FASTCONNECT DROP 14138979 300M,2024,8,205
1031,CABLE FO FASTCONNECT DROP 14138979 300M,2024,9,141
1031,CABLE FO FASTCONNECT DROP 14138979 300M,2024,10,182
1031,CABLE FO FASTCONNECT DROP 14138979 300M,2024,11,142
1031,CABLE FO FASTCONNECT DROP 14138979 300M,2024,12,232
1031,CABLE FO FASTCONNECT DROP 14138979 300M,2025,1,320
1031,CABLE FO FASTCONNECT DROP 14138979 300M,2025,2,149
1031,CABLE FO FASTCONNECT DROP 14138979 300M,2025,3,171
1031,CABLE FO FASTCONNECT DROP 14138979 300M,2025,4,332
1031,CABLE FO FASTCONNECT DROP 14138979 300M,2025,5,247
1031,CABLE FO FASTCONNECT DROP 14138979 300M,2025,6,118
1031,CABLE FO FASTCONNECT DROP 14138979 300M,2025,7,207
1031,CABLE FO FASTCONNECT DROP 14138979 300M,2025,8,44
1031,CABLE FO FASTCONNECT DROP 14138979 300M,2025,9,86
1031,CABLE FO FASTCONNECT DROP 14138979 300M,2025,10,29
1032,SWITCH D-LINK DGS-1008A,2018,1,220
1032,SWITCH D-LINK DGS-1008A,2018,2,198
1032,SWITCH D-LINK DGS-1008A,2018,3,183
1032,SWITCH D-LINK DGS-1008A,2018,4,175
1032,SWITCH D-LINK DGS-1008A,2018,5,200
1032,SWITCH D-LINK DGS-1008A,2018,6,185
1032,SWITCH D-LINK DGS-1008A,2018,7,124
1032,SWITCH D-LINK DGS-1008A,2018,8,105
1032,SWITCH D-LINK DGS-1008A,2018,10,88
1032,SWITCH D-LINK DGS-1008A,2018,11,148
1032,SWITCH D-LINK DGS-1008A,2018,12,153
1032,SWITCH D-LINK DGS-1008A,2019,1,58
1032,SWITCH D-LINK DGS-1008A,2019,2,172
1032,SWITCH D-LINK DGS-1008A,2019,3,169
1032,SWITCH D-LINK DGS-1008A,2019,4,150
1032,SWITCH D-LINK DGS-1008A,2019,5,113
1032,SWITCH D-LINK DGS-1008A,2019,6,122
1032,SWITCH D-LINK DGS-1008A,2019,7,142
1032,SWITCH D-LINK DGS-1008A,2019,8,109
1032,SWITCH D-LINK DGS-1008A,2019,9,164
1032,SWITCH D-LINK DGS-1008A,2019,10,201
1032,SWITCH D-LINK DGS-1008A,2019,11,255
1032,SWITCH D-LINK DGS-1008A,2019,12,198
1032,SWITCH D-LINK DGS-1008A,2020,1,164
1032,SWITCH D-LINK DGS-1008A,2020,2,158
1032,SWITCH D-LINK DGS-1008A,2020,3,213
1032,SWITCH D-LINK DGS-1008A,2020,4,243
1032,SWITCH D-LINK DGS-1008A,2020,5,235
1032,SWITCH D-LINK DGS-1008A,2020,6,122
1032,SWITCH D-LINK DGS-1008A,2020,7,226
1032,SWITCH D-LINK DGS-1008A,2020,8,129
1032,SWITCH D-LINK DGS-1008A,2020,9,107
1032,SWITCH D-LINK DGS-1008A,2020,10,145
1032,SWITCH D-LINK DGS-1008A,2020,11,129
1032,SWITCH D-LINK DGS-1008A,2020,12,208
1032,SWITCH D-LINK DGS-1008A,2021,1,207
1032,SWITCH D-LINK DGS-1008A,2021,2,204
1032,SWITCH D-LINK DGS-1008A,2021,4,146
1032,SWITCH D-LINK DGS-1008A,2021,5,153
1032,SWITCH D-LINK DGS-1008A,2021,6,120
1032,SWITCH D-LINK DGS-1008A,2021,7,156
1032,SWITCH D-LINK DGS-1008A,2021,8,123
1032,SWITCH D-LINK DGS-1008A,2021,9,111
1032,SWITCH D-LINK DGS-1008A,2021,10,237
1032,SWITCH D-LINK DGS-1008A,2021,11,171
1032,SWITCH D-LINK DGS-1008A,2021,12,130
1032,SWITCH D-LINK DGS-1008A,2022,1,118
1032,SWITCH D-LINK DGS-1008A,2022,2,199
1032,SWITCH D-LINK DGS-1008A,2022,3,234
1032,SWITCH D-LINK DGS-1008A,2022,4,191
1032,SWITCH D-LINK DGS-1008A,2022,5,169
1032,SWITCH D-LINK DGS-1008A,2022,6,298
1032,SWITCH D-LINK DGS-1008A,2022,7,276
1032,SWITCH D-LINK DGS-1008A,2022,8,137
1032,SWITCH D-LINK DGS-1008A,2022,9,115
1032,SWITCH D-LINK DGS-1008A,2022,10,145
1032,SWITCH D-LINK DGS-1008A,2022,11,154
1032,SWITCH D-LINK DGS-1008A,2022,12,266
1032,SWITCH D-LINK DGS-1008A,2023,1,228
1032,SWITCH D-LINK DGS-1008A,2023,2,36
1032,SWITCH D-LINK DGS-1008A,2023,3,197
1032,SWITCH D-LINK DGS-1008A,2023,4,195
1032,SWITCH D-LINK DGS-1008A,2023,5,63
1032,SWITCH D-LINK DGS-1008A,2023,6,116
1032,SWITCH D-LINK DGS-1008A,2023,7,309
1032,SWITCH D-LINK DGS-1008A,2023,8,115
1032,SWITCH D-LINK DGS-1008A,2023,9,170
1032,SWITCH D-LINK DGS-1008A,2023,10,181
1032,SWITCH D-LINK DGS-1008A,2023,11,223
1032,SWITCH D-LINK DGS-1008A,2023,12,152
1032,SWITCH D-LINK DGS-1008A,2024,1,232
1032,SWITCH D-LINK DGS-1008A,2024,2,64
1032,SWITCH D-LINK DGS-1008A,2024,3,31
1032,SWITCH D-LINK DGS-1008A,2024,4,55
1032,SWITCH D-LINK DGS-1008A,2024,5,89
1032,SWITCH D-LINK DGS-1008A,2024,6,36
1032,SWITCH D-LINK DGS-1008A,2024,7,125
1032,SWITCH D-LINK DGS-1008A,2024,8,216
1032,SWITCH D-LINK DGS-1008A,2024,9,251
1032,SWITCH D-LINK DGS-1008A,2024,10,294
1032,SWITCH D-LINK DGS-1008A,2024,11,176
1032,SWITCH D-LINK DGS-1008A,2024,12,261
1032,SWITCH D-LINK DGS-1008A,2025,1,262
1032,SWITCH D-LINK DGS-1008A,2025,2,141
1032,SWITCH D-LINK DGS-1008A,2025,3,181
1032,SWITCH D-LINK DGS-1008A,2025,4,147
1032,SWITCH D-LINK DGS-1008A,2025,5,81
1032,SWITCH D-LINK DGS-1008A,2025,6,188
1032,SWITCH D-LINK DGS-1008A,2025,7,226
1032,SWITCH D-LINK DGS-1008A,2025,8,226
1032,SWITCH D-LINK DGS-1008A,2025,9,203
1032,SWITCH D-LINK DGS-1008A,2025,10,45
1033,DOCSIS 3.0,2018,1,192
1033,DOCSIS 3.0,2018,2,103
1033,DOCSIS 3.0,2018,3,161
1033,DOCSIS 3.0,2018,4,235
1033,DOCSIS 3.0,2018,5,213
1033,DOCSIS 3.0,2018,6,229
1033,DOCSIS 3.0,2018,7,200
1033,DOCSIS 3.0,2018,8,130
1033,DOCSIS 3.0,2018,9,58
1033,DOCSIS 3.0,2018,10,227
1033,DOCSIS 3.0,2018,11,102
1033,DOCSIS 3.0,2018,12,98
1033,DOCSIS 3.0,2019,1,106
1033,DOCSIS 3.0,2019,2,235
1033,DOCSIS 3.0,2019,3,167
1033,DOCSIS 3.0,2019,4,210
1033,DOCSIS 3.0,2019,5,82
1033,DOCSIS 3.0,2019,6,168
1033,DOCSIS 3.0,2019,7,166
1033,DOCSIS 3.0,2019,8,186
1033,DOCSIS 3.0,2019,9,115
1033,DOCSIS 3.0,2019,10,116
1033,DOCSIS 3.0,2019,11,150
1033,DOCSIS 3.0,2019,12,211
1033,DOCSIS 3.0,2020,1,138
1033,DOCSIS 3.0,2020,2,58
1033,DOCSIS 3.0,2020,3,50
1033,DOCSIS 3.0,2020,4,153
1033,DOCSIS 3.0,2020,5,218
1033,DOCSIS 3.0,2020,6,138
1033,DOCSIS 3.0,2020,7,57
1033,DOCSIS 3.0,2020,8,115
1033,DOCSIS 3.0,2020,9,122
1033,DOCSIS 3.0,2020,10,100
1033,DOCSIS 3.0,2020,11,142
1033,DOCSIS 3.0,2020,12,143
1033,DOCSIS 3.0,2021,1,235
1033,DOCSIS 3.0,2021,2,105
1033,DOCSIS 3.0,2021,3,97
1033,DOCSIS 3.0,2021,4,132
1033,DOCSIS 3.0,2021,5,199
1033,DOCSIS 3.0,2021,6,168
1033,DOCSIS 3.0,2021,7,151
1033,DOCSIS 3.0,2021,8,211
1033,DOCSIS 3.0,2021,9,190
1033,DOCSIS 3.0,2021,10,178
1033,DOCSIS 3.0,2021,11,247
1033,DOCSIS 3.0,2021,12,159
1033,DOCSIS 3.0,2022,1,96
1033,DOCSIS 3.0,2022,2,158
1033,DOCSIS 3.0,2022,3,170
1033,DOCSIS 3.0,2022,4,173
1033,DOCSIS 3.0,2022,5,175
1033,DOCSIS 3.0,2022,6,245
1033,DOCSIS 3.0,2022,7,203
1033,DOCSIS 3.0,2022,8,258
1033,DOCSIS 3.0,2022,9,44
1033,DOCSIS 3.0,2022,10,158
1033,DOCSIS 3.0,2022,11,150
1033,DOCSIS 3.0,2022,12,218
1033,DOCSIS 3.0,2023,1,167
1033,DOCSIS 3.0,2023,2,121
1033,DOCSIS 3.0,2023,3,129
1033,DOCSIS 3.0,2023,4,217
1033,DOCSIS 3.0,2023,5,209
1033,DOCSIS 3.0,2023,6,94
1033,DOCSIS 3.0,2023,7,201
1033,DOCSIS 3.0,2023,8,183
1033,DOCSIS 3.0,2023,9,162
1033,DOCSIS 3.0,2023,10,73
1033,DOCSIS 3.0,2023,11,213
1033,DOCSIS 3.0,2023,12,209
1033,DOCSIS 3.0,2024,1,75
1033,DOCSIS 3.0,2024,3,200
1033,DOCSIS 3.0,2024,4,261
1033,DOCSIS 3.0,2024,5,117
1033,DOCSIS 3.0,2024,6,179
1033,DOCSIS 3.0,2024,7,174
1033,DOCSIS 3.0,2024,8,157
1033,DOCSIS 3.0,2024,9,122
1033,DOCSIS 3.0,2024,10,207
1033,DOCSIS 3.0,2024,11,160
1033,DOCSIS 3.0,2024,12,146
1033,DOCSIS 3.0,2025,1,156
1033,DOCSIS 3.0,2025,2,205
1033,DOCSIS 3.0,2025,3,147
1033,DOCSIS 3.0,2025,4,172
1033,DOCSIS 3.0,2025,5,94
1033,DOCSIS 3.0,2025,6,107
1033,DOCSIS 3.0,2025,7,89
1033,DOCSIS 3.0,2025,8,142
1033,DOCSIS 3.0,2025,9,101
1033,DOCSIS 3.0,2025,10,104
1034,CABLE COAXIAL RG-6 AUTOSOPORTADO,2018,1,209
1034,CABLE COAXIAL RG-6 AUTOSOPORTADO,2018,2,207
1034,CABLE COAXIAL RG-6 AUTOSOPORTADO,2018,3,198
1034,CABLE COAXIAL RG-6 AUTOSOPORTADO,2018,4,105
1034,CABLE COAXIAL RG-6 AUTOSOPORTADO,2018,5,73
1034,CABLE COAXIAL RG-6 AUTOSOPORTADO,2018,6,197
1034,CABLE COAXIAL RG-6 AUTOSOPORTADO,2018,7,109
1034,CABLE COAXIAL RG-6 AUTOSOPORTADO,2018,8,118
1034,CABLE COAXIAL RG-6 AUTOSOPORTADO,2018,9,220
1034,CABLE COAXIAL RG-6 AUTOSOPORTADO,2018,10,110
1034,CABLE COAXIAL RG-6 AUTOSOPORTADO,2018,11,167
1034,CABLE COAXIAL RG-6 AUTOSOPORTADO,2018,12,73
1034,CABLE COAXIAL RG-6 AUTOSOPORTADO,2019,1,154
1034,CABLE COAXIAL RG-6 AUTOSOPORTADO,2019,2,173
1034,CABLE COAXIAL RG-6 AUTOSOPORTADO,2019,3,209
1034,CABLE COAXIAL RG-6 AUTOSOPORTADO,2019,4,172
1034,CABLE COAXIAL RG-6 AUTOSOPORTADO,2019,5,111
1034,CABLE COAXIAL RG-6 AUTOSOPORTADO,2019,6,112
1034,CABLE COAXIAL RG-6 AUTOSOPORTADO,2019,7,316
1034,CABLE COAXIAL RG-6 AUTOSOPORTADO,2019,8,165
1034,CABLE COAXIAL RG-6 AUTOSOPORTADO,2019,9,176
1034,CABLE COAXIAL RG-6 AUTOSOPORTADO,2019,10,276
1034,CABLE COAXIAL RG-6 AUTOSOPORTADO,2019,11,206
1034,CABLE COAXIAL RG-6 AUTOSOPORTADO,2019,12,184
1034,CABLE COAXIAL RG-6 AUTOSOPORTADO,2020,1,174
1034,CABLE COAXIAL RG-6 AUTOSOPORTADO,2020,2,110
1034,CABLE COAXIAL RG-6 AUTOSOPORTADO,2020,3,312
1034,CABLE COAXIAL RG-6 AUTOSOPORTADO,2020,4,267
1034,CABLE COAXIAL RG-6 AUTOSOPORTADO,2020,5,128
1034,CABLE COAXIAL RG-6 AUTOSOPORTADO,2020,6,204
1034,CABLE COAXIAL RG-6 AUTOSOPORTADO,2020,7,111
1034,CABLE COAXIAL RG-6 AUTOSOPORTADO,2020,8,174
1034,CABLE COAXIAL RG-6 AUTOSOPORTADO,2020,9,192
1034,CABLE COAXIAL RG-6 AUTOSOPORTADO,2020,10,224
1034,CABLE COAXIAL RG-6 AUTOSOPORTADO,2020,11,214
1034,CABLE COAXIAL RG-6 AUTOSOPORTADO,2020,12,142
1034,CABLE COAXIAL RG-6 AUTOSOPORTADO,2021,1,179
1034,CABLE COAXIAL RG-6 AUTOSOPORTADO,2021,2,138
1034,CABLE COAXIAL RG-6 AUTOSOPORTADO,2021,3,254
1034,CABLE COAXIAL RG-6 AUTOSOPORTADO,2021,4,189
1034,CABLE COAXIAL RG-6 AUTOSOPORTADO,2021,5,173
1034,CABLE COAXIAL RG-6 AUTOSOPORTADO,2021,6,199
1034,CABLE COAXIAL RG-6 AUTOSOPORTADO,2021,7,166
1034,CABLE COAXIAL RG-6 AUTOSOPORTADO,2021,8,192
1034,CABLE COAXIAL RG-6 AUTOSOPORTADO,2021,9,210
1034,CABLE COAXIAL RG-6 AUTOSOPORTADO,2021,10,211
1034,CABLE COAXIAL RG-6 AUTOSOPORTADO,2021,11,256
1034,CABLE COAXIAL RG-6 AUTOSOPORTADO,2021,12,183
1034,CABLE COAXIAL RG-6 AUTOSOPORTADO,2022,1,223
1034,CABLE COAXIAL RG-6 AUTOSOPORTADO,2022,2,128
1034,CABLE COAXIAL RG-6 AUTOSOPORTADO,2022,3,102
1034,CABLE COAXIAL RG-6 AUTOSOPORTADO,2022,4,95
1034,CABLE COAXIAL RG-6 AUTOSOPORTADO,2022,5,175
1034,CABLE COAXIAL RG-6 AUTOSOPORTADO,2022,6,132
1034,CABLE COAXIAL RG-6 AUTOSOPORTADO,2022,7,47
1034,CABLE COAXIAL RG-6 AUTOSOPORTADO,2022,8,118
1034,CABLE COAXIAL RG-6 AUTOSOPORTADO,2022,9,186
1034,CABLE COAXIAL RG-6 AUTOSOPORTADO,2022,10,111
1034,CABLE COAXIAL RG-6 AUTOSOPORTADO,2022,11,227
1034,CABLE COAXIAL RG-6 AUTOSOPORTADO,2022,12,160
1034,CABLE COAXIAL RG-6 AUTOSOPORTADO,2023,1,185
1034,CABLE COAXIAL RG-6 AUTOSOPORTADO,2023,2,71
1034,CABLE COAXIAL RG-6 AUTOSOPORTADO,2023,3,78
1034,CABLE COAXIAL RG-6 AUTOSOPORTADO,2023,4,135
1034,CABLE COAXIAL RG-6 AUTOSOPORTADO,2023,5,137
1034,CABLE COAXIAL RG-6 AUTOSOPORTADO,2023,6,218
1034,CABLE COAXIAL RG-6 AUTOSOPORTADO,2023,7,271
1034,CABLE COAXIAL RG-6 AUTOSOPORTADO,2023,8,48
1034,CABLE COAXIAL RG-6 AUTOSOPORTADO,2023,9,158
1034,CABLE COAXIAL RG-6 AUTOSOPORTADO,2023,10,172
1034,CABLE COAXIAL RG-6 AUTOSOPORTADO,2023,11,262
1034,CABLE COAXIAL RG-6 AUTOSOPORTADO,2023,12,183
1034,CABLE COAXIAL RG-6 AUTOSOPORTADO,2024,1,170
1034,CABLE COAXIAL RG-6 AUTOSOPORTADO,2024,2,206
1034,CABLE COAXIAL RG-6 AUTOSOPORTADO,2024,3,296
1034,CABLE COAXIAL RG-6 AUTOSOPORTADO,2024,4,101
1034,CABLE COAXIAL RG-6 AUTOSOPORTADO,2024,5,139
1034,CABLE COAXIAL RG-6 AUTOSOPORTADO,2024,6,190
1034,CABLE COAXIAL RG-6 AUTOSOPORTADO,2024,7,66
1034,CABLE COAXIAL RG-6 AUTOSOPORTADO,2024,8,218
1034,CABLE COAXIAL RG-6 AUTOSOPORTADO,2024,9,270
1034,CABLE COAXIAL RG-6 AUTOSOPORTADO,2024,10,218
1034,CABLE COAXIAL RG-6 AUTOSOPORTADO,2024,11,165
1034,CABLE COAXIAL RG-6 AUTOSOPORTADO,2024,12,168
1034,CABLE COAXIAL RG-6 AUTOSOPORTADO,2025,1,220
1034,CABLE COAXIAL RG-6 AUTOSOPORTADO,2025,2,286
1034,CABLE COAXIAL RG-6 AUTOSOPORTADO,2025,3,232
1034,CABLE COAXIAL RG-6 AUTOSOPORTADO,2025,4,167
1034,CABLE COAXIAL RG-6 AUTOSOPORTADO,2025,5,74
1034,CABLE COAXIAL RG-6 AUTOSOPORTADO,2025,6,104
1034,CABLE COAXIAL RG-6 AUTOSOPORTADO,2025,7,195
1034,CABLE COAXIAL RG-6 AUTOSOPORTADO,2025,8,188
1034,CABLE COAXIAL RG-6 AUTOSOPORTADO,2025,9,260
1034,CABLE COAXIAL RG-6 AUTOSOPORTADO,2025,10,155
1035,CONECTOR RJ-11,2018,1,282
1035,CONECTOR RJ-11,2018,2,177
1035,CONECTOR RJ-11,2018,3,182
1035,CONECTOR RJ-11,2018,4,120
1035,CONECTOR RJ-11,2018,5,106
1035,CONECTOR RJ-11,2018,6,145
1035,CONECTOR RJ-11,2018,7,208
1035,CONECTOR RJ-11,2018,8,44
1035,CONECTOR RJ-11,2018,9,126
1035,CONECTOR RJ-11,2018,10,161
1035,CONECTOR RJ-11,2018,11,100
1035,CONECTOR RJ-11,2018,12,151
1035,CONECTOR RJ-11,2019,1,217
1035,CONECTOR RJ-11,2019,2,209
1035,CONECTOR RJ-11,2019,3,101
1035,CONECTOR RJ-11,2019,4,264
1035,CONECTOR RJ-11,2019,5,202
1035,CONECTOR RJ-11,2019,6,146
1035,CONECTOR RJ-11,2019,8,121
1035,CONECTOR RJ-11,2019,9,218
1035,CONECTOR RJ-11,2019,10,174
1035,CONECTOR RJ-11,2019,11,237
1035,CONECTOR RJ-11,2019,12,224
1035,CONECTOR RJ-11,2020,1,168
1035,CONECTOR RJ-11,2020,2,136
1035,CONECTOR RJ-11,2020,3,238
1035,CONECTOR RJ-11,2020,4,101
1035,CONECTOR RJ-11,2020,5,198
1035,CONECTOR RJ-11,2020,6,159
1035,CONECTOR RJ-11,2020,7,246
1035,CONECTOR RJ-11,2020,8,204
1035,CONECTOR RJ-11,2020,9,128
1035,CONECTOR RJ-11,2020,10,173
1035,CONECTOR RJ-11,2020,11,94
1035,CONECTOR RJ-11,2020,12,182
1035,CONECTOR RJ-11,2021,1,137
1035,CONECTOR RJ-11,2021,2,88
1035,CONECTOR RJ-11,2021,3,69
1035,CONECTOR RJ-11,2021,4,117
1035,CONECTOR RJ-11,2021,5,146
1035,CONECTOR RJ-11,2021,6,126
1035,CONECTOR RJ-11,2021,7,214
1035,CONECTOR RJ-11,2021,8,196
1035,CONECTOR RJ-11,2021,9,64
1035,CONECTOR RJ-11,2021,10,99
1035,CONECTOR RJ-11,2021,11,125
1035,CONECTOR RJ-11,2021,12,212
1035,CONECTOR RJ-11,2022,1,265
1035,CONECTOR RJ-11,2022,2,237
1035,CONECTOR RJ-11,2022,3,98
1035,CONECTOR RJ-11,2022,4,166
1035,CONECTOR RJ-11,2022,5,63
1035,CONECTOR RJ-11,2022,6,221
1035,CONECTOR RJ-11,2022,7,114
1035,CONECTOR RJ-11,2022,8,96
1035,CONECTOR RJ-11,2022,9,45
1035,CONECTOR RJ-11,2022,11,108
1035,CONECTOR RJ-11,2022,12,4
1035,CONECTOR RJ-11,2023,1,55
1035,CONECTOR RJ-11,2023,2,162
1035,CONECTOR RJ-11,2023,3,158
1035,CONECTOR RJ-11,2023,4,71
1035,CONECTOR RJ-11,2023,5,68
1035,CONECTOR RJ-11,2023,6,65
1035,CONECTOR RJ-11,2023,7,140
1035,CONECTOR RJ-11,2023,8,166
1035,CONECTOR RJ-11,2023,9,242
1035,CONECTOR RJ-11,2023,10,101
1035,CONECTOR RJ-11,2023,11,82
1035,CONECTOR RJ-11,2023,12,235
1035,CONECTOR RJ-11,2024,1,116
1035,CONECTOR RJ-11,2024,2,45
1035,CONECTOR RJ-11,2024,3,37
1035,CONECTOR RJ-11,2024,4,27
1035,CONECTOR RJ-11,2024,5,208
1035,CONECTOR RJ-11,2024,6,127
1035,CONECTOR RJ-11,2024,7,202
1035,CONECTOR RJ-11,2024,8,45
1035,CONECTOR RJ-11,2024,9,178
1035,CONECTOR RJ-11,2024,10,34
1035,CONECTOR RJ-11,2024,11,266
1035,CONECTOR RJ-11,2024,12,191
1035,CONECTOR RJ-11,2025,1,159
1035,CONECTOR RJ-11,2025,2,113
1035,CONECTOR RJ-11,2025,3,117
1035,CONECTOR RJ-11,2025,4,54
1035,CONECTOR RJ-11,2025,5,41
1035,CONECTOR RJ-11,2025,6,92
1035,CONECTOR RJ-11,2025,7,105
1035,CONECTOR RJ-11,2025,8,101
1035,CONECTOR RJ-11,2025,9,115
1035,CONECTOR RJ-11,2025,10,133
1036,INDOOR DROP CABLE PER METER,2018,1,227
1036,INDOOR DROP CABLE PER METER,2018,2,194
1036,INDOOR DROP CABLE PER METER,2018,3,134
1036,INDOOR DROP CABLE PER METER,2018,4,88
1036,INDOOR DROP CABLE PER METER,2018,5,161
1036,INDOOR DROP CABLE PER METER,2018,6,180
1036,INDOOR DROP CABLE PER METER,2018,7,210
1036,INDOOR DROP CABLE PER METER,2018,8,241
1036,INDOOR DROP CABLE PER METER,2018,9,218
1036,INDOOR DROP CABLE PER METER,2018,10,185
1036,INDOOR DROP CABLE PER METER,2018,11,208
1036,INDOOR DROP CABLE PER METER,2018,12,193
1036,INDOOR DROP CABLE PER METER,2019,1,152
1036,INDOOR DROP CABLE PER METER,2019,2,112
1036,INDOOR DROP CABLE PER METER,2019,3,265
1036,INDOOR DROP CABLE PER METER,2019,4,83
1036,INDOOR DROP CABLE PER METER,2019,6,181
1036,INDOOR DROP CABLE PER METER,2019,7,125
1036,INDOOR DROP CABLE PER METER,2019,8,95
1036,INDOOR DROP CABLE PER METER,2019,9,95
1036,INDOOR DROP CABLE PER METER,2019,10,47
1036,INDOOR DROP CABLE PER METER,2019,11,111
1036,INDOOR DROP CABLE PER METER,2019,12,106
1036,INDOOR DROP CABLE PER METER,2020,1,117
1036,INDOOR DROP CABLE PER METER,2020,2,188
1036,INDOOR DROP CABLE PER METER,2020,3,44
1036,INDOOR DROP CABLE PER METER,2020,4,170
1036,INDOOR DROP CABLE PER METER,2020,5,142
1036,INDOOR DROP CABLE PER METER,2020,6,70
1036,INDOOR DROP CABLE PER METER,2020,7,54
1036,INDOOR DROP CABLE PER METER,2020,8,143
1036,INDOOR DROP CABLE PER METER,2020,9,47
1036,INDOOR DROP CABLE PER METER,2020,10,121
1036,INDOOR DROP CABLE PER METER,2020,11,238
1036,INDOOR DROP CABLE PER METER,2020,12,219
1036,INDOOR DROP CABLE PER METER,2021,1,20
1036,INDOOR DROP CABLE PER METER,2021,2,193
1036,INDOOR DROP CABLE PER METER,2021,3,68
1036,INDOOR DROP CABLE PER METER,2021,4,210
1036,INDOOR DROP CABLE PER METER,2021,5,205
1036,INDOOR DROP CABLE PER METER,2021,6,56
1036,INDOOR DROP CABLE PER METER,2021,7,185
1036,INDOOR DROP CABLE PER METER,2021,8,95
1036,INDOOR DROP CABLE PER METER,2021,9,241
1036,INDOOR DROP CABLE PER METER,2021,10,140
1036,INDOOR DROP CABLE PER METER,2021,11,151
1036,INDOOR DROP CABLE PER METER,2021,12,180
1036,INDOOR DROP CABLE PER METER,2022,1,173
1036,INDOOR DROP CABLE PER METER,2022,2,71
1036,INDOOR DROP CABLE PER METER,2022,3,229
1036,INDOOR DROP CABLE PER METER,2022,4,184
1036,INDOOR DROP CABLE PER METER,2022,5,205
1036,INDOOR DROP CABLE PER METER,2022,6,99
1036,INDOOR DROP CABLE PER METER,2022,7,19
1036,INDOOR DROP CABLE PER METER,2022,8,126
1036,INDOOR DROP CABLE PER METER,2022,9,187
1036,INDOOR DROP CABLE PER METER,2022,10,133
1036,INDOOR DROP CABLE PER METER,2022,11,111
1036,INDOOR DROP CABLE PER METER,2022,12,197
1036,INDOOR DROP CABLE PER METER,2023,1,159
1036,INDOOR DROP CABLE PER METER,2023,2,166
1036,INDOOR DROP CABLE PER METER,2023,3,123
1036,INDOOR DROP CABLE PER METER,2023,4,152
1036,INDOOR DROP CABLE PER METER,2023,5,173
1036,INDOOR DROP CABLE PER METER,2023,6,96
1036,INDOOR DROP CABLE PER METER,2023,7,110
1036,INDOOR DROP CABLE PER METER,2023,8,146
1036,INDOOR DROP CABLE PER METER,2023,9,166
1036,INDOOR DROP CABLE PER METER,2023,10,293
1036,INDOOR DROP CABLE PER METER,2023,11,164
1036,INDOOR DROP CABLE PER METER,2023,12,103
1036,INDOOR DROP CABLE PER METER,2024,1,54
1036,INDOOR DROP CABLE PER METER,2024,2,56
1036,INDOOR DROP CABLE PER METER,2024,3,212
1036,INDOOR DROP CABLE PER METER,2024,4,122
1036,INDOOR DROP CABLE PER METER,2024,5,248
1036,INDOOR DROP CABLE PER METER,2024,6,189
1036,INDOOR DROP CABLE PER METER,2024,7,283
1036,INDOOR DROP CABLE PER METER,2024,8,92
1036,INDOOR DROP CABLE PER METER,2024,9,292
1036,INDOOR DROP CABLE PER METER,2024,10,117
1036,INDOOR DROP CABLE PER METER,2024,11,103
1036,INDOOR DROP CABLE PER METER,2024,12,51
1036,INDOOR DROP CABLE PER METER,2025,1,240
1036,INDOOR DROP CABLE PER METER,2025,2,106
1036,INDOOR DROP CABLE PER METER,2025,3,78
1036,INDOOR DROP CABLE PER METER,2025,4,255
1036,INDOOR DROP CABLE PER METER,2025,5,159
1036,INDOOR DROP CABLE PER METER,2025,6,117
1036,INDOOR DROP CABLE PER METER,2025,7,215
1036,INDOOR DROP CABLE PER METER,2025,8,173
1036,INDOOR DROP CABLE PER METER,2025,9,234
1036,INDOOR DROP CABLE PER METER,2025,10,151
1037,ROSETA TELEFONICA CON GEL,2018,1,189
1037,ROSETA TELEFONICA CON GEL,2018,2,149
1037,ROSETA TELEFONICA CON GEL,2018,3,39
1037,ROSETA TELEFONICA CON GEL,2018,4,136
1037,ROSETA TELEFONICA CON GEL,2018,5,248
1037,ROSETA TELEFONICA CON GEL,2018,6,40
1037,ROSETA TELEFONICA CON GEL,2018,7,246
1037,ROSETA TELEFONICA CON GEL,2018,8,118
1037,ROSETA TELEFONICA CON GEL,2018,9,108
1037,ROSETA TELEFONICA CON GEL,2018,10,211
1037,ROSETA TELEFONICA CON GEL,2018,11,163
1037,ROSETA TELEFONICA CON GEL,2018,12,174
1037,ROSETA TELEFONICA CON GEL,2019,1,168
1037,ROSETA TELEFONICA CON GEL,2019,2,118
1037,ROSETA TELEFONICA CON GEL,2019,3,114
1037,ROSETA TELEFONICA CON GEL,2019,4,47
1037,ROSETA TELEFONICA CON GEL,2019,5,127
1037,ROSETA TELEFONICA CON GEL,2019,6,87
1037,ROSETA TELEFONICA CON GEL,2019,7,259
1037,ROSETA TELEFONICA CON GEL,2019,8,267
1037,ROSETA TELEFONICA CON GEL,2019,9,95
1037,ROSETA TELEFONICA CON GEL,2019,10,110
1037,ROSETA TELEFONICA CON GEL,2019,11,146
1037,ROSETA TELEFONICA CON GEL,2019,12,73
1037,ROSETA TELEFONICA CON GEL,2020,1,148
1037,ROSETA TELEFONICA CON GEL,2020,2,63
1037,ROSETA TELEFONICA CON GEL,2020,3,300
1037,ROSETA TELEFONICA CON GEL,2020,4,143
1037,ROSETA TELEFONICA CON GEL,2020,5,49
1037,ROSETA TELEFONICA CON GEL,2020,6,149
1037,ROSETA TELEFONICA CON GEL,2020,7,120
1037,ROSETA TELEFONICA CON GEL,2020,8,127
1037,ROSETA TELEFONICA CON GEL,2020,9,250
1037,ROSETA TELEFONICA CON GEL,2020,10,106
1037,ROSETA TELEFONICA CON GEL,2020,11,72
1037,ROSETA TELEFONICA CON GEL,2020,12,127
1037,ROSETA TELEFONICA CON GEL,2021,1,52
1037,ROSETA TELEFONICA CON GEL,2021,2,152
1037,ROSETA TELEFONICA CON GEL,2021,3,204
1037,ROSETA TELEFONICA CON GEL,2021,4,151
1037,ROSETA TELEFONICA CON GEL,2021,5,196
1037,ROSETA TELEFONICA CON GEL,2021,6,85
1037,ROSETA TELEFONICA CON GEL,2021,7,67
1037,ROSETA TELEFONICA CON GEL,2021,8,83
1037,ROSETA TELEFONICA CON GEL,2021,9,198
1037,ROSETA TELEFONICA CON GEL,2021,10,145
1037,ROSETA TELEFONICA CON GEL,2021,11,268
1037,ROSETA TELEFONICA CON GEL,2021,12,208
1037,ROSETA TELEFONICA CON GEL,2022,1,52
1037,ROSETA TELEFONICA CON GEL,2022,2,71
1037,ROSETA TELEFONICA CON GEL,2022,3,49
1037,ROSETA TELEFONICA CON GEL,2022,4,58
1037,ROSETA TELEFONICA CON GEL,2022,5,140
1037,ROSETA TELEFONICA CON GEL,2022,6,141
1037,ROSETA TELEFONICA CON GEL,2022,7,243
1037,ROSETA TELEFONICA CON GEL,2022,8,194
1037,ROSETA TELEFONICA CON GEL,2022,9,242
1037,ROSETA TELEFONICA CON GEL,2022,10,257
1037,ROSETA TELEFONICA CON GEL,2022,11,230
1037,ROSETA TELEFONICA CON GEL,2022,12,93
1037,ROSETA TELEFONICA CON GEL,2023,2,190
1037,ROSETA TELEFONICA CON GEL,2023,3,225
1037,ROSETA TELEFONICA CON GEL,2023,4,109
1037,ROSETA TELEFONICA CON GEL,2023,5,52
1037,ROSETA TELEFONICA CON GEL,2023,6,95
1037,ROSETA TELEFONICA CON GEL,2023,7,207
1037,ROSETA TELEFONICA CON GEL,2023,8,109
1037,ROSETA TELEFONICA CON GEL,2023,9,142
1037,ROSETA TELEFONICA CON GEL,2023,10,112
1037,ROSETA TELEFONICA CON GEL,2023,11,37
1037,ROSETA TELEFONICA CON GEL,2023,12,174
1037,ROSETA TELEFONICA CON GEL,2024,1,161
1037,ROSETA TELEFONICA CON GEL,2024,2,117
1037,ROSETA TELEFONICA CON GEL,2024,3,40
1037,ROSETA TELEFONICA CON GEL,2024,4,129
1037,ROSETA TELEFONICA CON GEL,2024,5,37
1037,ROSETA TELEFONICA CON GEL,2024,6,45
1037,ROSETA TELEFONICA CON GEL,2024,7,174
1037,ROSETA TELEFONICA CON GEL,2024,8,218
1037,ROSETA TELEFONICA CON GEL,2024,9,196
1037,ROSETA TELEFONICA CON GEL,2024,10,77
1037,ROSETA TELEFONICA CON GEL,2024,11,90
1037,ROSETA TELEFONICA CON GEL,2024,12,98
1037,ROSETA TELEFONICA CON GEL,2025,1,191
1037,ROSETA TELEFONICA CON GEL,2025,2,165
1037,ROSETA TELEFONICA CON GEL,2025,3,178
1037,ROSETA TELEFONICA CON GEL,2025,4,171
1037,ROSETA TELEFONICA CON GEL,2025,5,149
1037,ROSETA TELEFONICA CON GEL,2025,7,136
1037,ROSETA TELEFONICA CON GEL,2025,8,82
1037,ROSETA TELEFONICA CON GEL,2025,9,39
1037,ROSETA TELEFONICA CON GEL,2025,10,58
1038,CABLE CONDUMEX TELEF INTERIOR 2/22 AWG,2018,1,231
1038,CABLE CONDUMEX TELEF INTERIOR 2/22 AWG,2018,2,204
1038,CABLE CONDUMEX TELEF INTERIOR 2/22 AWG,2018,3,190
1038,CABLE CONDUMEX TELEF INTERIOR 2/22 AWG,2018,4,217
1038,CABLE CONDUMEX TELEF INTERIOR 2/22 AWG,2018,5,315
1038,CABLE CONDUMEX TELEF INTERIOR 2/22 AWG,2018,6,108
1038,CABLE CONDUMEX TELEF INTERIOR 2/22 AWG,2018,7,120
1038,CABLE CONDUMEX TELEF INTERIOR 2/22 AWG,2018,8,125
1038,CABLE CONDUMEX TELEF INTERIOR 2/22 AWG,2018,9,16
1038,CABLE CONDUMEX TELEF INTERIOR 2/22 AWG,2018,10,148
1038,CABLE CONDUMEX TELEF INTERIOR 2/22 AWG,2018,11,105
1038,CABLE CONDUMEX TELEF INTERIOR 2/22 AWG,2018,12,191
1038,CABLE CONDUMEX TELEF INTERIOR 2/22 AWG,2019,1,152
1038,CABLE CONDUMEX TELEF INTERIOR 2/22 AWG,2019,2,154
1038,CABLE CONDUMEX TELEF INTERIOR 2/22 AWG,2019,3,46
1038,CABLE CONDUMEX TELEF INTERIOR 2/22 AWG,2019,4,80
1038,CABLE CONDUMEX TELEF INTERIOR 2/22 AWG,2019,5,86
1038,CABLE CONDUMEX TELEF INTERIOR 2/22 AWG,2019,6,205
1038,CABLE CONDUMEX TELEF INTERIOR 2/22 AWG,2019,7,251
1038,CABLE CONDUMEX TELEF INTERIOR 2/22 AWG,2019,8,191
1038,CABLE CONDUMEX TELEF INTERIOR 2/22 AWG,2019,9,274
1038,CABLE CONDUMEX TELEF INTERIOR 2/22 AWG,2019,10,59
1038,CABLE CONDUMEX TELEF INTERIOR 2/22 AWG,2019,11,143
1038,CABLE CONDUMEX TELEF INTERIOR 2/22 AWG,2019,12,161
1038,CABLE CONDUMEX TELEF INTERIOR 2/22 AWG,2020,1,182
1038,CABLE CONDUMEX TELEF INTERIOR 2/22 AWG,2020,2,229
1038,CABLE CONDUMEX TELEF INTERIOR 2/22 AWG,2020,3,266
1038,CABLE CONDUMEX TELEF INTERIOR 2/22 AWG,2020,4,88
1038,CABLE CONDUMEX TELEF INTERIOR 2/22 AWG,2020,5,186
1038,CABLE CONDUMEX TELEF INTERIOR 2/22 AWG,2020,6,95
1038,CABLE CONDUMEX TELEF INTERIOR 2/22 AWG,2020,7,40
1038,CABLE CONDUMEX TELEF INTERIOR 2/22 AWG,2020,8,217
1038,CABLE CONDUMEX TELEF INTERIOR 2/22 AWG,2020,9,165
1038,CABLE CONDUMEX TELEF INTERIOR 2/22 AWG,2020,10,185
1038,CABLE CONDUMEX TELEF INTERIOR 2/22 AWG,2020,11,255
1038,CABLE CONDUMEX TELEF INTERIOR 2/22 AWG,2020,12,295
1038,CABLE CONDUMEX TELEF INTERIOR 2/22 AWG,2021,1,232
1038,CABLE CONDUMEX TELEF INTERIOR 2/22 AWG,2021,2,217
1038,CABLE CONDUMEX TELEF INTERIOR 2/22 AWG,2021,3,179
1038,CABLE CONDUMEX TELEF INTERIOR 2/22 AWG,2021,4,190
1038,CABLE CONDUMEX TELEF INTERIOR 2/22 AWG,2021,5,89
1038,CABLE CONDUMEX TELEF INTERIOR 2/22 AWG,2021,6,128
1038,CABLE CONDUMEX TELEF INTERIOR 2/22 AWG,2021,7,159
1038,CABLE CONDUMEX TELEF INTERIOR 2/22 AWG,2021,8,205
1038,CABLE CONDUMEX TELEF INTERIOR 2/22 AWG,2021,9,161
1038,CABLE CONDUMEX TELEF INTERIOR 2/22 AWG,2021,10,181
1038,CABLE CONDUMEX TELEF INTERIOR 2/22 AWG,2021,11,276
1038,CABLE CONDUMEX TELEF INTERIOR 2/22 AWG,2021,12,225
1038,CABLE CONDUMEX TELEF INTERIOR 2/22 AWG,2022,1,147
1038,CABLE CONDUMEX TELEF INTERIOR 2/22 AWG,2022,2,167
1038,CABLE CONDUMEX TELEF INTERIOR 2/22 AWG,2022,3,90
1038,CABLE CONDUMEX TELEF INTERIOR 2/22 AWG,2022,4,88
1038,CABLE CONDUMEX TELEF INTERIOR 2/22 AWG,2022,5,168
1038,CABLE CONDUMEX TELEF INTERIOR 2/22 AWG,2022,6,109
1038,CABLE CONDUMEX TELEF INTERIOR 2/22 AWG,2022,7,234
1038,CABLE CONDUMEX TELEF INTERIOR 2/22 AWG,2022,8,187
1038,CABLE CONDUMEX TELEF INTERIOR 2/22 AWG,2022,9,108
1038,CABLE CONDUMEX TELEF INTERIOR 2/22 AWG,2022,10,328
1038,CABLE CONDUMEX TELEF INTERIOR 2/22 AWG,2022,11,164
1038,CABLE CONDUMEX TELEF INTERIOR 2/22 AWG,2022,12,262
1038,CABLE CONDUMEX TELEF INTERIOR 2/22 AWG,2023,1,287
1038,CABLE CONDUMEX TELEF INTERIOR 2/22 AWG,2023,2,169
1038,CABLE CONDUMEX TELEF INTERIOR 2/22 AWG,2023,3,236
1038,CABLE CONDUMEX TELEF INTERIOR 2/22 AWG,2023,4,171
1038,CABLE CONDUMEX TELEF INTERIOR 2/22 AWG,2023,5,103
1038,CABLE CONDUMEX TELEF INTERIOR 2/22 AWG,2023,6,130
1038,CABLE CONDUMEX TELEF INTERIOR 2/22 AWG,2023,7,186
1038,CABLE CONDUMEX TELEF INTERIOR 2/22 AWG,2023,8,104
1038,CABLE CONDUMEX TELEF INTERIOR 2/22 AWG,2023,9,286
1038,CABLE CONDUMEX TELEF INTERIOR 2/22 AWG,2023,10,212
1038,CABLE CONDUMEX TELEF INTERIOR 2/22 AWG,2023,11,70
1038,CABLE CONDUMEX TELEF INTERIOR 2/22 AWG,2023,12,86
1038,CABLE CONDUMEX TELEF INTERIOR 2/22 AWG,2024,1,90
1038,CABLE CONDUMEX TELEF INTERIOR 2/22 AWG,2024,2,43
1038,CABLE CONDUMEX TELEF INTERIOR 2/22 AWG,2024,3,88
1038,CABLE CONDUMEX TELEF INTERIOR 2/22 AWG,2024,4,134
1038,CABLE CONDUMEX TELEF INTERIOR 2/22 AWG,2024,5,104
1038,CABLE CONDUMEX TELEF INTERIOR 2/22 AWG,2024,6,141
1038,CABLE CONDUMEX TELEF INTERIOR 2/22 AWG,2024,7,156
1038,CABLE CONDUMEX TELEF INTERIOR 2/22 AWG,2024,8,99
1038,CABLE CONDUMEX TELEF INTERIOR 2/22 AWG,2024,9,140
1038,CABLE CONDUMEX TELEF INTERIOR 2/22 AWG,2024,10,178
1038,CABLE CONDUMEX TELEF INTERIOR 2/22 AWG,2024,11,76
1038,CABLE CONDUMEX TELEF INTERIOR 2/22 AWG,2024,12,160
1038,CABLE CONDUMEX TELEF INTERIOR 2/22 AWG,2025,1,88
1038,CABLE CONDUMEX TELEF INTERIOR 2/22 AWG,2025,2,157
1038,CABLE CONDUMEX TELEF INTERIOR 2/22 AWG,2025,3,187
1038,CABLE CONDUMEX TELEF INTERIOR 2/22 AWG,2025,4,61
1038,CABLE CONDUMEX TELEF INTERIOR 2/22 AWG,2025,5,191
1038,CABLE CONDUMEX TELEF INTERIOR 2/22 AWG,2025,6,252
1038,CABLE CONDUMEX TELEF INTERIOR 2/22 AWG,2025,7,147
1038,CABLE CONDUMEX TELEF INTERIOR 2/22 AWG,2025,8,176
1038,CABLE CONDUMEX TELEF INTERIOR 2/22 AWG,2025,9,132
1038,CABLE CONDUMEX TELEF INTERIOR 2/22 AWG,2025,10,130
1039,CAJA DE EMPALME DROP BOX-1 QTK,2018,1,224
1039,CAJA DE EMPALME DROP BOX-1 QTK,2018,2,200
1039,CAJA DE EMPALME DROP BOX-1 QTK,2018,3,115
1039,CAJA DE EMPALME DROP BOX-1 QTK,2018,4,100
1039,CAJA DE EMPALME DROP BOX-1 QTK,2018,5,65
1039,CAJA DE EMPALME DROP BOX-1 QTK,2018,6,159
1039,CAJA DE EMPALME DROP BOX-1 QTK,2018,7,76
1039,CAJA DE EMPALME DROP BOX-1 QTK,2018,8,123
1039,CAJA DE EMPALME DROP BOX-1 QTK,2018,9,244
1039,CAJA DE EMPALME DROP BOX-1 QTK,2018,10,275
1039,CAJA DE EMPALME DROP BOX-1 QTK,2018,11,64
1039,CAJA DE EMPALME DROP BOX-1 QTK,2018,12,138
1039,CAJA DE EMPALME DROP BOX-1 QTK,2019,1,169
1039,CAJA DE EMPALME DROP BOX-1 QTK,2019,2,208
1039,CAJA DE EMPALME DROP BOX-1 QTK,2019,3,212
1039,CAJA DE EMPALME DROP BOX-1 QTK,2019,4,144
1039,CAJA DE EMPALME DROP BOX-1 QTK,2019,5,43
1039,CAJA DE EMPALME DROP BOX-1 QTK,2019,6,45
1039,CAJA DE EMPALME DROP BOX-1 QTK,2019,7,189
1039,CAJA DE EMPALME DROP BOX-1 QTK,2019,8,92
1039,CAJA DE EMPALME DROP BOX-1 QTK,2019,9,255
1039,CAJA DE EMPALME DROP BOX-1 QTK,2019,10,157
1039,CAJA DE EMPALME DROP BOX-1 QTK,2019,11,168
1039,CAJA DE EMPALME DROP BOX-1 QTK,2019,12,196
1039,CAJA DE EMPALME DROP BOX-1 QTK,2020,1,148
1039,CAJA DE EMPALME DROP BOX-1 QTK,2020,2,113
1039,CAJA DE EMPALME DROP BOX-1 QTK,2020,3,280
1039,CAJA DE EMPALME DROP BOX-1 QTK,2020,4,135
1039,CAJA DE EMPALME DROP BOX-1 QTK,2020,5,131
1039,CAJA DE EMPALME DROP BOX-1 QTK,2020,6,159
1039,CAJA DE EMPALME DROP BOX-1 QTK,2020,7,64
1039,CAJA DE EMPALME DROP BOX-1 QTK,2020,8,196
1039,CAJA DE EMPALME DROP BOX-1 QTK,2020,9,203
1039,CAJA DE EMPALME DROP BOX-1 QTK,2020,10,220
1039,CAJA DE EMPALME DROP BOX-1 QTK,2020,11,250
1039,CAJA DE EMPALME DROP BOX-1 QTK,2020,12,7
1039,CAJA DE EMPALME DROP BOX-1 QTK,2021,1,149
1039,CAJA DE EMPALME DROP BOX-1 QTK,2021,2,51
1039,CAJA DE EMPALME DROP BOX-1 QTK,2021,3,56
1039,CAJA DE EMPALME DROP BOX-1 QTK,2021,4,163
1039,CAJA DE EMPALME DROP BOX-1 QTK,2021,5,117
1039,CAJA DE EMPALME DROP BOX-1 QTK,2021,6,136
1039,CAJA DE EMPALME DROP BOX-1 QTK,2021,7,144
1039,CAJA DE EMPALME DROP BOX-1 QTK,2021,8,171
1039,CAJA DE EMPALME DROP BOX-1 QTK,2021,9,103
1039,CAJA DE EMPALME DROP BOX-1 QTK,2021,10,235
1039,CAJA DE EMPALME DROP BOX-1 QTK,2021,11,197
1039,CAJA DE EMPALME DROP BOX-1 QTK,2021,12,219
1039,CAJA DE EMPALME DROP BOX-1 QTK,2022,1,249
1039,CAJA DE EMPALME DROP BOX-1 QTK,2022,2,131
1039,CAJA DE EMPALME DROP BOX-1 QTK,2022,3,103
1039,CAJA DE EMPALME DROP BOX-1 QTK,2022,4,85
1039,CAJA DE EMPALME DROP BOX-1 QTK,2022,5,178
1039,CAJA DE EMPALME DROP BOX-1 QTK,2022,6,72
1039,CAJA DE EMPALME DROP BOX-1 QTK,2022,7,135
1039,CAJA DE EMPALME DROP BOX-1 QTK,2022,8,224
1039,CAJA DE EMPALME DROP BOX-1 QTK,2022,9,277
1039,CAJA DE EMPALME DROP BOX-1 QTK,2022,10,166
1039,CAJA DE EMPALME DROP BOX-1 QTK,2022,11,267
1039,CAJA DE EMPALME DROP BOX-1 QTK,2022,12,224
1039,CAJA DE EMPALME DROP BOX-1 QTK,2023,1,236
1039,CAJA DE EMPALME DROP BOX-1 QTK,2023,2,96
1039,CAJA DE EMPALME DROP BOX-1 QTK,2023,3,208
1039,CAJA DE EMPALME DROP BOX-1 QTK,2023,4,57
1039,CAJA DE EMPALME DROP BOX-1 QTK,2023,5,179
1039,CAJA DE EMPALME DROP BOX-1 QTK,2023,6,170
1039,CAJA DE EMPALME DROP BOX-1 QTK,2023,7,205
1039,CAJA DE EMPALME DROP BOX-1 QTK,2023,8,248
1039,CAJA DE EMPALME DROP BOX-1 QTK,2023,9,224
1039,CAJA DE EMPALME DROP BOX-1 QTK,2023,10,197
1039,CAJA DE EMPALME DROP BOX-1 QTK,2023,11,114
1039,CAJA DE EMPALME DROP BOX-1 QTK,2023,12,109
1039,CAJA DE EMPALME DROP BOX-1 QTK,2024,1,89
1039,CAJA DE EMPALME DROP BOX-1 QTK,2024,2,182
1039,CAJA DE EMPALME DROP BOX-1 QTK,2024,3,151
1039,CAJA DE EMPALME DROP BOX-1 QTK,2024,5,131
1039,CAJA DE EMPALME DROP BOX-1 QTK,2024,6,106
1039,CAJA DE EMPALME DROP BOX-1 QTK,2024,7,191
1039,CAJA DE EMPALME DROP BOX-1 QTK,2024,8,137
1039,CAJA DE EMPALME DROP BOX-1 QTK,2024,9,147
1039,CAJA DE EMPALME DROP BOX-1 QTK,2024,10,181
1039,CAJA DE EMPALME DROP BOX-1 QTK,2024,11,200
1039,CAJA DE EMPALME DROP BOX-1 QTK,2024,12,100
1039,CAJA DE EMPALME DROP BOX-1 QTK,2025,1,200
1039,CAJA DE EMPALME DROP BOX-1 QTK,2025,2,162
1039,CAJA DE EMPALME DROP BOX-1 QTK,2025,3,197
1039,CAJA DE EMPALME DROP BOX-1 QTK,2025,4,168
1039,CAJA DE EMPALME DROP BOX-1 QTK,2025,5,174
1039,CAJA DE EMPALME DROP BOX-1 QTK,2025,6,50
1039,CAJA DE EMPALME DROP BOX-1 QTK,2025,7,94
1039,CAJA DE EMPALME DROP BOX-1 QTK,2025,8,230
1039,CAJA DE EMPALME DROP BOX-1 QTK,2025,9,129
1039,CAJA DE EMPALME DROP BOX-1 QTK,2025,10,62
